Municipality_Name,Emission_Type,Population_Start,Population_End,Population_Change_%,CWB_Change_%,Total_Emissions_Change_%,PerCapita_Emissions_Change_%,Tapio_Index_Total,Tapio_Index_PerCapita,Diff_Index_Total,Diff_Index_PerCapita,Category_Tapio_Index_Total,Category_Tapio_Index_PerCapita,Category_Diff_Index_Total,Category_Diff_Index_PerCapita,Total_Agreement,PerCapita_Agreement
Abbotsford,Transportation,133497.0,153524.0,15.001835247234022,2.564102564102564,21.769978813620796,5.885248310895602,8.490291737312111,2.295246841249285,-19.205876249518234,-3.3211457467930385,Negative decoupling,Negative decoupling,Negative decoupling,Negative decoupling,True,True
Alert Bay,Transportation,445.0,449.0,0.8988764044943821,2.631578947368421,13.165108885047855,12.156956467363694,5.002741376318186,4.619643457598204,-10.533529937679434,-9.525377519995272,Negative decoupling,Negative decoupling,Negative decoupling,Negative decoupling,True,True
Anmore,Transportation,2092.0,2356.0,12.619502868068832,0.0,14.007480501514044,1.2324487305464265,100.0,100.0,-14.007480501514044,-1.2324487305464265,Strong negative decoupling,Strong negative decoupling,Strong negative decoupling,Strong negative decoupling,True,True
Armstrong,Transportation,4815.0,5323.0,10.55036344755971,5.194805194805195,-1.0978163073382083,-10.536536825067335,-0.2113296391626051,-2.028283338825462,6.292621502143403,15.73134201987253,Strong decoupling,Strong decoupling,Strong decoupling,Strong decoupling,True,True
Ashcroft,Transportation,1628.0,1670.0,2.5798525798525795,-1.2987012987012987,-11.760594203437222,-13.979788840237001,9.055657536646661,10.764437406982491,10.461892904735922,12.681087541535703,Recessive decoupling,Recessive decoupling,Recessive decoupling,Recessive decoupling,True,True
Belcarra,Transportation,644.0,687.0,6.6770186335403725,-1.098901098901099,-2.024199381008863,-8.156600293114572,1.8420214367180652,7.42250626673426,0.925298282107764,7.057699194213473,Recessive decoupling,Recessive decoupling,Recessive decoupling,Recessive decoupling,True,True
Bowen Island,Transportation,3402.0,4256.0,25.102880658436217,3.4482758620689653,-4.480760349455868,-23.647449884597947,-1.2994205013422018,-6.857760466533405,7.929036211524833,27.09572574666691,Strong decoupling,Strong decoupling,Strong decoupling,Strong decoupling,True,True
Burnaby,Transportation,223218.0,249125.0,11.60614287378258,3.75,-6.2933929092830825,-16.03812776086042,-1.6782381091421554,-4.276834069562779,10.043392909283082,19.78812776086042,Strong decoupling,Strong decoupling,Strong decoupling,Strong decoupling,True,True
Burns Lake,Transportation,2029.0,1659.0,-18.235584031542633,9.45945945945946,0.823388454894741,23.30961734477482,0.0870439223745869,2.4641595478761955,8.63607100456472,-13.850157885315362,Weak decoupling,Negative decoupling,Weak decoupling,Negative decoupling,True,True
Cache Creek,Transportation,1040.0,969.0,-6.826923076923077,0.0,108.0105389454527,123.25176522525368,100.0,100.0,-108.0105389454527,-123.25176522525368,Strong negative decoupling,Strong negative decoupling,Strong negative decoupling,Strong negative decoupling,True,True
Campbell River,Transportation,31186.0,35519.0,13.894055024690566,3.8461538461538463,12.648741176601842,-1.093396707860448,3.2886727059164786,-0.2842831440437165,-8.802587330447995,4.9395505540142945,Negative decoupling,Strong decoupling,Negative decoupling,Strong decoupling,True,True
Canal Flats,Transportation,715.0,802.0,12.167832167832168,-2.5316455696202533,29.321863731500347,15.293182753145572,-11.582136173942637,-6.040807187492501,-31.8535093011206,-17.824828322765825,Strong negative decoupling,Strong negative decoupling,Strong negative decoupling,Strong negative decoupling,True,True
Castlegar,Transportation,7816.0,8338.0,6.678607983623337,2.5316455696202533,8.937602783332144,2.1175705630275883,3.5303530994161965,0.8364403723958973,-6.405957213711891,0.41407500659266505,Negative decoupling,Weak decoupling,Negative decoupling,Weak decoupling,True,True
Central Saanich,Transportation,15936.0,17385.0,9.092620481927712,3.571428571428571,15.112744766823166,5.518360690485706,4.231568534710487,1.5451409933359979,-11.541316195394595,-1.9469321190571351,Negative decoupling,Negative decoupling,Negative decoupling,Negative decoupling,True,True
Chase,Transportation,2495.0,2399.0,-3.847695390781563,2.666666666666667,-5.306008890207031,-1.5166703547588778,-1.9897533338276365,-0.5687513830345791,7.972675556873698,4.183337021425545,Strong decoupling,Strong decoupling,Strong decoupling,Strong decoupling,True,True
Chetwynd,Transportation,2635.0,2302.0,-12.637571157495255,2.5316455696202533,8.764555033353176,24.49808971020226,3.461999238174504,9.676745435529893,-6.2329094637329225,-21.96644414058201,Negative decoupling,Negative decoupling,Negative decoupling,Negative decoupling,True,True
Chilliwack,Transportation,77936.0,93203.0,19.58915007185383,3.8461538461538463,16.99937234059169,-2.165562452535278,4.41983680855384,-0.5630462376591723,-13.153218494437844,6.011716298689125,Negative decoupling,Strong decoupling,Negative decoupling,Strong decoupling,True,True
Clinton,Transportation,636.0,568.0,-10.69182389937107,1.3888888888888888,21.182037018307696,35.689745675429045,15.251066653181542,25.696616886308913,-19.793148129418807,-34.30085678654016,Negative decoupling,Negative decoupling,Negative decoupling,Negative decoupling,True,True
Coldstream,Transportation,10314.0,11171.0,8.309094434748884,3.6585365853658534,5.006446293668612,-3.049280541321444,1.368428653602754,-0.8334700146278614,-1.3479097083027582,6.7078171266872975,Negative decoupling,Strong decoupling,Negative decoupling,Strong decoupling,True,True
Colwood,Transportation,16093.0,18961.0,17.82141303672404,2.4390243902439024,19.153875203172728,1.1309168105405232,7.853088833300818,0.4636758923216145,-16.714850812928827,1.3081075797033792,Negative decoupling,Weak decoupling,Negative decoupling,Weak decoupling,True,True
Comox,Transportation,13627.0,14806.0,8.651940999486314,2.4390243902439024,15.413016674567912,6.2226920319017305,6.319336836572844,2.5513037330797097,-12.973992284324009,-3.783667641657828,Negative decoupling,Negative decoupling,Negative decoupling,Negative decoupling,True,True
Coquitlam,Transportation,126456.0,148625.0,17.530998924527108,2.4390243902439024,-9.211639314972174,-22.753689225999135,-3.7767721191385917,-9.329012582659646,11.650663705216077,25.192713616243037,Strong decoupling,Strong decoupling,Strong decoupling,Strong decoupling,True,True
Courtenay,Transportation,24099.0,28420.0,17.930204572803852,5.128205128205128,10.403735836364476,-6.382138285695023,2.028728488091073,-1.2445169657105295,-5.275530708159348,11.51034341390015,Negative decoupling,Strong decoupling,Negative decoupling,Strong decoupling,True,True
Cranbrook,Transportation,19319.0,20499.0,6.107976603343858,3.79746835443038,1.949332822942174,-3.9192565097604835,0.5133243100414391,-1.032070880903594,1.848135531488206,7.716724864190864,Weak decoupling,Strong decoupling,Weak decoupling,Strong decoupling,True,True
Creston,Transportation,5306.0,5583.0,5.2205050885789674,3.9473684210526314,6.5488527438180695,1.262441815994747,1.6590426951005777,0.3198185933853359,-2.601484322765438,2.6849266050578846,Negative decoupling,Weak decoupling,Negative decoupling,Weak decoupling,True,True
Cumberland,Transportation,3398.0,4447.0,30.87110064743967,9.210526315789473,73.86377178735172,32.851157304569654,8.019495222626759,3.5666970787818486,-64.65324547156226,-23.64063098878018,Negative decoupling,Negative decoupling,Negative decoupling,Negative decoupling,True,True
Dawson Creek,Transportation,11583.0,12323.0,6.388673055339722,1.2658227848101267,16.44281382329312,9.45038647368371,12.989822920401563,7.465805314210131,-15.176991038482992,-8.184563688873585,Negative decoupling,Negative decoupling,Negative decoupling,Negative decoupling,True,True
Delta,Transportation,99863.0,108455.0,8.603787188448173,2.4390243902439024,-8.075209417311061,-15.357656521515226,-3.310835861097535,-6.296639173821243,10.514233807554964,17.79668091175913,Strong decoupling,Strong decoupling,Strong decoupling,Strong decoupling,True,True
Duncan,Transportation,4932.0,5047.0,2.331711273317113,2.631578947368421,1.3255434897615526,-0.9832414322361718,0.50370652610939,-0.3736317442497453,1.3060354576068682,3.6148203796045926,Weak decoupling,Strong decoupling,Weak decoupling,Strong decoupling,True,True
Elkford,Transportation,2523.0,2749.0,8.957590170432026,1.1904761904761905,82.04865008570196,67.0821186490455,68.92086607198965,56.34897966519822,-80.85817389522578,-65.89164245856931,Negative decoupling,Negative decoupling,Negative decoupling,Negative decoupling,True,True
Enderby,Transportation,2932.0,3028.0,3.2742155525238745,2.666666666666667,-1.4964664078540646,-4.61943180575565,-0.5611749029452742,-1.7322869271583687,4.163133074520731,7.286098472422317,Strong decoupling,Strong decoupling,Strong decoupling,Strong decoupling,True,True
Esquimalt,Transportation,16209.0,17533.0,8.16830156086125,3.7037037037037033,6.835720342429516,-1.2319516893606262,1.8456444924559696,-0.3326269561273691,-3.132016638725813,4.935655393064329,Negative decoupling,Strong decoupling,Negative decoupling,Strong decoupling,True,True
Fernie,Transportation,4448.0,6320.0,42.086330935251794,1.1764705882352942,19.57828343150308,-15.841106850739598,16.64154091677762,-13.464940823128657,-18.401812843267788,17.017577438974893,Negative decoupling,Strong decoupling,Negative decoupling,Strong decoupling,True,True
Fort St. James,Transportation,1691.0,1386.0,-18.03666469544648,8.108108108108109,-10.311629579430301,9.424988731012514,-1.271767648129737,1.1624152768248766,18.419737687538408,-1.3168806229044048,Strong decoupling,Negative decoupling,Strong decoupling,Negative decoupling,True,True
Fort St. John,Transportation,18609.0,21465.0,15.347412542318233,1.2345679012345678,4.933215920203895,-9.028548098808558,3.9959048953651553,-7.3131239600349325,-3.698648018969327,10.263116000043127,Negative decoupling,Strong decoupling,Negative decoupling,Strong decoupling,True,True
Fraser Lake,Transportation,1167.0,965.0,-17.309340188517567,2.631578947368421,12.09508235136228,35.559545185533445,4.596131293517667,13.51262717050271,-9.463503403993858,-32.92796623816503,Negative decoupling,Negative decoupling,Negative decoupling,Negative decoupling,True,True
Fruitvale,Transportation,2016.0,1958.0,-2.876984126984127,6.493506493506493,19.88764708006792,23.4389665543498,3.06269765033046,3.60960084936987,-13.394140586561429,-16.94546006084331,Negative decoupling,Negative decoupling,Negative decoupling,Negative decoupling,True,True
Gibsons,Transportation,4437.0,4758.0,7.234617985125085,3.7037037037037033,21.41705097532263,13.225610587958487,5.782603763337111,3.5709148587487918,-17.71334727161893,-9.521906884254783,Negative decoupling,Negative decoupling,Negative decoupling,Negative decoupling,True,True
Gold River,Transportation,1267.0,1246.0,-1.6574585635359116,-2.5,23.43612717842499,25.516511344353493,-9.374450871369996,-10.206604537741397,-25.93612717842499,-28.016511344353493,Strong negative decoupling,Strong negative decoupling,Strong negative decoupling,Strong negative decoupling,True,True
Golden,Transportation,3701.0,3986.0,7.7006214536611735,2.4691358024691357,5.973184741288529,-1.603924554061998,2.4191398202218544,-0.6495894443951092,-3.5040489388193934,4.073060356531133,Negative decoupling,Strong decoupling,Negative decoupling,Strong decoupling,True,True
Grand Forks,Transportation,3985.0,4112.0,3.1869510664993723,5.333333333333334,-5.147545182948326,-8.077083549136447,-0.965164721802811,-1.5144531654630835,10.48087851628166,13.41041688246978,Strong decoupling,Strong decoupling,Strong decoupling,Strong decoupling,True,True
Granisle,Transportation,303.0,337.0,11.221122112211221,-1.4084507042253522,11.982787099208306,0.6848204482496077,-8.507778840437897,-0.48622251825722146,-13.391237803433658,-2.09327115247496,Strong negative decoupling,Strong negative decoupling,Strong negative decoupling,Strong negative decoupling,True,True
Greenwood,Transportation,708.0,702.0,-0.847457627118644,1.4285714285714286,-9.304654822333847,-8.529480931926441,-6.513258375633693,-5.970636652348508,10.733226250905275,9.95805236049787,Strong decoupling,Strong decoupling,Strong decoupling,Strong decoupling,True,True
Harrison Hot Springs,Transportation,1468.0,1905.0,29.768392370572204,3.79746835443038,7.092687159647777,-17.47398175833967,1.8677409520405812,-4.601481863029446,-3.2952188052173974,21.271450112770047,Negative decoupling,Strong decoupling,Negative decoupling,Strong decoupling,True,True
Hazelton,Transportation,270.0,257.0,-4.814814814814815,-2.2988505747126435,26.538215966221234,32.93898175439584,-11.544123945306238,-14.328457063162192,-28.837066540933876,-35.237832329108485,Strong negative decoupling,Strong negative decoupling,Strong negative decoupling,Strong negative decoupling,True,True
Highlands,Transportation,2120.0,2482.0,17.075471698113205,0.0,52.693528892893994,30.42315924775797,100.0,100.0,-52.693528892893994,-30.42315924775797,Strong negative decoupling,Strong negative decoupling,Strong negative decoupling,Strong negative decoupling,True,True
Hope,Transportation,5969.0,6686.0,12.012062321996984,2.666666666666667,4.657088414284541,-6.566233810220701,1.7464081553567026,-2.4623376788327627,-1.9904217476178738,9.232900476887368,Negative decoupling,Strong decoupling,Negative decoupling,Strong decoupling,True,True
Houston,Transportation,3147.0,3052.0,-3.0187480139815697,0.0,23.263321199949935,27.10015459247786,100.0,100.0,-23.263321199949935,-27.10015459247786,Strong negative decoupling,Strong negative decoupling,Strong negative decoupling,Strong negative decoupling,True,True
Hudson's Hope,Transportation,970.0,841.0,-13.29896907216495,1.25,30.589156569198423,50.62007356970568,24.47132525535874,40.496058855764545,-29.339156569198423,-49.37007356970568,Negative decoupling,Negative decoupling,Negative decoupling,Negative decoupling,True,True
Invermere,Transportation,2955.0,3917.0,32.55499153976311,2.4390243902439024,202.15605017379406,127.94769677394984,82.88398057125556,52.45855567731944,-199.71702578355016,-125.50867238370594,Negative decoupling,Negative decoupling,Negative decoupling,Negative decoupling,True,True
Kamloops,Transportation,85678.0,97902.0,14.267373187982912,2.4691358024691357,2.654093370499403,-10.163250885603487,1.0749078150522584,-4.1161166086694125,-0.18495756803026753,12.632386688072623,Negative decoupling,Strong decoupling,Negative decoupling,Strong decoupling,True,True
Kaslo,Transportation,1026.0,1049.0,2.241715399610136,8.108108108108109,0.23841317024482764,-1.9593785389216498,0.02940429099686207,-0.24165668646700345,7.869694937863281,10.067486647029758,Weak decoupling,Strong decoupling,Weak decoupling,Strong decoupling,True,True
Kelowna,Transportation,117312.0,144576.0,23.24058919803601,3.7037037037037033,10.439684402372604,-10.38692274920364,2.8187147886406034,-2.804469142284983,-6.735980698668901,14.090626452907344,Negative decoupling,Strong decoupling,Negative decoupling,Strong decoupling,True,True
Kent,Transportation,5664.0,6300.0,11.228813559322035,3.8461538461538463,36.07991994066673,22.342328022847045,9.380779184573349,5.8090052859402315,-32.23376609451288,-18.4961741766932,Negative decoupling,Negative decoupling,Negative decoupling,Negative decoupling,True,True
Keremeos,Transportation,1330.0,1608.0,20.902255639097746,22.22222222222222,-6.457192417774743,-22.629394226144534,-0.29057365879986347,-1.018322740176504,28.679414639996963,44.851616448366755,Strong decoupling,Strong decoupling,Strong decoupling,Strong decoupling,True,True
Kimberley,Transportation,6652.0,8115.0,21.99338544798557,6.41025641025641,2.4484063369633873,-16.021343320581583,0.38195138856628846,-2.499329558010727,3.9618500732930224,22.43159973083799,Weak decoupling,Strong decoupling,Weak decoupling,Strong decoupling,True,True
Kitimat,Transportation,8335.0,8236.0,-1.187762447510498,3.8461538461538463,-8.436300309071301,-7.33566817339841,-2.193438080358538,-1.9072737250835867,12.282454155225148,11.181822019552257,Strong decoupling,Strong decoupling,Strong decoupling,Strong decoupling,True,True
Ladysmith,Transportation,7921.0,8990.0,13.495770736018178,2.5,24.934329325134474,10.0784007324127,9.973731730053789,4.03136029296508,-22.434329325134474,-7.5784007324127,Negative decoupling,Negative decoupling,Negative decoupling,Negative decoupling,True,True
Lake Country,Transportation,11708.0,15817.0,35.09566108643662,5.0,22.202400416953534,-9.543800715578667,4.440480083390707,-1.9087601431157335,-17.202400416953534,14.543800715578667,Negative decoupling,Strong decoupling,Negative decoupling,Strong decoupling,True,True
Lake Cowichan,Transportation,2974.0,3325.0,11.802286482851379,3.9473684210526314,14.670903042089439,2.5657941796011876,3.7166287706626577,0.6500011921656342,-10.723534621036807,1.3815742414514438,Negative decoupling,Weak decoupling,Negative decoupling,Weak decoupling,True,True
Langford,Transportation,29228.0,46584.0,59.38141508142877,2.4390243902439024,39.32436139197954,-12.584311463919413,16.12298817071161,-5.159567700206959,-36.885337001735635,15.023335854163316,Negative decoupling,Strong decoupling,Negative decoupling,Strong decoupling,True,True
Langley City,Transportation,25081.0,28963.0,15.477851760296637,2.5316455696202533,-19.58489893184286,-30.363182339866412,-7.73603507807793,-11.993457024247233,22.116544501463114,32.894827909486665,Strong decoupling,Strong decoupling,Strong decoupling,Strong decoupling,True,True
Langley Township,Transportation,104177.0,132603.0,27.286253203682193,2.4390243902439024,3.332583905842311,-18.818740197741114,1.3663594013953475,-7.715683481073857,-0.8935595155984086,21.257764587985015,Negative decoupling,Strong decoupling,Negative decoupling,Strong decoupling,True,True
Lantzville,Transportation,3601.0,3817.0,5.998333796167731,1.2195121951219512,0.1984705345682126,-5.471655123138546,0.16274583834593434,-4.486757200973607,1.0210416605537387,6.691167318260497,Weak decoupling,Strong decoupling,Weak decoupling,Strong decoupling,True,True
Lillooet,Transportation,2322.0,2302.0,-0.8613264427217916,5.333333333333334,13.94839094888406,14.938385657388705,2.615323302915761,2.800947310760382,-8.615057615550725,-9.605052324055372,Negative decoupling,Negative decoupling,Negative decoupling,Negative decoupling,True,True
Lions Bay,Transportation,1318.0,1390.0,5.462822458270106,2.247191011235955,-66.66803722352097,-68.39458493568391,-29.667276564466828,-30.43559029637934,68.91522823475692,70.64177594691986,Strong decoupling,Strong decoupling,Strong decoupling,Strong decoupling,True,True
Logan Lake,Transportation,2073.0,2255.0,8.779546550892427,2.564102564102564,-23.57177138126585,-29.740258125660358,-9.192990838693683,-11.59870066900754,26.135873945368417,32.30436068976292,Strong decoupling,Strong decoupling,Strong decoupling,Strong decoupling,True,True
Lumby,Transportation,1731.0,2063.0,19.179664933564414,4.0,34.94744953894396,13.230264252017431,8.73686238473599,3.3075660630043577,-30.947449538943957,-9.230264252017431,Negative decoupling,Negative decoupling,Negative decoupling,Negative decoupling,True,True
Lytton,Transportation,228.0,210.0,-7.894736842105263,3.9473684210526314,6.780328402523734,15.93292797988291,1.7176831953060128,4.03634175490367,-2.832959981471103,-11.985559558830278,Negative decoupling,Negative decoupling,Negative decoupling,Negative decoupling,True,True
Mackenzie,Transportation,3507.0,3281.0,-6.444254348445966,3.8461538461538463,1.923231152651507,8.94384993975887,0.5000400996893918,2.325400984337306,1.9229226935023394,-5.097696093605023,Weak decoupling,Negative decoupling,Weak decoupling,Negative decoupling,True,True
Maple Ridge,Transportation,76052.0,90990.0,19.64182401514753,2.4691358024691357,25.506098074795723,4.901525121270086,10.329969720292269,1.985117674114385,-23.036962272326587,-2.43238931880095,Negative decoupling,Negative decoupling,Negative decoupling,Negative decoupling,True,True
Masset,Transportation,884.0,838.0,-5.203619909502263,5.405405405405405,-10.280188444384027,-5.35523458810917,-1.901834862211045,-0.9907183988001964,15.685593849789432,10.760639993514575,Strong decoupling,Strong decoupling,Strong decoupling,Strong decoupling,True,True
McBride,Transportation,586.0,588.0,0.3412969283276451,13.23529411764706,2.6170168967167005,2.2679794242788787,0.19773016552970624,0.1713584453899597,10.61827722093036,10.96731469336818,Weak decoupling,Weak decoupling,Weak decoupling,Weak decoupling,True,True
Merritt,Transportation,7113.0,7051.0,-0.8716434697033602,1.2987012987012987,7.378818008738924,8.323008437974748,5.681689866728972,6.4087164972405555,-6.080116710037625,-7.024307139273449,Negative decoupling,Negative decoupling,Negative decoupling,Negative decoupling,True,True
Metchosin,Transportation,4803.0,5067.0,5.496564647095565,1.1904761904761905,18.408029992152347,12.238754302803958,15.462745193407972,10.280553614355325,-17.217553801676157,-11.048278112327768,Negative decoupling,Negative decoupling,Negative decoupling,Negative decoupling,True,True
Midway,Transportation,674.0,651.0,-3.4124629080118694,8.21917808219178,1.1550529289782352,4.728887364257039,0.14053143969235196,0.5753479626512732,7.064125153213545,3.490290717934741,Weak decoupling,Weak decoupling,Weak decoupling,Weak decoupling,True,True
Mission,Transportation,36426.0,41519.0,13.98177126228518,1.2658227848101267,21.069768027744352,6.2185353736509965,16.645116741918038,4.912642945184287,-19.803945242934226,-4.952712588840869,Negative decoupling,Negative decoupling,Negative decoupling,Negative decoupling,True,True
Montrose,Transportation,1030.0,1013.0,-1.650485436893204,1.2345679012345678,13.576667702969347,15.4826927285868,10.997100839405173,12.54098111015531,-12.34209980173478,-14.248124827352232,Negative decoupling,Negative decoupling,Negative decoupling,Negative decoupling,True,True
Nakusp,Transportation,1569.0,1589.0,1.2746972594008923,8.108108108108109,-17.484730016778467,-18.52331113676868,-2.1564500354026777,-2.284541706868137,25.592838124886576,26.63141924487679,Strong decoupling,Strong decoupling,Strong decoupling,Strong decoupling,True,True
Nanaimo,Transportation,83810.0,99863.0,19.154038897506265,2.5,-9.804865917789844,-24.303754269048262,-3.9219463671159374,-9.721501707619305,12.304865917789844,26.803754269048262,Strong decoupling,Strong decoupling,Strong decoupling,Strong decoupling,True,True
Nelson,Transportation,10230.0,11106.0,8.563049853372434,4.938271604938271,12.851818540902357,3.950486554423834,2.6024932545327273,0.7999735272708265,-7.913546935964086,0.9877850505144372,Negative decoupling,Weak decoupling,Negative decoupling,Weak decoupling,True,True
New Denver,Transportation,504.0,487.0,-3.373015873015873,-2.631578947368421,-23.781825612475735,-21.121232256032386,9.03709373274078,8.026068257292307,21.150246665107314,18.489653308663964,Recessive decoupling,Recessive decoupling,Recessive decoupling,Recessive decoupling,True,True
New Hazelton,Transportation,666.0,602.0,-9.60960960960961,-1.3333333333333335,35.219264964683,49.59473499415097,-26.414448723512248,-37.19605124561322,-36.552598298016335,-50.928068327484304,Strong negative decoupling,Strong negative decoupling,Strong negative decoupling,Strong negative decoupling,True,True
New Westminster,Transportation,65976.0,78916.0,19.61319267612465,3.7037037037037033,18.906795068835468,-0.5905683072952392,5.1048346685855766,-0.15945344296971461,-15.203091365131765,4.2942720109989425,Negative decoupling,Strong decoupling,Negative decoupling,Strong decoupling,True,True
North Cowichan,Transportation,28807.0,31990.0,11.049397715832958,3.79746835443038,1.1371574725768112,-8.925973888323846,0.29945146777856024,-2.3505064572586125,2.660310881853569,12.723442242754226,Weak decoupling,Strong decoupling,Weak decoupling,Strong decoupling,True,True
North Saanich,Transportation,11089.0,12235.0,10.334565785913968,3.488372093023256,7.7573697304127665,-2.33580114911752,2.2237793227183262,-0.6695963294136891,-4.268997637389511,5.824173242140776,Negative decoupling,Strong decoupling,Negative decoupling,Strong decoupling,True,True
North Vancouver City,Transportation,48196.0,58120.0,20.590920408332643,3.571428571428571,15.289751708498747,-4.395993232229782,4.28113047837965,-1.230878105024339,-11.718323137070175,7.967421803658353,Negative decoupling,Strong decoupling,Negative decoupling,Strong decoupling,True,True
North Vancouver District,Transportation,84412.0,88168.0,4.449604321660427,2.2988505747126435,-9.277972716126179,-13.142775529825354,-4.035918131514888,-5.717107355474029,11.576823290838822,15.441626104537997,Strong decoupling,Strong decoupling,Strong decoupling,Strong decoupling,True,True
Oak Bay,Transportation,18015.0,17990.0,-0.13877324451845685,3.4090909090909087,1.9100873703150192,2.0517078363660377,0.5602922952924057,0.6018342986673711,1.4990035387758895,1.357383072724871,Weak decoupling,Weak decoupling,Weak decoupling,Weak decoupling,True,True
Oliver,Transportation,4824.0,5094.0,5.597014925373134,5.263157894736842,-27.425517927283767,-31.27222192407085,-5.210848406183916,-5.941722165573462,32.688675822020606,36.53537981880769,Strong decoupling,Strong decoupling,Strong decoupling,Strong decoupling,True,True
One Hundred Mile House,Transportation,1886.0,1928.0,2.2269353128313893,0.0,14.375595285848473,11.884010741239738,100.0,100.0,-14.375595285848473,-11.884010741239738,Strong negative decoupling,Strong negative decoupling,Strong negative decoupling,Strong negative decoupling,True,True
Osoyoos,Transportation,4845.0,5556.0,14.674922600619194,3.896103896103896,18.046736917038093,2.9403240394257604,4.631995808706444,0.7546831701192785,-14.150633020934198,0.9557798566781357,Negative decoupling,Weak decoupling,Negative decoupling,Weak decoupling,True,True
Parksville,Transportation,11977.0,13642.0,13.901644819236871,5.128205128205128,8.644405333634612,-4.615595757151302,1.6856590400587494,-0.900041172644504,-3.5162002054294845,9.74380088535643,Negative decoupling,Strong decoupling,Negative decoupling,Strong decoupling,True,True
Peachland,Transportation,5200.0,5789.0,11.326923076923077,2.5,10.978644044712194,-0.31284349067138145,4.391457617884877,-0.12513739626855258,-8.478644044712194,2.8128434906713813,Negative decoupling,Strong decoupling,Negative decoupling,Strong decoupling,True,True
Pemberton,Transportation,2369.0,3407.0,43.81595609962009,3.571428571428571,9.822673873717221,-23.636655589422926,2.750348684640822,-6.618263565038419,-6.25124530228865,27.2080841608515,Negative decoupling,Strong decoupling,Negative decoupling,Strong decoupling,True,True
Penticton,Transportation,32877.0,36885.0,12.190893329683366,3.8461538461538463,3.23051311228535,-7.986726864779578,0.839933409194191,-2.0765489848426903,0.6156407338684962,11.832880710933424,Weak decoupling,Strong decoupling,Weak decoupling,Strong decoupling,True,True
Pitt Meadows,Transportation,17736.0,19146.0,7.949932341001354,2.4390243902439024,13.679238020266515,5.307373108087681,5.608487588309272,2.1760229743159494,-11.240213630022613,-2.8683487178437788,Negative decoupling,Negative decoupling,Negative decoupling,Negative decoupling,True,True
Port Alberni,Transportation,17743.0,18259.0,2.9081891450149353,4.054054054054054,-8.116547179652285,-10.713176877625852,-2.002081637647563,-2.6425836298143768,12.17060123370634,14.767230931679906,Strong decoupling,Strong decoupling,Strong decoupling,Strong decoupling,True,True
Port Alice,Transportation,805.0,739.0,-8.198757763975156,-2.5316455696202533,-25.380575781535956,-18.71632409220087,10.025327433706702,7.392948016419344,22.848930211915704,16.18467852258062,Recessive decoupling,Recessive decoupling,Recessive decoupling,Recessive decoupling,True,True
Port Clements,Transportation,378.0,340.0,-10.052910052910052,5.405405405405405,-22.46654140989695,-13.801037214532489,-4.1563101608309365,-2.5531918846885104,27.87194681530236,19.206442619937896,Strong decoupling,Strong decoupling,Strong decoupling,Strong decoupling,True,True
Port Coquitlam,Transportation,56342.0,61498.0,9.151254836534024,2.4390243902439024,-1.0277515086722921,-9.325597182048437,-0.4213781185556398,-3.823494844639859,3.4667758989161945,11.76462157229234,Strong decoupling,Strong decoupling,Strong decoupling,Strong decoupling,True,True
Port Edward,Transportation,544.0,470.0,-13.602941176470587,9.859154929577464,-16.638545149421248,-3.5135501303939476,-1.6876238651555837,-0.356374370368529,26.49770007899871,13.372705059971413,Strong decoupling,Strong decoupling,Strong decoupling,Strong decoupling,True,True
Port Hardy,Transportation,4008.0,3902.0,-2.6447105788423153,0.0,12.645422446401252,15.705497992100504,100.0,100.0,-12.645422446401252,-15.705497992100504,Strong negative decoupling,Strong negative decoupling,Strong negative decoupling,Strong negative decoupling,True,True
Port McNeill,Transportation,2505.0,2356.0,-5.94810379241517,1.25,6.1204945849018735,12.831850142266196,4.896395667921499,10.265480113812957,-4.8704945849018735,-11.581850142266196,Negative decoupling,Negative decoupling,Negative decoupling,Negative decoupling,True,True
Port Moody,Transportation,32975.0,33535.0,1.698256254738438,3.5294117647058822,0.584365130896512,-1.0952902880181181,0.1655701204206784,-0.3103322482718001,2.9450466338093704,4.624702052724,Weak decoupling,Strong decoupling,Weak decoupling,Strong decoupling,True,True
Pouce Coupe,Transportation,738.0,762.0,3.2520325203252036,2.666666666666667,-5.223566661466482,-8.20865117606596,-1.9588374980499308,-3.0782441910247345,7.890233328133149,10.875317842732628,Strong decoupling,Strong decoupling,Strong decoupling,Strong decoupling,True,True
Powell River,Transportation,13165.0,13943.0,5.909608811241929,2.564102564102564,3.4906542693890326,-2.283980244100507,1.3613551650617228,-0.8907522951991979,-0.9265517052864687,4.8480828082030705,Negative decoupling,Strong decoupling,Negative decoupling,Strong decoupling,True,True
Prince George,Transportation,71974.0,76708.0,6.577375163253397,3.79746835443038,1.3263791271855838,-4.926933158209623,0.34927983682553704,-1.2974257316618674,2.4710892272447964,8.724401512640004,Weak decoupling,Strong decoupling,Weak decoupling,Strong decoupling,True,True
Prince Rupert,Transportation,12508.0,12300.0,-1.6629357211384712,6.666666666666667,26.156608892788896,28.28998894561004,3.923491333918334,4.243498341841506,-19.489942226122228,-21.623322278943373,Negative decoupling,Negative decoupling,Negative decoupling,Negative decoupling,True,True
Princeton,Transportation,2724.0,2894.0,6.240822320117474,5.333333333333334,6.139739586114236,-0.09514490926910849,1.151201172396419,-0.01783967048795784,-0.8064062527809019,5.428478242602442,Negative decoupling,Strong decoupling,Negative decoupling,Strong decoupling,True,True
Qualicum Beach,Transportation,8687.0,9303.0,7.0910556003223215,3.7037037037037033,4.394466319782365,-2.5180340836343778,1.1865059063412386,-0.679869202581282,-0.6907626160786613,6.221737787338081,Negative decoupling,Strong decoupling,Negative decoupling,Strong decoupling,True,True
Queen Charlotte,Transportation,944.0,964.0,2.11864406779661,-4.819277108433735,-15.305571912909317,-17.062717723844813,3.1759061719286827,3.5405139276977984,10.48629480447558,12.243440615411078,Recessive decoupling,Recessive decoupling,Recessive decoupling,Recessive decoupling,True,True
Quesnel,Transportation,10007.0,9889.0,-1.1791745777955431,4.0,0.33674279859543016,1.5340059849878056,0.08418569964885754,0.3835014962469514,3.6632572014045697,2.4659940150121944,Weak decoupling,Weak decoupling,Weak decoupling,Weak decoupling,True,True
Radium Hot Springs,Transportation,777.0,1339.0,72.32947232947234,9.090909090909092,6.655266981178197,-38.109677039301374,0.7320793679296016,-4.192064474323151,2.435642109730895,47.20058613021047,Weak decoupling,Strong decoupling,Weak decoupling,Strong decoupling,True,True
Revelstoke,Transportation,7139.0,8275.0,15.91259280011206,6.329113924050633,22.747892499146328,5.896943148206103,3.59416701486512,0.9317170174165642,-16.418778575095693,0.4321707758445301,Negative decoupling,Weak decoupling,Negative decoupling,Weak decoupling,True,True
Richmond,Transportation,190473.0,209937.0,10.218771164417003,2.5,-12.664196392366286,-20.76140689560765,-5.065678556946514,-8.30456275824306,15.164196392366286,23.26140689560765,Strong decoupling,Strong decoupling,Strong decoupling,Strong decoupling,True,True
Rossland,Transportation,3556.0,4140.0,16.42294713160855,6.024096385542169,21.84315608918759,4.655619094964023,3.62596391080514,0.7728327697640278,-15.819059703645422,1.368477290578146,Negative decoupling,Weak decoupling,Negative decoupling,Weak decoupling,True,True
Saanich,Transportation,109752.0,117735.0,7.273671550404548,2.380952380952381,-3.321821824933712,-9.877067897652562,-1.395165166472159,-4.1483685170140765,5.702774205886093,12.258020278604944,Strong decoupling,Strong decoupling,Strong decoupling,Strong decoupling,True,True
Salmo,Transportation,1139.0,1140.0,0.08779631255487269,5.47945205479452,81.53303724410952,81.37379773775504,14.87977929704999,14.850718087140296,-76.053585189315,-75.89434568296052,Negative decoupling,Negative decoupling,Negative decoupling,Negative decoupling,True,True
Salmon Arm,Transportation,17464.0,19432.0,11.268896014658726,5.128205128205128,6.004023093873285,-4.7316663590262,1.1707845033052908,-0.922674940010109,-0.8758179656681575,9.859871487231327,Negative decoupling,Strong decoupling,Negative decoupling,Strong decoupling,True,True
Sayward,Transportation,317.0,334.0,5.3627760252365935,2.7027027027027026,-4.951493398286446,-9.789291638493419,-1.832052557365985,-3.622037906242565,7.654196100989148,12.491994341196122,Strong decoupling,Strong decoupling,Strong decoupling,Strong decoupling,True,True
Sechelt,Transportation,9291.0,10847.0,16.74738994726079,0.0,15.92608489399103,-0.7034890061703131,100.0,-100.0,-15.92608489399103,0.7034890061703131,Strong negative decoupling,Strong negative decoupling,Strong negative decoupling,Strong negative decoupling,True,True
Sechelt IGD,Transportation,797.0,744.0,-6.649937264742785,0.0,-38.31709918022681,-33.92302156806555,-100.0,-100.0,38.31709918022681,33.92302156806555,Strong negative decoupling,Strong negative decoupling,Strong negative decoupling,Strong negative decoupling,True,True
Sicamous,Transportation,2441.0,2613.0,7.046292503072511,6.944444444444445,-20.51215998544661,-25.744424999799136,-2.9537510379043117,-3.7071971999710756,27.45660442989105,32.68886944424358,Strong decoupling,Strong decoupling,Strong decoupling,Strong decoupling,True,True
Sidney,Transportation,11178.0,12318.0,10.198604401502951,3.6585365853658534,13.442429619825846,2.943617331580894,3.674264096085732,0.8045887372987778,-9.783893034459993,0.7149192537849594,Negative decoupling,Weak decoupling,Negative decoupling,Weak decoupling,True,True
Silverton,Transportation,195.0,149.0,-23.589743589743588,26.153846153846157,-1.7986981128047828,28.518482335591074,-0.06877375137194756,1.0904125598902468,27.95254426665094,-2.364636181744917,Strong decoupling,Negative decoupling,Strong decoupling,Negative decoupling,True,True
Slocan,Transportation,296.0,379.0,28.040540540540544,-2.7777777777777777,-1.0371357644100079,-22.70974191626745,0.37336887518760287,8.175507089856282,-1.7406420133677698,19.931964138489672,Recessive coupling,Recessive decoupling,Recessive coupling,Recessive decoupling,True,True
Smithers,Transportation,5404.0,5378.0,-0.4811250925240563,5.0,22.763246645179038,23.356746907874214,4.552649329035807,4.671349381574843,-17.763246645179038,-18.356746907874214,Negative decoupling,Negative decoupling,Negative decoupling,Negative decoupling,True,True
Sooke,Transportation,11435.0,15086.0,31.928290336685617,2.5,12.64698128585512,-14.614991979069774,5.058792514342048,-5.845996791627909,-10.14698128585512,17.114991979069774,Negative decoupling,Strong decoupling,Negative decoupling,Strong decoupling,True,True
Spallumcheen,Transportation,5055.0,5307.0,4.985163204747774,3.896103896103896,-1.3008994385275188,-5.987572387743857,-0.3338975225553965,-1.5368102461875899,5.197003334631415,9.883676283847752,Strong decoupling,Strong decoupling,Strong decoupling,Strong decoupling,True,True
Sparwood,Transportation,3667.0,4148.0,13.116989364603219,2.4390243902439024,-28.43984904313971,-36.73792826451141,-11.66033810768728,-15.062550588449678,30.87887343338361,39.17695265475531,Strong decoupling,Strong decoupling,Strong decoupling,Strong decoupling,True,True
Squamish,Transportation,17158.0,23819.0,38.82154097214128,7.4074074074074066,54.640081004130046,11.394874254538964,7.376410935557557,1.5383080243627603,-47.23267359672264,-3.9874668471315573,Negative decoupling,Negative decoupling,Negative decoupling,Negative decoupling,True,True
Stewart,Transportation,494.0,517.0,4.65587044534413,-1.2658227848101267,2.8248015708624554,-1.7496093307426415,-2.2315932409813395,1.3821913712866867,-4.090624355672582,0.4837865459325148,Strong negative decoupling,Recessive decoupling,Strong negative decoupling,Recessive decoupling,True,True
Summerland,Transportation,11280.0,12042.0,6.75531914893617,2.5,6.772211731026692,0.015823644409659863,2.7088846924106766,0.006329457763863945,-4.272211731026692,2.48417635559034,Negative decoupling,Weak decoupling,Negative decoupling,Weak decoupling,True,True
Surrey,Transportation,468251.0,568322.0,21.371230387121436,3.8461538461538463,6.414366673219969,-12.32323645908142,1.667735335037192,-3.204041479361169,-2.5682128270661226,16.169390305235265,Negative decoupling,Strong decoupling,Negative decoupling,Strong decoupling,True,True
Tahsis,Transportation,316.0,393.0,24.367088607594937,-11.688311688311687,-25.376189301654268,-39.99713948937086,2.1710739735859765,3.421977489646174,13.68787761334258,28.308827801059174,Recessive decoupling,Recessive decoupling,Recessive decoupling,Recessive decoupling,True,True
Taylor,Transportation,1373.0,1317.0,-4.0786598689002185,3.9473684210526314,29.396497404786633,34.89855044553688,7.44711267587928,8.840966112869342,-25.449128983734003,-30.951182024484247,Negative decoupling,Negative decoupling,Negative decoupling,Negative decoupling,True,True
Telkwa,Transportation,1350.0,1474.0,9.185185185185185,2.5316455696202533,18.261312551838525,8.312599691303943,7.213218457976217,3.283476878065057,-15.729666982218273,-5.780954121683689,Negative decoupling,Negative decoupling,Negative decoupling,Negative decoupling,True,True
Terrace,Transportation,11486.0,12017.0,4.623019327877416,5.128205128205128,22.281446337481633,16.878147011093787,4.344882035808919,3.291238667163289,-17.153241209276505,-11.74994188288866,Negative decoupling,Negative decoupling,Negative decoupling,Negative decoupling,True,True
Tofino,Transportation,1876.0,2516.0,34.11513859275053,2.4096385542168677,3.1816286448833555,-23.06489056526185,1.3203758876265925,-9.571929584583668,-0.7719900906664878,25.47452911947872,Negative decoupling,Strong decoupling,Negative decoupling,Strong decoupling,True,True
Trail,Transportation,7681.0,7920.0,3.1115740138002868,2.564102564102564,1.3798265641309133,-1.6794889092058705,0.5381323600110562,-0.6550006745902895,1.1842759999716506,4.243591473308435,Weak decoupling,Strong decoupling,Weak decoupling,Strong decoupling,True,True
Tumbler Ridge,Transportation,2710.0,2399.0,-11.476014760147601,5.063291139240507,-17.022572030975443,-6.265598250914321,-3.3619579761176497,-1.2374556545555784,22.08586317021595,11.328889390154828,Strong decoupling,Strong decoupling,Strong decoupling,Strong decoupling,True,True
Ucluelet,Transportation,1627.0,2066.0,26.98217578365089,6.329113924050633,19.797267112997368,-5.658202520403327,3.1279682038535843,-0.8939959982237257,-13.468153188946735,11.98731644445396,Negative decoupling,Strong decoupling,Negative decoupling,Strong decoupling,True,True
Valemount,Transportation,1020.0,1052.0,3.1372549019607843,6.578947368421052,1.3027674479111684,-1.7786855543066673,0.1980206520824976,-0.27036020425461343,5.276179920509884,8.357632922727719,Weak decoupling,Strong decoupling,Weak decoupling,Strong decoupling,True,True
Vancouver,Transportation,603502.0,662248.0,9.734184808003949,3.614457831325301,-26.88685241140864,-33.37249671420666,-7.438695833823058,-9.233057424263844,30.50131024273394,36.986954545531965,Strong decoupling,Strong decoupling,Strong decoupling,Strong decoupling,True,True
Vanderhoof,Transportation,4480.0,4346.0,-2.991071428571429,3.8461538461538463,40.49409522582031,44.82594261658422,10.52846475871328,11.654745080311898,-36.64794137966646,-40.979788770430375,Negative decoupling,Negative decoupling,Negative decoupling,Negative decoupling,True,True
Vernon,Transportation,38150.0,44519.0,16.694626474442988,3.8461538461538463,1.2059824368175804,-13.272799704292751,0.31355543357257093,-3.450927923116115,2.640171409336266,17.118953550446598,Weak decoupling,Strong decoupling,Weak decoupling,Strong decoupling,True,True
Victoria,Transportation,80017.0,91867.0,14.809353012484847,3.614457831325301,-9.703482804419043,-21.350904933884834,-2.684630242555935,-5.907083698374804,13.317940635744343,24.965362765210134,Strong decoupling,Strong decoupling,Strong decoupling,Strong decoupling,True,True
View Royal,Transportation,9381.0,11575.0,23.387698539601324,2.380952380952381,10.241789539746424,-10.654148797204217,4.301551606693498,-4.474742494825771,-7.860837158794043,13.035101178156598,Negative decoupling,Strong decoupling,Negative decoupling,Strong decoupling,True,True
Warfield,Transportation,1700.0,1753.0,3.1176470588235294,1.2195121951219512,4.0228598852171,0.877844726108994,3.298745105878022,0.7198326754093751,-2.8033476900951486,0.3416674690129572,Negative decoupling,Weak decoupling,Negative decoupling,Weak decoupling,True,True
Wells,Transportation,245.0,218.0,-11.020408163265307,4.285714285714286,12.396793903740276,26.31749773585489,2.8925852442060647,6.140749471699475,-8.11107961802599,-22.031783450140605,Negative decoupling,Negative decoupling,Negative decoupling,Negative decoupling,True,True
West Vancouver,Transportation,42694.0,44122.0,3.34473228088256,0.0,-17.751994398307897,-20.41393519879781,-100.0,-100.0,17.751994398307897,20.41393519879781,Strong negative decoupling,Strong negative decoupling,Strong negative decoupling,Strong negative decoupling,True,True
Whistler,Transportation,9824.0,13982.0,42.324918566775246,0.0,28.27047854754014,-9.874897636172618,100.0,-100.0,-28.27047854754014,9.874897636172618,Strong negative decoupling,Strong negative decoupling,Strong negative decoupling,Strong negative decoupling,True,True
White Rock,Transportation,19339.0,21939.0,13.444335281038317,2.380952380952381,2.802266649319911,-9.380872659136799,1.1769519927143626,-3.9399665168374556,-0.42131426836753016,11.76182504008918,Negative decoupling,Strong decoupling,Negative decoupling,Strong decoupling,True,True
Williams Lake,Transportation,10832.0,10947.0,1.0616691285081241,2.5974025974025974,0.047800388002274964,-1.0032178859193759,0.018403149380875863,-0.38623888607895973,2.5496022094003226,3.6006204833219733,Weak decoupling,Strong decoupling,Weak decoupling,Strong decoupling,True,True
Zeballos,Transportation,125.0,126.0,0.8,0.0,-46.558642253325125,-46.98278001321936,-100.0,-100.0,46.558642253325125,46.98278001321936,Strong negative decoupling,Strong negative decoupling,Strong negative decoupling,Strong negative decoupling,True,True
