Municipality_Name,avg_transportation_emissions_2007_2010,avg_transportation_emissions_2017_2020,transportation_emissions_percent_change,avg_utility_emissions_2007_2010,avg_utility_emissions_2017_2020,utility_emissions_percent_change,CWB 2021,Income 2021,Education 2021,Housing 2021,Labour Force Activity 2021,Census Population 2021,CWB 2016,Income 2016,Education 2016,Housing 2016,Labour Force Activity 2016,Census Population 2016,CWB 2011,Income 2011,Education 2011,Housing 2011,Labour Force Activity 2011,Census Population 2011,cwb_percent_change,income_percent_change,education_percent_change,housing_percent_change,labour_percent_change,population_percent_change,transportation_emissions_decoupling_type,utility_emissions_decoupling_type
Abbotsford,476017.792959401,580198.2503994902,21.885832626633494,355367.55727545,408601.778695,14.980045400792589,80.0,77.0,63.0,93.0,87.0,153524.0,79.0,74.0,61.0,94.0,87.0,141397.0,78.0,72.0,60.0,93.0,87.0,133497.0,2.564102564102564,6.944444444444445,5.0,0.0,0.0,15.001835247234022,"em>0, wel>0, wel<em","em>0, wel>0, wel<em"
Alert Bay,1029.893461748,1161.38209434575,12.767207238560307,684.67068454,343.02712034499996,-49.898961925693555,78.0,75.0,68.0,87.0,80.0,449.0,82.0,76.0,68.0,93.0,89.0,489.0,76.0,71.0,51.0,90.0,92.0,445.0,2.631578947368421,5.633802816901409,33.33333333333333,-3.3333333333333335,-13.043478260869565,0.8988764044943821,"em>0, wel>0, wel<em","em<0, wel>0"
Anmore,6304.853182545,7197.8395915615,14.163476660943273,4348.6793659875,5262.4609173125,21.012851820531907,88.0,94.0,77.0,96.0,85.0,2356.0,88.0,92.0,74.0,98.0,89.0,2210.0,88.0,94.0,75.0,97.0,88.0,2092.0,0.0,0.0,2.666666666666667,-1.0309278350515463,-3.4090909090909087,12.619502868068832,Other,Other
Armstrong,22954.8024957255,22640.0086385445,-1.3713638234945382,11651.58505655,11843.9985914275,1.6513936425270617,81.0,78.0,62.0,97.0,88.0,5323.0,79.0,74.0,58.0,97.0,85.0,5114.0,77.0,70.0,58.0,95.0,86.0,4815.0,5.194805194805195,11.428571428571429,6.896551724137931,2.1052631578947367,2.3255813953488373,10.55036344755971,"em<0, wel>0","em>0, wel>0, wel>em"
Ashcroft,7792.336643480499,6854.36401040975,-12.03711641302752,13168.74884149,13203.2947733925,0.2623326810946352,76.0,78.0,56.0,90.0,81.0,1670.0,77.0,78.0,55.0,96.0,80.0,1558.0,77.0,75.0,56.0,95.0,82.0,1628.0,-1.2987012987012987,4.0,0.0,-5.263157894736842,-1.2195121951219512,2.5798525798525795,"em<0, wel<0, abs(wel)<abs(em)",Other
Barriere,14354.5307062745,10333.432801123501,-28.01274376314747,1615.3989792500001,877.211149785,-45.69693549068151,75.0,76.0,54.0,95.0,75.0,1765.0,74.0,70.0,49.0,96.0,81.0,1713.0,69.0,69.0,50.0,84.0,74.0,1773.0,8.695652173913043,10.144927536231885,8.0,13.095238095238097,1.3513513513513513,-0.4512126339537508,"em<0, wel>0","em<0, wel>0"
Belcarra,2376.128826639,2326.836127861,-2.074496055322218,1516.3484846885,1535.81360257225,1.2836836703634456,90.0,100.0,75.0,98.0,89.0,687.0,90.0,100.0,76.0,98.0,87.0,643.0,91.0,100.0,78.0,99.0,85.0,644.0,-1.098901098901099,0.0,-3.8461538461538463,-1.0101010101010102,4.705882352941177,6.6770186335403725,"em<0, wel<0, abs(wel)<abs(em)","em>0, wel<0"
Bowen Island,13360.3604156615,12743.185424951,-4.619448663877551,4129.02394635,2584.2926154325,-37.41153722983421,90.0,95.0,81.0,95.0,89.0,4256.0,89.0,88.0,81.0,96.0,91.0,3680.0,87.0,85.0,83.0,89.0,89.0,3402.0,3.4482758620689653,11.76470588235294,-2.4096385542168677,6.741573033707865,0.0,25.102880658436217,"em<0, wel>0","em<0, wel>0"
Burnaby,556277.13747797,522390.5722658067,-6.0916695886149475,607425.0336939499,582962.5298536499,-4.027246570911895,83.0,81.0,75.0,92.0,85.0,249125.0,82.0,76.0,72.0,93.0,86.0,232755.0,80.0,74.0,71.0,92.0,85.0,223218.0,3.75,9.45945945945946,5.633802816901409,0.0,0.0,11.60614287378258,"em<0, wel>0","em<0, wel>0"
Burns Lake,19780.472254504,19841.21975104225,0.30710842368496877,7965.356186215,9647.91510068,21.123461087363165,81.0,81.0,65.0,92.0,86.0,1659.0,76.0,74.0,60.0,89.0,84.0,1779.0,74.0,68.0,54.0,91.0,81.0,2029.0,9.45945945945946,19.11764705882353,20.37037037037037,1.098901098901099,6.172839506172839,-18.235584031542633,Other,"em>0, wel>0, wel<em"
Cache Creek,2729.2831337855,5655.93335616075,107.23146258248417,3763.352208895,3077.695492726,-18.219307630797687,74.0,73.0,55.0,93.0,74.0,969.0,76.0,74.0,52.0,94.0,82.0,963.0,74.0,71.0,43.0,97.0,86.0,1040.0,0.0,2.8169014084507045,27.906976744186046,-4.123711340206185,-13.953488372093023,-6.826923076923077,Other,Other
Campbell River,114360.7318534335,128527.69797706125,12.387963852648609,809796.73341145,125699.75141399998,-84.47761688486176,81.0,80.0,64.0,96.0,84.0,35519.0,80.0,77.0,61.0,96.0,84.0,32588.0,78.0,74.0,59.0,95.0,84.0,31186.0,3.8461538461538463,8.108108108108109,8.47457627118644,1.0526315789473684,0.0,13.894055024690566,"em>0, wel>0, wel<em","em<0, wel>0"
Canal Flats,3876.1075300045,5003.58468943175,29.087871032977798,793.0902195250001,484.99319517000004,-38.84766408284879,77.0,76.0,53.0,95.0,83.0,802.0,78.0,79.0,50.0,97.0,85.0,668.0,79.0,71.0,56.0,96.0,91.0,715.0,-2.5316455696202533,7.042253521126761,-5.357142857142857,-1.0416666666666665,-8.791208791208792,12.167832167832168,"em>0, wel<0","em<0, wel<0, abs(wel)<abs(em)"
Castlegar,28610.072432576002,31093.98644884575,8.681956405819907,88241.87636795,131601.0157571825,49.13669243436534,81.0,80.0,66.0,96.0,84.0,8338.0,80.0,78.0,63.0,95.0,86.0,8039.0,79.0,75.0,61.0,95.0,84.0,7816.0,2.5316455696202533,6.666666666666667,8.19672131147541,1.0526315789473684,0.0,6.678607983623337,"em>0, wel>0, wel<em","em>0, wel>0, wel<em"
Central Saanich,64636.37929153,74244.9030868715,14.865504381060857,20604.45282315,17273.1961998525,-16.167653913889374,87.0,87.0,74.0,97.0,89.0,17385.0,86.0,84.0,71.0,98.0,90.0,16814.0,84.0,83.0,69.0,96.0,89.0,15936.0,3.571428571428571,4.819277108433735,7.246376811594203,1.0416666666666665,0.0,9.092620481927712,"em>0, wel>0, wel<em","em<0, wel>0"
Chase,10735.6902415645,10136.100730663751,-5.585011279287538,6578.90760622,5193.12712241,-21.063990661608013,77.0,76.0,56.0,95.0,81.0,2399.0,74.0,73.0,51.0,94.0,79.0,2286.0,75.0,72.0,51.0,95.0,84.0,2495.0,2.666666666666667,5.555555555555555,9.803921568627452,0.0,-3.571428571428571,-3.847695390781563,"em<0, wel>0","em<0, wel>0"
Chetwynd,26513.566234842,28757.430296080747,8.463079019109998,39005.584135130004,21676.695760395,-44.426685970658006,81.0,85.0,58.0,95.0,85.0,2302.0,80.0,82.0,59.0,96.0,85.0,2503.0,79.0,79.0,59.0,92.0,88.0,2635.0,2.5316455696202533,7.59493670886076,-1.694915254237288,3.260869565217391,-3.4090909090909087,-12.637571157495255,"em>0, wel>0, wel<em","em<0, wel>0"
Chilliwack,263434.31446366396,308336.274607631,17.04484103955276,179996.94983365,219400.94273625,21.891478127277423,81.0,78.0,64.0,96.0,87.0,93203.0,80.0,75.0,61.0,97.0,86.0,83788.0,78.0,72.0,60.0,96.0,86.0,77936.0,3.8461538461538463,8.333333333333332,6.666666666666667,0.0,1.1627906976744187,19.58915007185383,"em>0, wel>0, wel<em","em>0, wel>0, wel<em"
Clearwater,13621.204518862,14549.22904537825,6.8130870895533935,2429.3019818499997,1331.8277670775,-45.17652490188701,77.0,75.0,60.0,94.0,78.0,2388.0,79.0,76.0,58.0,96.0,84.0,2324.0,76.0,73.0,60.0,91.0,81.0,2331.0,1.3157894736842104,2.73972602739726,0.0,3.296703296703297,-3.7037037037037033,2.445302445302445,"em>0, wel>0, wel<em","em<0, wel>0"
Clinton,4230.326260626,5099.5873897975,20.548323595326377,2833.2217009899996,1936.45605557325,-31.651799261010773,73.0,73.0,54.0,89.0,78.0,568.0,75.0,73.0,52.0,93.0,82.0,641.0,72.0,69.0,46.0,96.0,77.0,636.0,1.3888888888888888,5.797101449275362,17.391304347826086,-7.291666666666667,1.2987012987012987,-10.69182389937107,"em>0, wel>0, wel<em","em<0, wel>0"
Coldstream,40631.573565896,42599.258955737,4.842749657848782,59805.44357345,74853.70842753,25.162032007334727,85.0,85.0,71.0,96.0,87.0,11171.0,84.0,84.0,69.0,98.0,86.0,10648.0,82.0,78.0,68.0,97.0,86.0,10314.0,3.6585365853658534,8.974358974358974,4.411764705882353,-1.0309278350515463,1.1627906976744187,8.309094434748884,"em>0, wel>0, wel<em","em>0, wel>0, wel<em"
Colwood,52655.005414890504,62638.797219209504,18.960764937070252,17559.0770999,15071.693869210001,-14.165797077707268,84.0,82.0,69.0,97.0,89.0,18961.0,83.0,82.0,66.0,97.0,89.0,16859.0,82.0,78.0,65.0,97.0,89.0,16093.0,2.4390243902439024,5.128205128205128,6.153846153846154,0.0,0.0,17.82141303672404,"em>0, wel>0, wel<em","em<0, wel>0"
Comox,247037.6721170595,284401.749216117,15.124849897934778,20441.455674650002,20033.28956375,-1.996756578379001,84.0,81.0,71.0,97.0,86.0,14806.0,83.0,79.0,68.0,98.0,86.0,14028.0,82.0,78.0,67.0,97.0,87.0,13627.0,2.4390243902439024,3.8461538461538463,5.970149253731343,0.0,-1.1494252873563218,8.651940999486314,"em>0, wel>0, wel<em","em<0, wel>0"
Coquitlam,378739.6655448595,345121.5692860978,-8.876307214983228,261861.39282299997,264582.48635699996,1.0391350571633347,84.0,81.0,76.0,94.0,86.0,148625.0,83.0,77.0,72.0,94.0,86.0,139284.0,82.0,76.0,71.0,94.0,86.0,126456.0,2.4390243902439024,6.578947368421052,7.042253521126761,0.0,0.0,17.530998924527108,"em<0, wel>0","em>0, wel>0, wel>em"
Courtenay,78269.9871288185,86188.23289080025,10.116579869816169,37109.907204300005,32308.0447776,-12.939570019036864,82.0,79.0,67.0,96.0,85.0,28420.0,80.0,75.0,63.0,97.0,84.0,25599.0,78.0,73.0,60.0,96.0,83.0,24099.0,5.128205128205128,8.21917808219178,11.666666666666666,0.0,2.4096385542168677,17.930204572803852,"em>0, wel>0, wel<em","em<0, wel>0"
Cranbrook,92566.78117077649,94108.9445168965,1.6660008337924952,63936.2482464,60439.543844575004,-5.46904846269562,82.0,80.0,64.0,96.0,87.0,20499.0,81.0,78.0,62.0,96.0,87.0,20047.0,79.0,74.0,59.0,96.0,87.0,19319.0,3.79746835443038,8.108108108108109,8.47457627118644,0.0,0.0,6.107976603343858,"em>0, wel>0, wel>em","em<0, wel>0"
Creston,20217.526051066,21490.316748938247,6.295481923245183,20337.416144785,18207.1704835225,-10.47451478642603,79.0,76.0,60.0,96.0,85.0,5583.0,77.0,72.0,57.0,96.0,83.0,5351.0,76.0,71.0,58.0,92.0,84.0,5306.0,3.9473684210526314,7.042253521126761,3.4482758620689653,4.3478260869565215,1.1904761904761905,5.2205050885789674,"em>0, wel>0, wel<em","em<0, wel>0"
Cumberland,8141.320799361,14111.41117055575,73.3307348810445,5546.904975395,5252.3329614,-5.3105653567469515,83.0,79.0,69.0,97.0,89.0,4447.0,80.0,73.0,65.0,95.0,88.0,3753.0,76.0,68.0,58.0,94.0,86.0,3398.0,9.210526315789473,16.176470588235293,18.96551724137931,3.1914893617021276,3.488372093023256,30.87110064743967,"em>0, wel>0, wel<em","em<0, wel>0"
Dawson Creek,67714.0869426895,78718.35071132676,16.251070147266155,55011.65249455,83893.570956225,52.50145587707319,80.0,81.0,59.0,93.0,86.0,12323.0,79.0,81.0,57.0,94.0,85.0,12178.0,79.0,77.0,56.0,93.0,89.0,11583.0,1.2658227848101267,5.194805194805195,5.357142857142857,0.0,-3.3707865168539324,6.388673055339722,"em>0, wel>0, wel<em","em>0, wel>0, wel<em"
Delta,430938.5860389905,396736.52910272824,-7.936642956629498,474905.73907929996,643798.9437527249,35.56352151078618,84.0,83.0,70.0,94.0,88.0,108455.0,83.0,81.0,67.0,95.0,88.0,102238.0,82.0,79.0,67.0,95.0,88.0,99863.0,2.4390243902439024,5.063291139240507,4.477611940298507,-1.0526315789473684,0.0,8.603787188448173,"em<0, wel>0","em>0, wel>0, wel<em"
Duncan,13164.350215710001,13294.80067908525,0.990937351541842,15880.35895983,15649.37592601,-1.4545202309612875,78.0,74.0,61.0,95.0,83.0,5047.0,75.0,70.0,57.0,92.0,81.0,4944.0,76.0,70.0,58.0,95.0,82.0,4932.0,2.631578947368421,5.714285714285714,5.172413793103448,0.0,1.2195121951219512,2.331711273317113,"em>0, wel>0, wel>em","em<0, wel>0"
Elkford,9379.596247211,17061.020981798,81.89504678168905,50702.31978233,185686.5376277175,266.2288795165348,85.0,87.0,66.0,97.0,89.0,2749.0,83.0,87.0,62.0,97.0,86.0,2499.0,84.0,86.0,61.0,98.0,89.0,2523.0,1.1904761904761905,1.1627906976744187,8.19672131147541,-1.0204081632653061,0.0,8.957590170432026,"em>0, wel>0, wel<em","em>0, wel>0, wel<em"
Enderby,13520.4684579735,13261.1318667645,-1.9181035924540113,6933.81977246,6979.6794302775,0.6613909695150478,77.0,73.0,58.0,96.0,83.0,3028.0,76.0,70.0,55.0,96.0,83.0,2964.0,75.0,69.0,54.0,95.0,82.0,2932.0,2.666666666666667,5.797101449275362,7.4074074074074066,1.0526315789473684,1.2195121951219512,3.2742155525238745,"em<0, wel>0","em>0, wel>0, wel>em"
Esquimalt,42686.4649477965,45457.1320226175,6.490739109479772,28538.69828365,24970.245162550003,-12.50390990378277,84.0,82.0,70.0,95.0,87.0,17533.0,82.0,78.0,67.0,95.0,87.0,17655.0,81.0,76.0,64.0,95.0,88.0,16209.0,3.7037037037037033,7.894736842105263,9.375,0.0,-1.1363636363636365,8.16830156086125,"em>0, wel>0, wel<em","em<0, wel>0"
Fernie,19634.4421254045,23427.00320508275,19.31585860935235,40901.3140379,28479.94174632,-30.369127701056502,86.0,86.0,74.0,94.0,89.0,6320.0,85.0,85.0,71.0,95.0,90.0,5249.0,85.0,83.0,70.0,96.0,91.0,4448.0,1.1764705882352942,3.614457831325301,5.714285714285714,-2.083333333333333,-2.197802197802198,42.086330935251794,"em>0, wel>0, wel<em","em<0, wel>0"
Fort St. James,11029.694408807001,9847.22965194475,-10.720739061619655,17329.567415225,13891.4487318875,-19.83961053936591,80.0,84.0,61.0,93.0,83.0,1386.0,80.0,80.0,58.0,92.0,88.0,1598.0,74.0,69.0,53.0,91.0,84.0,1691.0,8.108108108108109,21.73913043478261,15.09433962264151,2.197802197802198,-1.1904761904761905,-18.03666469544648,"em<0, wel>0","em<0, wel>0"
Fort St. John,137109.1296356025,144184.3638494275,5.160294017348792,74535.25814585,79436.67835725,6.575975361632118,82.0,84.0,63.0,94.0,88.0,21465.0,83.0,85.0,62.0,95.0,88.0,20155.0,81.0,81.0,58.0,95.0,90.0,18609.0,1.2345679012345678,3.7037037037037033,8.620689655172415,-1.0526315789473684,-2.2222222222222223,15.347412542318233,"em>0, wel>0, wel<em","em>0, wel>0, wel<em"
Fraser Lake,6324.2661515495,7068.35765431175,11.765657626220248,8717.49554019,2440.39622620025,-72.00576455761444,78.0,81.0,54.0,97.0,82.0,965.0,77.0,79.0,55.0,94.0,80.0,988.0,76.0,75.0,48.0,94.0,88.0,1167.0,2.631578947368421,8.0,12.5,3.1914893617021276,-6.8181818181818175,-17.309340188517567,"em>0, wel>0, wel<em","em<0, wel>0"
Fruitvale,8989.345886041501,10746.959648598251,19.552187498825045,5497.618944804999,5458.1130237165,-0.7186005702674345,82.0,83.0,61.0,99.0,87.0,1958.0,80.0,80.0,63.0,94.0,83.0,1920.0,77.0,78.0,57.0,92.0,81.0,2016.0,6.493506493506493,6.41025641025641,7.017543859649122,7.608695652173914,7.4074074074074066,-2.876984126984127,"em>0, wel>0, wel<em","em<0, wel>0"
Gibsons,14161.851779658,17142.39667621525,21.046293542194007,91556.502046095,100292.161470555,9.541276948372216,84.0,82.0,73.0,95.0,86.0,4758.0,83.0,79.0,69.0,97.0,87.0,4605.0,81.0,77.0,67.0,93.0,86.0,4437.0,3.7037037037037033,6.493506493506493,8.955223880597014,2.1505376344086025,0.0,7.234617985125085,"em>0, wel>0, wel<em","em>0, wel>0, wel<em"
Gold River,3539.2853694915,4355.768572907,23.069154311589358,1649.138679095,706.3851207074999,-57.166420892199085,78.0,78.0,57.0,94.0,83.0,1246.0,80.0,78.0,61.0,97.0,83.0,1212.0,80.0,76.0,58.0,97.0,89.0,1267.0,-2.5,2.631578947368421,-1.7241379310344827,-3.0927835051546393,-6.741573033707865,-1.6574585635359116,"em>0, wel<0","em<0, wel<0, abs(wel)<abs(em)"
Golden,20387.100367814,21532.730620121998,5.619387905288649,3716.6705515,1970.55934263,-46.98052153601002,83.0,81.0,68.0,93.0,88.0,3986.0,81.0,78.0,62.0,96.0,87.0,3708.0,81.0,78.0,61.0,96.0,87.0,3701.0,2.4691358024691357,3.8461538461538463,11.475409836065573,-3.125,1.1494252873563218,7.7006214536611735,"em>0, wel>0, wel<em","em<0, wel>0"
Grand Forks,19214.3493192425,18156.302122463,-5.506547108102717,29560.13682644,28279.3269234975,-4.332895718523473,79.0,75.0,59.0,96.0,85.0,4112.0,76.0,72.0,58.0,94.0,81.0,4049.0,75.0,70.0,56.0,95.0,79.0,3985.0,5.333333333333334,7.142857142857142,5.357142857142857,1.0526315789473684,7.59493670886076,3.1869510664993723,"em<0, wel>0","em<0, wel>0"
Granisle,1097.217615635,1223.7164600757499,11.529057010950417,1048.02259092,435.82152626375,-58.41487291975579,70.0,76.0,47.0,90.0,67.0,337.0,69.0,72.0,42.0,97.0,64.0,303.0,71.0,70.0,50.0,88.0,74.0,303.0,-1.4084507042253522,8.571428571428571,-6.0,2.272727272727273,-9.45945945945946,11.221122112211221,"em>0, wel<0","em<0, wel<0, abs(wel)<abs(em)"
Greenwood,2823.846584654,2551.06953728275,-9.65976865930458,2149.7727752250003,6464.5273836955,200.70747281739614,71.0,68.0,55.0,94.0,66.0,702.0,71.0,69.0,47.0,94.0,74.0,665.0,70.0,64.0,53.0,95.0,67.0,708.0,1.4285714285714286,6.25,3.7735849056603774,-1.0526315789473684,-1.4925373134328357,-0.847457627118644,"em<0, wel>0","em>0, wel>0, wel<em"
Harrison Hot Springs,5618.670887359,6018.46492551825,7.1154557042790225,5647.034603264,5236.64394195,-7.267365797206077,82.0,81.0,67.0,96.0,83.0,1905.0,80.0,77.0,64.0,96.0,83.0,1468.0,79.0,74.0,64.0,97.0,79.0,1468.0,3.79746835443038,9.45945945945946,4.6875,-1.0309278350515463,5.063291139240507,29.768392370572204,"em>0, wel>0, wel<em","em<0, wel>0"
Hazelton,681.348013787,859.73267842875,26.181138130904685,415.94495385,185.38396067125,-55.43065038887236,85.0,,,,,257.0,80.0,,,,,313.0,87.0,,,,,270.0,-2.2988505747126435,,,,,-4.814814814814815,"em>0, wel<0","em<0, wel<0, abs(wel)<abs(em)"
Highlands,9426.8464989645,14376.161714188,52.502342281346806,1534.8600449004998,1428.913990128,-6.9026524681843515,85.0,85.0,69.0,97.0,88.0,2482.0,86.0,84.0,70.0,98.0,90.0,2225.0,85.0,85.0,68.0,98.0,89.0,2120.0,0.0,0.0,1.4705882352941175,-1.0204081632653061,-1.1235955056179776,17.075471698113205,Other,Other
Hope,26576.6320352885,27686.629732429,4.1765927889833465,14981.405838735001,14036.856221950002,-6.304812959160549,77.0,77.0,58.0,95.0,80.0,6686.0,76.0,74.0,56.0,94.0,79.0,6181.0,75.0,69.0,56.0,94.0,79.0,5969.0,2.666666666666667,11.594202898550725,3.571428571428571,1.0638297872340425,1.2658227848101267,12.012062321996984,"em>0, wel>0, wel<em","em<0, wel>0"
Houston,21433.7447162105,26297.26122037125,22.690932305834703,14621.347408095,21903.341732425,49.80385268937922,79.0,79.0,58.0,95.0,85.0,3052.0,78.0,79.0,56.0,93.0,83.0,2993.0,79.0,79.0,57.0,93.0,87.0,3147.0,0.0,0.0,1.7543859649122806,2.1505376344086025,-2.2988505747126435,-3.0187480139815697,Other,Other
Hudson's Hope,4877.568620993,6348.25101469575,30.1519570093376,3130.1646826449996,3162.0340866135,1.0181382514855686,81.0,82.0,58.0,95.0,87.0,841.0,79.0,80.0,60.0,93.0,82.0,1015.0,80.0,80.0,56.0,96.0,89.0,970.0,1.25,2.5,3.571428571428571,-1.0416666666666665,-2.247191011235955,-13.29896907216495,"em>0, wel>0, wel<em","em>0, wel>0, wel>em"
Invermere,5640.265544277,16988.98195550275,201.20890270389725,3008.52364415,2176.2969564474997,-27.66229507023302,84.0,81.0,69.0,95.0,90.0,3917.0,84.0,80.0,68.0,96.0,91.0,3391.0,82.0,83.0,66.0,93.0,88.0,2955.0,2.4390243902439024,-2.4096385542168677,4.545454545454546,2.1505376344086025,2.272727272727273,32.55499153976311,"em>0, wel>0, wel<em","em<0, wel>0"
Kamloops,310297.110810451,318164.81105148775,2.5355377046494185,336260.010629,384456.725764175,14.333168860911929,83.0,82.0,68.0,96.0,87.0,97902.0,82.0,79.0,65.0,96.0,87.0,90280.0,81.0,77.0,64.0,96.0,86.0,85678.0,2.4691358024691357,6.493506493506493,6.25,0.0,1.1627906976744187,14.267373187982912,"em>0, wel>0, wel<em","em>0, wel>0, wel<em"
Kaslo,6498.702080228501,6500.8929465835,0.03371236791519931,1106.999452225,603.5997702975001,-45.47424851165896,80.0,72.0,69.0,94.0,85.0,1049.0,79.0,72.0,65.0,95.0,84.0,968.0,74.0,68.0,66.0,90.0,74.0,1026.0,8.108108108108109,5.88235294117647,4.545454545454546,4.444444444444445,14.864864864864865,2.241715399610136,Other,"em<0, wel>0"
Kelowna,406628.3386659885,449154.2193416557,10.458169446620563,288178.054728215,303661.52157953696,5.37288200724537,84.0,83.0,70.0,97.0,88.0,144576.0,83.0,81.0,66.0,97.0,88.0,127380.0,81.0,77.0,65.0,97.0,87.0,117312.0,3.7037037037037033,7.792207792207792,7.6923076923076925,0.0,1.1494252873563218,23.24058919803601,"em>0, wel>0, wel<em","em>0, wel>0, wel<em"
Kent,18639.547142161,25275.04893703825,35.59905047193092,13045.629633,14223.12487955,9.025974825863733,81.0,78.0,63.0,97.0,85.0,6300.0,77.0,73.0,57.0,96.0,84.0,6067.0,78.0,71.0,58.0,95.0,87.0,5664.0,3.8461538461538463,9.859154929577464,8.620689655172415,2.1052631578947367,-2.2988505747126435,11.228813559322035,"em>0, wel>0, wel<em","em>0, wel>0, wel<em"
Keremeos,5836.1297409405,5436.720551614,-6.843733896534901,3080.03861927,3441.32328950925,11.729874683353108,77.0,76.0,54.0,96.0,81.0,1608.0,74.0,71.0,52.0,97.0,75.0,1502.0,63.0,58.0,42.0,92.0,60.0,1330.0,22.22222222222222,31.03448275862069,28.57142857142857,4.3478260869565215,35.0,20.902255639097746,"em<0, wel>0","em>0, wel>0, wel>em"
Kimberley,24383.94837639,24960.254716189753,2.3634660429225987,66574.9812537,74226.545786755,11.493153116929728,83.0,80.0,70.0,95.0,87.0,8115.0,81.0,78.0,66.0,94.0,86.0,7425.0,78.0,74.0,65.0,92.0,83.0,6652.0,6.41025641025641,8.108108108108109,7.6923076923076925,3.260869565217391,4.819277108433735,21.99338544798557,"em>0, wel>0, wel>em","em>0, wel>0, wel<em"
Kitimat,35013.616748086,31970.826579226,-8.690305233966827,140232.48274985,84369.696249025,-39.83583931867936,81.0,88.0,61.0,92.0,84.0,8236.0,80.0,86.0,60.0,93.0,82.0,8131.0,78.0,80.0,56.0,95.0,82.0,8335.0,3.8461538461538463,10.0,8.928571428571429,-3.1578947368421053,2.4390243902439024,-1.187762447510498,"em<0, wel>0","em<0, wel>0"
Ladysmith,16212.366333312002,20213.374579333,24.67874315052958,14740.8828745,12089.7912479125,-17.984619029661896,82.0,80.0,67.0,96.0,85.0,8990.0,81.0,77.0,64.0,97.0,86.0,8537.0,80.0,75.0,63.0,96.0,86.0,7921.0,2.5,6.666666666666667,6.349206349206349,0.0,-1.1627906976744187,13.495770736018178,"em>0, wel>0, wel<em","em<0, wel>0"
Lake Country,48588.134636141505,59270.83357838825,21.986229811548665,21507.410888885002,24555.3555186275,14.171601805020945,84.0,86.0,69.0,96.0,87.0,15817.0,83.0,82.0,65.0,97.0,87.0,12922.0,80.0,74.0,62.0,96.0,88.0,11708.0,5.0,16.216216216216218,11.29032258064516,0.0,-1.1363636363636365,35.09566108643662,"em>0, wel>0, wel<em","em>0, wel>0, wel<em"
Lake Cowichan,12051.292483671,13762.08849518625,14.195954615102957,2465.5724318599996,1167.2217345,-52.65919916132981,79.0,77.0,60.0,96.0,81.0,3325.0,75.0,71.0,57.0,93.0,80.0,3226.0,76.0,72.0,57.0,95.0,79.0,2974.0,3.9473684210526314,6.944444444444445,5.263157894736842,1.0526315789473684,2.5316455696202533,11.802286482851379,"em>0, wel>0, wel<em","em<0, wel>0"
Langford,92899.94719214301,129153.81115540375,39.024633553642,29205.084339200002,33600.05355365,15.048644144988588,84.0,82.0,69.0,97.0,90.0,46584.0,83.0,78.0,67.0,97.0,89.0,35342.0,82.0,77.0,65.0,98.0,90.0,29228.0,2.4390243902439024,6.493506493506493,6.153846153846154,-1.0204081632653061,0.0,59.38141508142877,"em>0, wel>0, wel<em","em>0, wel>0, wel<em"
Langley City,119196.643454761,95955.946310955,-19.497778184187375,70429.08298278999,75967.4024661,7.863682514030963,81.0,79.0,64.0,94.0,88.0,28963.0,80.0,75.0,60.0,95.0,88.0,25888.0,79.0,73.0,60.0,95.0,87.0,25081.0,2.5316455696202533,8.21917808219178,6.666666666666667,-1.0526315789473684,1.1494252873563218,15.477851760296637,"em<0, wel>0","em>0, wel>0, wel<em"
Langley Township,454841.823974338,470514.83612071176,3.445815956286819,312509.7752081,338360.26700175,8.271898623470644,84.0,83.0,69.0,96.0,89.0,132603.0,83.0,80.0,67.0,97.0,89.0,117285.0,82.0,78.0,66.0,97.0,89.0,104177.0,2.4390243902439024,6.41025641025641,4.545454545454546,-1.0309278350515463,0.0,27.286253203682193,"em>0, wel>0, wel<em","em>0, wel>0, wel<em"
Lantzville,16063.2775594925,16069.127799315,0.03641996349021541,4022.7270485999998,2809.69210512,-30.15454264793241,83.0,84.0,68.0,95.0,86.0,3817.0,83.0,81.0,69.0,96.0,85.0,3605.0,82.0,80.0,68.0,95.0,85.0,3601.0,1.2195121951219512,5.0,0.0,0.0,1.1764705882352942,5.998333796167731,Other,"em<0, wel>0"
Lillooet,10602.3491949675,12047.89341568425,13.634187991118887,1663.4531328849998,877.3905036799999,-47.25487082654964,79.0,79.0,59.0,94.0,83.0,2302.0,76.0,73.0,58.0,93.0,81.0,2275.0,75.0,73.0,59.0,91.0,77.0,2322.0,5.333333333333334,8.21917808219178,0.0,3.296703296703297,7.792207792207792,-0.8613264427217916,"em>0, wel>0, wel<em","em<0, wel>0"
Lions Bay,4560.720316671999,1517.362500126,-66.72976208211703,821.89479405,471.4154042705,-42.64285311413939,91.0,97.0,81.0,96.0,91.0,1390.0,88.0,92.0,80.0,93.0,89.0,1334.0,89.0,93.0,83.0,97.0,84.0,1318.0,2.247191011235955,4.301075268817205,-2.4096385542168677,-1.0309278350515463,8.333333333333332,5.462822458270106,"em<0, wel>0","em<0, wel>0"
Logan Lake,8338.112046683,6347.7965296272505,-23.87009800195142,19355.275621485,20614.184596477502,6.504216212736695,80.0,80.0,61.0,97.0,81.0,2255.0,78.0,78.0,59.0,97.0,80.0,1993.0,78.0,76.0,57.0,98.0,83.0,2073.0,2.564102564102564,5.263157894736842,7.017543859649122,-1.0204081632653061,-2.4096385542168677,8.779546550892427,"em<0, wel>0","em>0, wel>0, wel<em"
Lumby,8502.057377886,11422.6960828655,34.35214060747381,8656.77337139,9811.7510782725,13.341896077580326,78.0,76.0,58.0,95.0,83.0,2063.0,76.0,73.0,54.0,96.0,82.0,1833.0,75.0,66.0,58.0,95.0,80.0,1731.0,4.0,15.151515151515152,0.0,0.0,3.75,19.179664933564414,"em>0, wel>0, wel<em","em>0, wel>0, wel<em"
Lytton,737.5236516525001,785.2208436467499,6.467208460010629,279.60967506,156.60476151325,-43.99165140489327,79.0,,,,,210.0,78.0,,,,,249.0,76.0,,,,,228.0,3.9473684210526314,,,,,-7.894736842105263,"em>0, wel>0, wel<em","em<0, wel>0"
Mackenzie,22657.5698187125,23014.32128541575,1.5745354402863336,140882.19814912998,131616.86622063498,-6.576652018651242,81.0,82.0,61.0,96.0,86.0,3281.0,80.0,83.0,55.0,95.0,87.0,3714.0,78.0,75.0,57.0,93.0,88.0,3507.0,3.8461538461538463,9.333333333333334,7.017543859649122,3.225806451612903,-2.272727272727273,-6.444254348445966,"em>0, wel>0, wel>em","em<0, wel>0"
Maple Ridge,204691.499890527,256945.0914074935,25.52797333788299,157563.28508735,147565.74767625,-6.345093278270733,83.0,82.0,68.0,96.0,88.0,90990.0,82.0,79.0,65.0,97.0,89.0,82256.0,81.0,76.0,64.0,96.0,88.0,76052.0,2.4691358024691357,7.894736842105263,6.25,0.0,0.0,19.64182401514753,"em>0, wel>0, wel<em","em<0, wel>0"
Masset,2888.6817338729998,2585.37130171725,-10.499960192883083,1212.5290820700002,496.9302830625,-59.01704211381449,78.0,79.0,60.0,88.0,84.0,838.0,76.0,74.0,58.0,84.0,89.0,793.0,74.0,71.0,55.0,89.0,82.0,884.0,5.405405405405405,11.267605633802818,9.090909090909092,-1.1235955056179776,2.4390243902439024,-5.203619909502263,"em<0, wel>0","em<0, wel>0"
McBride,3613.4000922135,3690.84977944575,2.143401927706421,778.529205895,464.0251626675,-40.39720550572602,77.0,75.0,59.0,93.0,83.0,588.0,76.0,70.0,58.0,95.0,81.0,616.0,68.0,58.0,47.0,90.0,78.0,586.0,13.23529411764706,29.310344827586203,25.53191489361702,3.3333333333333335,6.41025641025641,0.3412969283276451,"em>0, wel>0, wel>em","em<0, wel>0"
Merritt,23315.625678194498,24959.274462926,7.049558984251044,40894.44167915,27041.505038937503,-33.87486433706565,78.0,77.0,59.0,95.0,81.0,7051.0,77.0,75.0,58.0,94.0,83.0,7139.0,77.0,74.0,58.0,93.0,82.0,7113.0,1.2987012987012987,4.054054054054054,1.7241379310344827,2.1505376344086025,-1.2195121951219512,-0.8716434697033602,"em>0, wel>0, wel<em","em<0, wel>0"
Metchosin,19911.483774621,23507.62344803425,18.06063131265415,4509.667071395,3065.5384701375,-32.022953765648595,85.0,87.0,69.0,96.0,88.0,5067.0,84.0,82.0,69.0,96.0,88.0,4708.0,84.0,83.0,68.0,96.0,88.0,4803.0,1.1904761904761905,4.819277108433735,1.4705882352941175,0.0,0.0,5.496564647095565,"em>0, wel>0, wel<em","em<0, wel>0"
Midway,3395.8067037965,3419.43160962925,0.6957082040723132,1475.11832103,1247.84103839925,-15.407393386047424,79.0,74.0,56.0,97.0,87.0,651.0,73.0,70.0,53.0,95.0,75.0,649.0,73.0,66.0,58.0,97.0,72.0,674.0,8.21917808219178,12.121212121212121,-3.4482758620689653,0.0,20.833333333333336,-3.4124629080118694,"em>0, wel>0, wel>em","em<0, wel>0"
Mission,119399.69831007949,144102.91520843725,20.689513665439772,69250.08923895,69424.24360465,0.2514861245868928,80.0,78.0,62.0,95.0,87.0,41519.0,79.0,74.0,60.0,95.0,87.0,38833.0,79.0,72.0,60.0,96.0,87.0,36426.0,1.2658227848101267,8.333333333333332,3.3333333333333335,-1.0416666666666665,0.0,13.98177126228518,"em>0, wel>0, wel<em",Other
Montrose,3645.943979439,4140.470633325,13.563748008056125,1590.188964765,1456.2701139292499,-8.421568367224888,82.0,80.0,68.0,96.0,84.0,1013.0,83.0,84.0,65.0,98.0,84.0,996.0,81.0,83.0,60.0,95.0,86.0,1030.0,1.2345679012345678,-3.614457831325301,13.333333333333334,1.0526315789473684,-2.3255813953488373,-1.650485436893204,"em>0, wel>0, wel<em","em<0, wel>0"
Nakusp,12933.7984849185,10651.123760528251,-17.648912089143565,1278.6794799,548.9386138395,-57.069881665542155,80.0,78.0,65.0,94.0,83.0,1589.0,78.0,73.0,57.0,93.0,88.0,1605.0,74.0,67.0,54.0,93.0,81.0,1569.0,8.108108108108109,16.417910447761194,20.37037037037037,1.0752688172043012,2.4691358024691357,1.2746972594008923,"em<0, wel>0","em<0, wel>0"
Nanaimo,314907.32444467896,284246.77231574425,-9.73637313231848,212758.472311,233644.18681797502,9.816631168720418,82.0,79.0,68.0,96.0,86.0,99863.0,81.0,76.0,66.0,96.0,85.0,90504.0,80.0,74.0,65.0,96.0,85.0,83810.0,2.5,6.756756756756757,4.615384615384616,0.0,1.1764705882352942,19.154038897506265,"em<0, wel>0","em>0, wel>0, wel<em"
Nelson,34850.979806716496,39209.1322854795,12.505107468809525,31717.241848899997,30696.433679077498,-3.218464501691539,85.0,80.0,75.0,95.0,88.0,11106.0,82.0,75.0,72.0,94.0,87.0,10572.0,81.0,75.0,70.0,94.0,85.0,10230.0,4.938271604938271,6.666666666666667,7.142857142857142,1.0638297872340425,3.5294117647058822,8.563049853372434,"em>0, wel>0, wel<em","em<0, wel>0"
New Denver,2418.1733522084996,1836.8253105845,-24.040792654218066,617.587142855,295.152631608,-52.20874737716208,74.0,67.0,58.0,92.0,77.0,487.0,79.0,72.0,65.0,95.0,86.0,473.0,76.0,71.0,61.0,94.0,78.0,504.0,-2.631578947368421,-5.633802816901409,-4.918032786885246,-2.127659574468085,-1.282051282051282,-3.373015873015873,"em<0, wel<0, abs(wel)<abs(em)","em<0, wel<0, abs(wel)<abs(em)"
New Hazelton,2159.356938213,2907.24576423925,34.63479394218049,733.70694671,358.9056603875,-51.083240795679885,74.0,74.0,51.0,88.0,82.0,602.0,72.0,74.0,47.0,94.0,74.0,580.0,75.0,67.0,64.0,93.0,76.0,666.0,-1.3333333333333335,10.44776119402985,-20.3125,-5.376344086021505,7.894736842105263,-9.60960960960961,"em>0, wel<0","em<0, wel<0, abs(wel)<abs(em)"
New Westminster,120855.308187585,143586.205240634,18.808356367572493,196071.78056985,146511.75224424998,-25.27647180107308,84.0,83.0,74.0,92.0,88.0,78916.0,83.0,79.0,71.0,93.0,89.0,70996.0,81.0,77.0,69.0,91.0,87.0,65976.0,3.7037037037037033,7.792207792207792,7.246376811594203,1.098901098901099,1.1494252873563218,19.61319267612465,"em>0, wel>0, wel<em","em<0, wel>0"
North Cowichan,117624.855305775,118571.15558054,0.8045070680894961,124782.23865845,170366.52071975003,36.5310660807039,82.0,80.0,65.0,96.0,86.0,31990.0,81.0,77.0,63.0,96.0,86.0,29676.0,79.0,74.0,62.0,96.0,85.0,28807.0,3.79746835443038,8.108108108108109,4.838709677419355,0.0,1.1764705882352942,11.049397715832958,"em>0, wel>0, wel>em","em>0, wel>0, wel<em"
North Saanich,44107.844814062,47424.0497404315,7.518401636600169,13704.76337476,11905.569442465,-13.128237847641847,89.0,94.0,77.0,98.0,87.0,12235.0,88.0,93.0,75.0,98.0,87.0,11249.0,86.0,88.0,74.0,97.0,86.0,11089.0,3.488372093023256,6.8181818181818175,4.054054054054054,1.0309278350515463,1.1627906976744187,10.334565785913968,"em>0, wel>0, wel<em","em<0, wel>0"
North Vancouver City,111547.030764782,128565.04720634026,15.256359873391842,44679.11933345,42539.1897156,-4.789551919945511,87.0,87.0,79.0,94.0,89.0,58120.0,85.0,82.0,76.0,94.0,90.0,52898.0,84.0,81.0,73.0,93.0,89.0,48196.0,3.571428571428571,7.4074074074074066,8.21917808219178,1.0752688172043012,0.0,20.590920408332643,"em>0, wel>0, wel<em","em<0, wel>0"
North Vancouver District,239076.3409332325,217330.00944400876,-9.095978047989663,305576.5511427,259141.43812295003,-15.195901925755237,89.0,93.0,81.0,95.0,88.0,88168.0,88.0,90.0,79.0,96.0,89.0,85935.0,87.0,86.0,77.0,96.0,89.0,84412.0,2.2988505747126435,8.13953488372093,5.194805194805195,-1.0416666666666665,-1.1235955056179776,4.449604321660427,"em<0, wel>0","em<0, wel>0"
Northern Rockies,61369.379955428,41435.3672688905,-32.482017418157696,22449.60595445,27035.9847656905,20.429662866004033,80.0,82.0,58.0,95.0,86.0,3947.0,80.0,85.0,56.0,94.0,85.0,4831.0,80.0,84.0,56.0,89.0,91.0,4987.0,0.0,-2.380952380952381,3.571428571428571,6.741573033707865,-5.4945054945054945,-20.85422097453379,Other,Other
Oak Bay,44306.163917671496,45069.01813715,1.7217789851904555,27474.1236867,25311.618547075,-7.87106138228479,91.0,95.0,84.0,97.0,87.0,17990.0,90.0,94.0,83.0,97.0,87.0,18094.0,88.0,90.0,80.0,97.0,87.0,18015.0,3.4090909090909087,5.555555555555555,5.0,0.0,0.0,-0.13877324451845685,"em>0, wel>0, wel>em","em<0, wel>0"
Oliver,26161.790396475,18926.11697995275,-27.657409171419612,12970.050089745,15268.399698125,17.720437411396205,80.0,78.0,60.0,95.0,85.0,5094.0,78.0,73.0,58.0,96.0,84.0,4928.0,76.0,71.0,56.0,93.0,83.0,4824.0,5.263157894736842,9.859154929577464,7.142857142857142,2.1505376344086025,2.4096385542168677,5.597014925373134,"em<0, wel>0","em>0, wel>0, wel<em"
One Hundred Mile House,14098.001811940001,16045.17138853,13.811670636479029,11276.377690825,10177.242258415,-9.747238541897266,75.0,73.0,52.0,97.0,78.0,1928.0,74.0,70.0,50.0,96.0,80.0,1980.0,75.0,70.0,54.0,95.0,79.0,1886.0,0.0,4.285714285714286,-3.7037037037037033,2.1052631578947367,-1.2658227848101267,2.2269353128313893,Other,Other
Osoyoos,22946.198998594,26993.47474997125,17.638109700108675,8088.864677455,7747.37578837,-4.221715935448712,80.0,78.0,62.0,98.0,83.0,5556.0,77.0,75.0,58.0,93.0,83.0,5085.0,77.0,75.0,58.0,96.0,81.0,4845.0,3.896103896103896,4.0,6.896551724137931,2.083333333333333,2.4691358024691357,14.674922600619194,"em>0, wel>0, wel<em","em<0, wel>0"
Parksville,37681.937796232,40879.75294170175,8.486334123160502,23310.244743249998,20341.217821375,-12.737004499855132,82.0,79.0,66.0,97.0,84.0,13642.0,80.0,77.0,64.0,98.0,83.0,12514.0,78.0,74.0,62.0,97.0,81.0,11977.0,5.128205128205128,6.756756756756757,6.451612903225806,0.0,3.7037037037037033,13.901644819236871,"em>0, wel>0, wel<em","em<0, wel>0"
Peachland,20724.053970180503,22972.3740386925,10.848842951997065,10921.3638586,11183.042863614999,2.3960286316158297,82.0,83.0,66.0,97.0,83.0,5789.0,81.0,80.0,64.0,97.0,82.0,5428.0,80.0,77.0,65.0,98.0,82.0,5200.0,2.5,7.792207792207792,1.5384615384615385,-1.0204081632653061,1.2195121951219512,11.326923076923077,"em>0, wel>0, wel<em","em>0, wel>0, wel>em"
Pemberton,11767.444221918,12898.29206154525,9.609969831179962,1127.0558161899999,630.31876701,-44.07386413737823,87.0,82.0,75.0,97.0,93.0,3407.0,84.0,78.0,71.0,95.0,93.0,2574.0,84.0,78.0,72.0,93.0,94.0,2369.0,3.571428571428571,5.128205128205128,4.166666666666666,4.301075268817205,-1.0638297872340425,43.81595609962009,"em>0, wel>0, wel<em","em<0, wel>0"
Penticton,127051.57517901101,130694.22579233875,2.8670645036831557,74196.1580205,76994.516156377,3.7715674376344612,81.0,80.0,64.0,96.0,85.0,36885.0,80.0,78.0,61.0,96.0,85.0,33761.0,78.0,72.0,60.0,96.0,86.0,32877.0,3.8461538461538463,11.11111111111111,6.666666666666667,0.0,-1.1627906976744187,12.190893329683366,"em>0, wel>0, wel>em","em>0, wel>0, wel>em"
Pitt Meadows,56520.4155457225,64159.94445972075,13.516406134378489,41563.04431898,46711.04687435,12.386009349702853,84.0,83.0,68.0,95.0,89.0,19146.0,83.0,81.0,66.0,97.0,90.0,18573.0,82.0,76.0,65.0,96.0,90.0,17736.0,2.4390243902439024,9.210526315789473,4.615384615384616,-1.0416666666666665,-1.1111111111111112,7.949932341001354,"em>0, wel>0, wel<em","em>0, wel>0, wel<em"
Port Alberni,64744.249425950504,59280.969119308,-8.438247960370573,66095.85482625,43414.36176359575,-34.31605979267293,77.0,75.0,58.0,95.0,82.0,18259.0,75.0,72.0,54.0,94.0,80.0,17678.0,74.0,69.0,54.0,94.0,78.0,17743.0,4.054054054054054,8.695652173913043,7.4074074074074066,1.0638297872340425,5.128205128205128,2.9081891450149353,"em<0, wel>0","em<0, wel>0"
Port Alice,3670.970718998,2734.28715445125,-25.515963930173214,1479.921558815,628.9975455184999,-57.497913198713746,77.0,79.0,60.0,92.0,77.0,739.0,76.0,83.0,58.0,95.0,68.0,664.0,79.0,82.0,57.0,93.0,86.0,805.0,-2.5316455696202533,-3.6585365853658534,5.263157894736842,-1.0752688172043012,-10.465116279069768,-8.198757763975156,"em<0, wel<0, abs(wel)<abs(em)","em<0, wel<0, abs(wel)<abs(em)"
Port Clements,2611.710613407,2019.49195695925,-22.675508282106165,430.685357155,149.1692682295,-65.3646761489931,78.0,82.0,55.0,91.0,84.0,340.0,78.0,78.0,58.0,86.0,91.0,282.0,74.0,69.0,47.0,91.0,89.0,378.0,5.405405405405405,18.84057971014493,17.02127659574468,0.0,-5.617977528089887,-10.052910052910052,"em<0, wel>0","em<0, wel>0"
Port Coquitlam,185300.454084374,183794.97399853426,-0.8124535329817651,126058.90377470001,116172.15841050001,-7.8429567988868,84.0,82.0,71.0,95.0,88.0,61498.0,83.0,78.0,68.0,95.0,89.0,58612.0,82.0,76.0,68.0,95.0,89.0,56342.0,2.4390243902439024,7.894736842105263,4.411764705882353,0.0,-1.1235955056179776,9.151254836534024,"em<0, wel>0","em<0, wel>0"
Port Edward,1005.417954664,835.1444808115,-16.935591120351898,1104.4694772550001,678.051682809,-38.608381963239054,78.0,82.0,51.0,89.0,89.0,470.0,76.0,74.0,55.0,85.0,90.0,467.0,71.0,64.0,63.0,71.0,85.0,544.0,9.859154929577464,28.125,-19.047619047619047,25.352112676056336,4.705882352941177,-13.602941176470587,"em<0, wel>0","em<0, wel>0"
Port Hardy,15316.842430315999,17218.58036015975,12.415991993752705,4833.246991,2293.4789189775,-52.54786433947629,78.0,77.0,57.0,92.0,84.0,3902.0,76.0,74.0,53.0,93.0,85.0,4132.0,78.0,74.0,58.0,94.0,87.0,4008.0,0.0,4.054054054054054,-1.7241379310344827,-2.127659574468085,-3.4482758620689653,-2.6447105788423153,Other,Other
Port McNeill,12040.2728051185,12748.41126873675,5.881415438670209,2378.5246464149996,1139.2086143775,-52.10440152072599,81.0,80.0,61.0,95.0,88.0,2356.0,80.0,80.0,57.0,95.0,90.0,2337.0,80.0,77.0,55.0,97.0,89.0,2505.0,1.25,3.896103896103896,10.909090909090908,-2.0618556701030926,-1.1235955056179776,-5.94810379241517,"em>0, wel>0, wel<em","em<0, wel>0"
Port Moody,80603.07516278,81117.293355793,0.6379634920559931,126672.67841005,68271.7814187,-46.10378317122294,88.0,89.0,79.0,96.0,89.0,33535.0,86.0,84.0,76.0,95.0,89.0,33551.0,85.0,82.0,75.0,95.0,88.0,32975.0,3.5294117647058822,8.536585365853659,5.333333333333334,1.0526315789473684,1.1363636363636365,1.698256254738438,"em>0, wel>0, wel>em","em<0, wel>0"
Pouce Coupe,4594.6960120275,4343.77997154725,-5.460993280587632,2786.79914426,2963.86418707175,6.35370665935695,77.0,84.0,52.0,93.0,81.0,762.0,75.0,79.0,51.0,88.0,83.0,792.0,75.0,74.0,47.0,96.0,84.0,738.0,2.666666666666667,13.513513513513514,10.638297872340425,-3.125,-3.571428571428571,3.2520325203252036,"em<0, wel>0","em>0, wel>0, wel<em"
Powell River,130608.700467043,134589.83426588876,3.0481382822198184,118341.513359,134883.265506425,13.977979221242547,80.0,78.0,63.0,94.0,83.0,13943.0,78.0,75.0,60.0,95.0,83.0,13157.0,78.0,73.0,59.0,96.0,82.0,13165.0,2.564102564102564,6.8493150684931505,6.779661016949152,-2.083333333333333,1.2195121951219512,5.909608811241929,"em>0, wel>0, wel<em","em>0, wel>0, wel<em"
Prince George,327626.852225624,332237.8675416485,1.4073984732023894,508153.2453985,683383.482551325,34.48373866340405,82.0,82.0,64.0,96.0,86.0,76708.0,81.0,79.0,61.0,95.0,87.0,74003.0,79.0,76.0,60.0,95.0,86.0,71974.0,3.79746835443038,7.894736842105263,6.666666666666667,1.0526315789473684,0.0,6.577375163253397,"em>0, wel>0, wel>em","em>0, wel>0, wel<em"
Prince Rupert,34428.869664564,43334.948892701,25.868055834849567,41896.350378849995,37784.277635225,-9.814871000555792,80.0,84.0,59.0,89.0,86.0,12300.0,77.0,78.0,55.0,90.0,85.0,12220.0,75.0,72.0,54.0,91.0,82.0,12508.0,6.666666666666667,16.666666666666664,9.25925925925926,-2.197802197802198,4.878048780487805,-1.6629357211384712,"em>0, wel>0, wel<em","em<0, wel>0"
Princeton,19077.200681005503,20173.18291759775,5.744984575664076,23689.60894382,27641.7437570975,16.682988827084504,79.0,80.0,58.0,95.0,82.0,2894.0,78.0,76.0,56.0,95.0,83.0,2828.0,75.0,76.0,48.0,96.0,79.0,2724.0,5.333333333333334,5.263157894736842,20.833333333333336,-1.0416666666666665,3.79746835443038,6.240822320117474,"em>0, wel>0, wel<em","em>0, wel>0, wel<em"
Qualicum Beach,29315.047744928,30553.740878163,4.225451529238305,15199.3039711,11505.0070848775,-24.305697769100792,84.0,84.0,72.0,99.0,81.0,9303.0,83.0,85.0,69.0,98.0,80.0,8943.0,81.0,79.0,67.0,98.0,79.0,8687.0,3.7037037037037033,6.329113924050633,7.462686567164178,1.0204081632653061,2.5316455696202533,7.0910556003223215,"em>0, wel>0, wel<em","em<0, wel>0"
Queen Charlotte,2727.229848393,2301.259721449,-15.619150222890068,930.604099075,493.6223263875,-46.95678571820716,79.0,76.0,64.0,89.0,87.0,964.0,81.0,79.0,67.0,92.0,87.0,852.0,83.0,83.0,69.0,89.0,89.0,944.0,-4.819277108433735,-8.433734939759036,-7.246376811594203,0.0,-2.247191011235955,2.11864406779661,"em<0, wel<0, abs(wel)<abs(em)","em<0, wel<0, abs(wel)<abs(em)"
Quesnel,44005.9687739675,44004.057131685506,-0.004344052262120119,193136.7655109,222977.685280595,15.450667660689843,78.0,78.0,57.0,94.0,81.0,9889.0,77.0,76.0,54.0,95.0,82.0,9879.0,75.0,72.0,53.0,94.0,82.0,10007.0,4.0,8.333333333333332,7.547169811320755,0.0,-1.2195121951219512,-1.1791745777955431,Other,"em>0, wel>0, wel<em"
Radium Hot Springs,3334.3319122865,3550.55964791575,6.484889366666942,1889.482098295,1300.5014390775,-31.17153953186298,84.0,84.0,68.0,97.0,85.0,1339.0,82.0,84.0,65.0,97.0,82.0,776.0,77.0,70.0,61.0,99.0,78.0,777.0,9.090909090909092,20.0,11.475409836065573,-2.0202020202020203,8.974358974358974,72.32947232947234,"em>0, wel>0, wel>em","em<0, wel>0"
Revelstoke,28485.481339258004,34885.230793662,22.46670638345161,18087.93802465,18554.345097907502,2.578553025899849,84.0,81.0,70.0,95.0,88.0,8275.0,82.0,78.0,65.0,96.0,87.0,7547.0,79.0,75.0,62.0,95.0,84.0,7139.0,6.329113924050633,8.0,12.903225806451612,0.0,4.761904761904762,15.91259280011206,"em>0, wel>0, wel<em","em>0, wel>0, wel>em"
Richmond,556331.598048519,487851.5656615967,-12.309211381689302,500515.4123488,574239.950516625,14.729723870410547,82.0,78.0,74.0,93.0,83.0,209937.0,81.0,74.0,72.0,93.0,85.0,198309.0,80.0,73.0,71.0,92.0,84.0,190473.0,2.5,6.8493150684931505,4.225352112676056,1.0869565217391304,-1.1904761904761905,10.218771164417003,"em<0, wel>0","em>0, wel>0, wel<em"
Rossland,12204.023553347,14837.61717383725,21.579715976277157,8284.50089652,9139.640278265,10.32215932409654,88.0,87.0,80.0,96.0,87.0,4140.0,85.0,83.0,75.0,94.0,87.0,3729.0,83.0,80.0,73.0,95.0,85.0,3556.0,6.024096385542169,8.75,9.58904109589041,1.0526315789473684,2.3529411764705883,16.42294713160855,"em>0, wel>0, wel<em","em>0, wel>0, wel<em"
Saanich,290858.0282809475,280755.70382487675,-3.473283689564388,122688.049971,100038.417553925,-18.46115609664408,86.0,85.0,76.0,96.0,87.0,117735.0,84.0,81.0,73.0,96.0,87.0,114148.0,84.0,80.0,72.0,96.0,88.0,109752.0,2.380952380952381,6.25,5.555555555555555,0.0,-1.1363636363636365,7.273671550404548,"em<0, wel>0","em<0, wel>0"
Salmo,6281.007038243,11328.8539139925,80.36683998306017,2125.426314225,2097.1697248205,-1.3294551410879372,77.0,75.0,59.0,94.0,81.0,1140.0,74.0,72.0,53.0,93.0,78.0,1141.0,73.0,63.0,51.0,95.0,82.0,1139.0,5.47945205479452,19.047619047619047,15.686274509803921,-1.0526315789473684,-1.2195121951219512,0.08779631255487269,"em>0, wel>0, wel<em","em<0, wel>0"
Salmon Arm,68467.751509679,72398.56643531026,5.741118758771533,29634.173424,29059.168762375,-1.9403431754209746,82.0,79.0,66.0,96.0,86.0,19432.0,81.0,78.0,64.0,96.0,86.0,17706.0,78.0,71.0,61.0,94.0,86.0,17464.0,5.128205128205128,11.267605633802818,8.19672131147541,2.127659574468085,0.0,11.268896014658726,"em>0, wel>0, wel<em","em<0, wel>0"
Sayward,1179.3962091365001,1118.328590357,-5.177871380832326,410.5627426,183.15603615675002,-55.38902653541704,76.0,74.0,57.0,98.0,77.0,334.0,74.0,71.0,47.0,100.0,78.0,311.0,74.0,79.0,52.0,92.0,73.0,317.0,2.7027027027027026,-6.329113924050633,9.615384615384617,6.521739130434782,5.47945205479452,5.3627760252365935,"em<0, wel>0","em<0, wel>0"
Sechelt,35016.4751680985,40471.21366949075,15.577634456942008,16746.55059415,15643.761767914999,-6.585170002831717,83.0,82.0,69.0,97.0,86.0,10847.0,81.0,78.0,66.0,97.0,85.0,10216.0,83.0,80.0,68.0,98.0,87.0,9291.0,0.0,2.5,1.4705882352941175,-1.0204081632653061,-1.1494252873563218,16.74738994726079,Other,Other
Sechelt IGD,6686.2292099139995,4108.6714901645,-38.550244671953934,620.15718494,735.57497982125,18.611055017030353,71.0,69.0,54.0,86.0,75.0,744.0,70.0,58.0,56.0,85.0,80.0,671.0,71.0,63.0,53.0,89.0,78.0,797.0,0.0,9.523809523809524,1.8867924528301887,-3.3707865168539324,-3.8461538461538463,-6.649937264742785,Other,Other
Sicamous,13581.478411819,10753.6549037925,-20.821175885871494,2448.20856955,1332.349022355,-45.578614545904635,77.0,77.0,53.0,96.0,81.0,2613.0,77.0,78.0,54.0,95.0,79.0,2429.0,72.0,71.0,46.0,95.0,76.0,2441.0,6.944444444444445,8.450704225352112,15.217391304347828,1.0526315789473684,6.578947368421052,7.046292503072511,"em<0, wel>0","em<0, wel>0"
Sidney,34974.089857168,39578.915949915,13.166392925599546,13949.14943795,10865.683675215,-22.10504501691075,85.0,84.0,70.0,97.0,87.0,12318.0,83.0,80.0,68.0,98.0,87.0,11672.0,82.0,79.0,65.0,96.0,86.0,11178.0,3.6585365853658534,6.329113924050633,7.6923076923076925,1.0416666666666665,1.1627906976744187,10.198604401502951,"em>0, wel>0, wel<em","em<0, wel>0"
Silverton,633.7758265924999,619.60059984275,-2.236631022354258,263.38992720500005,115.74919342874999,-56.054054664489584,82.0,,,,,149.0,80.0,,,,,195.0,65.0,,,,,195.0,26.153846153846157,,,,,-23.589743589743588,"em<0, wel>0","em<0, wel>0"
Slocan,1247.9219685435,1229.0716915905,-1.5105333048188074,639.283859165,202.49132962225002,-68.32528669083968,70.0,68.0,48.0,94.0,71.0,379.0,78.0,,,,,272.0,72.0,,,,,296.0,-2.7777777777777777,,,,,28.040540540540544,"em<0, wel<0, abs(wel)>abs(em)","em<0, wel<0, abs(wel)<abs(em)"
Smithers,32631.217206269,39924.9834800185,22.35211217419203,22480.496340455,23727.347122979998,5.5463667867564626,84.0,81.0,67.0,96.0,92.0,5378.0,82.0,79.0,64.0,96.0,88.0,5401.0,80.0,74.0,60.0,97.0,88.0,5404.0,5.0,9.45945945945946,11.666666666666666,-1.0309278350515463,4.545454545454546,-0.4811250925240563,"em>0, wel>0, wel<em","em>0, wel>0, wel<em"
Sooke,41655.677601475996,46923.863352865,12.646981287377587,8154.4288781,6828.68792545,-16.25792526329447,82.0,80.0,66.0,97.0,86.0,15086.0,81.0,76.0,64.0,96.0,87.0,13001.0,80.0,74.0,64.0,97.0,87.0,11435.0,2.5,8.108108108108109,3.125,0.0,-1.1494252873563218,31.928290336685617,"em>0, wel>0, wel<em","em<0, wel>0"
Spallumcheen,32245.483327338,31707.81448720225,-1.6674237277749513,20557.044580075,25654.33152531,24.795815981133636,80.0,78.0,60.0,96.0,85.0,5307.0,79.0,75.0,60.0,95.0,86.0,5106.0,77.0,72.0,58.0,91.0,86.0,5055.0,3.896103896103896,8.333333333333332,3.4482758620689653,5.4945054945054945,-1.1627906976744187,4.985163204747774,"em<0, wel>0","em>0, wel>0, wel<em"
Sparwood,22339.643835927003,15978.525902795249,-28.474571841211244,87617.3372315,140869.27641952998,60.777856153433696,84.0,86.0,63.0,97.0,89.0,4148.0,83.0,85.0,62.0,98.0,89.0,3784.0,82.0,86.0,60.0,96.0,87.0,3667.0,2.4390243902439024,0.0,5.0,1.0416666666666665,2.2988505747126435,13.116989364603219,"em<0, wel>0","em>0, wel>0, wel<em"
Squamish,34231.0372442805,52872.618231905,54.4581248140216,25739.2083411,27849.55741106,8.19896650275069,87.0,86.0,75.0,95.0,91.0,23819.0,84.0,80.0,71.0,95.0,91.0,19512.0,81.0,76.0,66.0,94.0,90.0,17158.0,7.4074074074074066,13.157894736842104,13.636363636363635,1.0638297872340425,1.1111111111111112,38.82154097214128,"em>0, wel>0, wel<em","em>0, wel>0, wel<em"
Stewart,3590.03243489,3677.08448558025,2.424826300849776,757.252472745,309.7046204675,-59.10153725284816,78.0,84.0,52.0,96.0,79.0,517.0,80.0,79.0,58.0,94.0,88.0,401.0,79.0,84.0,61.0,83.0,87.0,494.0,-1.2658227848101267,0.0,-14.754098360655737,15.66265060240964,-9.195402298850574,4.65587044534413,"em>0, wel<0","em<0, wel<0, abs(wel)<abs(em)"
Summerland,42234.074418178,44962.0687268485,6.45922598340722,23889.47739075,24739.0471232325,3.556250806940861,82.0,81.0,67.0,96.0,85.0,12042.0,82.0,79.0,66.0,96.0,85.0,11615.0,80.0,76.0,63.0,97.0,85.0,11280.0,2.5,6.578947368421052,6.349206349206349,-1.0309278350515463,0.0,6.75531914893617,"em>0, wel>0, wel<em","em>0, wel>0, wel<em"
Sun Peaks Mountain Resort,802.009421016,2766.73664812675,244.9755795414221,5841.497491210001,6664.343609815,14.086218813637727,87.0,91.0,78.0,96.0,85.0,1404.0,83.0,79.0,75.0,98.0,82.0,616.0,81.0,76.0,71.0,93.0,87.0,371.0,7.4074074074074066,19.736842105263158,9.859154929577464,3.225806451612903,-2.2988505747126435,278.4366576819407,"em>0, wel>0, wel<em","em>0, wel>0, wel<em"
Surrey,1503197.1777262525,1604326.1515337685,6.727592048867767,877806.5445225,908370.035175,3.4818025501422483,81.0,78.0,68.0,91.0,86.0,568322.0,79.0,74.0,65.0,92.0,87.0,517887.0,78.0,72.0,63.0,92.0,86.0,468251.0,3.8461538461538463,8.333333333333332,7.936507936507936,-1.0869565217391304,0.0,21.371230387121436,"em>0, wel>0, wel<em","em>0, wel>0, wel>em"
Tahsis,1557.419749523,1158.6910878195001,-25.60187527001766,859.35373693,433.85644998,-49.513636662600504,68.0,70.0,54.0,87.0,62.0,393.0,73.0,,,,,248.0,77.0,62.0,59.0,98.0,90.0,316.0,-11.688311688311687,12.903225806451612,-8.47457627118644,-11.224489795918368,-31.11111111111111,24.367088607594937,"em<0, wel<0, abs(wel)<abs(em)","em<0, wel<0, abs(wel)<abs(em)"
Taylor,8774.888768396,11357.21501855375,29.428592410861803,6093.25273032,3310.4779535035,-45.66977442063784,79.0,82.0,56.0,94.0,85.0,1317.0,79.0,84.0,54.0,95.0,84.0,1469.0,76.0,77.0,48.0,95.0,85.0,1373.0,3.9473684210526314,6.493506493506493,16.666666666666664,-1.0526315789473684,0.0,-4.0786598689002185,"em>0, wel>0, wel<em","em<0, wel>0"
Telkwa,6925.687522823,8169.52511927275,17.959770670432235,2372.4641436849997,1882.95820122875,-20.632806770092245,81.0,77.0,66.0,93.0,87.0,1474.0,81.0,78.0,63.0,98.0,87.0,1327.0,79.0,72.0,61.0,96.0,88.0,1350.0,2.5316455696202533,6.944444444444445,8.19672131147541,-3.125,-1.1363636363636365,9.185185185185185,"em>0, wel>0, wel<em","em<0, wel>0"
Terrace,43504.705933775505,53146.910193091004,22.163589093081615,34016.163620499996,31871.807271452497,-6.30393354456701,82.0,81.0,66.0,93.0,88.0,12017.0,80.0,79.0,62.0,94.0,87.0,11643.0,78.0,74.0,59.0,94.0,86.0,11486.0,5.128205128205128,9.45945945945946,11.864406779661017,-1.0638297872340425,2.3255813953488373,4.623019327877416,"em>0, wel>0, wel<em","em<0, wel>0"
Tofino,7155.8176237425005,7368.1656803975,2.96748838246581,1593.9644853549999,710.7356648315,-55.4108217992568,85.0,83.0,73.0,93.0,90.0,2516.0,83.0,77.0,70.0,96.0,90.0,1932.0,83.0,74.0,67.0,98.0,94.0,1876.0,2.4096385542168677,12.162162162162163,8.955223880597014,-5.1020408163265305,-4.25531914893617,34.11513859275053,"em>0, wel>0, wel<em","em<0, wel>0"
Trail,27040.3486683695,27380.1035720755,1.2564738268461269,72820.2434291,104202.4183595475,43.095399648041756,80.0,79.0,63.0,94.0,83.0,7920.0,78.0,77.0,58.0,94.0,81.0,7709.0,78.0,76.0,58.0,93.0,83.0,7681.0,2.564102564102564,3.9473684210526314,8.620689655172415,1.0752688172043012,0.0,3.1115740138002868,"em>0, wel>0, wel>em","em>0, wel>0, wel<em"
Tumbler Ridge,12590.346682622,10439.49314709825,-17.08335433282782,49124.867588155,33803.631508,-31.18835089511623,83.0,86.0,61.0,98.0,86.0,2399.0,77.0,78.0,57.0,96.0,77.0,1987.0,79.0,82.0,53.0,92.0,88.0,2710.0,5.063291139240507,4.878048780487805,15.09433962264151,6.521739130434782,-2.272727272727273,-11.476014760147601,"em<0, wel>0","em<0, wel>0"
Ucluelet,6699.1777064319995,7994.0245770155,19.328444882724856,1377.97581372,772.3166042325,-43.95281858049852,84.0,78.0,73.0,94.0,91.0,2066.0,82.0,75.0,66.0,94.0,91.0,1717.0,79.0,74.0,62.0,92.0,89.0,1627.0,6.329113924050633,5.405405405405405,17.741935483870968,2.1739130434782608,2.247191011235955,26.98217578365089,"em>0, wel>0, wel<em","em<0, wel>0"
Valemount,6805.750980925501,6866.6192907505,0.8943658090869798,1283.94824636,816.27022806,-36.42498984097448,81.0,77.0,64.0,95.0,88.0,1052.0,78.0,74.0,56.0,95.0,88.0,1021.0,76.0,72.0,50.0,94.0,85.0,1020.0,6.578947368421052,6.944444444444445,28.000000000000004,1.0638297872340425,3.5294117647058822,3.1372549019607843,"em>0, wel>0, wel>em","em<0, wel>0"
Vancouver,1231948.2113255784,902484.501819843,-26.743308401838732,1591983.3306669998,1454275.3699827502,-8.650088102778913,86.0,88.0,77.0,94.0,87.0,662248.0,85.0,83.0,74.0,94.0,88.0,631486.0,83.0,81.0,72.0,92.0,86.0,603502.0,3.614457831325301,8.641975308641975,6.944444444444445,2.1739130434782608,1.1627906976744187,9.734184808003949,"em<0, wel>0","em<0, wel>0"
Vanderhoof,28514.523685022,39894.06258418475,39.90786949438034,17369.048914465,13072.533760505,-24.736617273164832,81.0,79.0,61.0,97.0,86.0,4346.0,80.0,78.0,61.0,94.0,89.0,4439.0,78.0,76.0,57.0,95.0,85.0,4480.0,3.8461538461538463,3.9473684210526314,7.017543859649122,2.1052631578947367,1.1764705882352942,-2.991071428571429,"em>0, wel>0, wel<em","em<0, wel>0"
Vernon,161729.842972868,163095.138903478,0.8441830558377676,103121.67698330001,104809.035193625,1.6362788694740074,81.0,80.0,65.0,96.0,85.0,44519.0,80.0,77.0,62.0,96.0,85.0,40116.0,78.0,74.0,61.0,95.0,84.0,38150.0,3.8461538461538463,8.108108108108109,6.557377049180328,1.0526315789473684,1.1904761904761905,16.694626474442988,"em>0, wel>0, wel>em","em>0, wel>0, wel>em"
Victoria,209279.12117057102,188576.22123719123,-9.892482258899623,142281.7256315,147807.836106175,3.883921459448167,86.0,85.0,78.0,95.0,88.0,91867.0,85.0,80.0,75.0,96.0,88.0,85792.0,83.0,78.0,73.0,94.0,87.0,80017.0,3.614457831325301,8.974358974358974,6.8493150684931505,1.0638297872340425,1.1494252873563218,14.809353012484847,"em<0, wel>0","em>0, wel>0, wel<em"
View Royal,28013.8147160645,30815.059759915253,9.9995129982936,14208.03816706,14670.4163067675,3.2543419033000642,86.0,85.0,72.0,97.0,89.0,11575.0,84.0,82.0,70.0,96.0,90.0,10408.0,84.0,81.0,69.0,96.0,89.0,9381.0,2.380952380952381,4.938271604938271,4.3478260869565215,1.0416666666666665,0.0,23.387698539601324,"em>0, wel>0, wel<em","em>0, wel>0, wel<em"
Warfield,5634.9493601275,5858.85299787,3.9734809211743083,26022.833134430002,3288.3746835449997,-87.36350240360935,83.0,82.0,70.0,93.0,87.0,1753.0,82.0,81.0,65.0,95.0,86.0,1680.0,82.0,81.0,67.0,92.0,89.0,1700.0,1.2195121951219512,1.2345679012345678,4.477611940298507,1.0869565217391304,-2.247191011235955,3.1176470588235294,"em>0, wel>0, wel<em","em<0, wel>0"
Wells,802.7627418889999,900.9278270885,12.228405738974065,435.02475328,175.80546259550002,-59.587250778269095,73.0,,,,,218.0,74.0,,,,,217.0,70.0,,,,,245.0,4.285714285714286,,,,,-11.020408163265307,"em>0, wel>0, wel<em","em<0, wel>0"
West Kelowna,116373.6123338305,132629.31230375625,13.968544624441561,76741.42715295,99381.466530875,29.50171793495855,84.0,83.0,68.0,97.0,87.0,36078.0,83.0,81.0,65.0,97.0,87.0,32655.0,82.0,77.0,65.0,98.0,87.0,30892.0,2.4390243902439024,7.792207792207792,4.615384615384616,-1.0204081632653061,0.0,16.78751780396219,"em>0, wel>0, wel<em","em>0, wel>0, wel<em"
West Vancouver,125653.27855210801,103561.81267242225,-17.58128887223941,144945.50836185,132607.196019025,-8.512379915921887,90.0,100.0,83.0,95.0,81.0,44122.0,90.0,100.0,82.0,96.0,83.0,42473.0,90.0,99.0,82.0,96.0,83.0,42694.0,0.0,1.0101010101010102,1.2195121951219512,-1.0416666666666665,-2.4096385542168677,3.34473228088256,Other,Other
Whistler,40443.3283181925,51953.991635943254,28.46121671092274,50981.180376150005,51802.62375536,1.6112678701222904,87.0,87.0,79.0,94.0,86.0,13982.0,88.0,86.0,79.0,95.0,93.0,11854.0,87.0,85.0,77.0,94.0,91.0,9824.0,0.0,2.3529411764705883,2.5974025974025974,0.0,-5.4945054945054945,42.324918566775246,Other,Other
White Rock,51923.015498471505,53317.740909592496,2.686141006510011,42705.667648625,39604.64096505,-7.261393754781503,86.0,89.0,72.0,96.0,86.0,21939.0,85.0,86.0,71.0,97.0,86.0,19952.0,84.0,84.0,71.0,95.0,87.0,19339.0,2.380952380952381,5.952380952380952,1.4084507042253522,1.0526315789473684,-1.1494252873563218,13.444335281038317,"em>0, wel>0, wel<em","em<0, wel>0"
Williams Lake,61510.0907081615,61374.74846858925,-0.22003258004347878,65010.1133892,74805.50021739499,15.067481530992497,79.0,79.0,59.0,94.0,85.0,10947.0,79.0,77.0,56.0,97.0,86.0,10753.0,77.0,73.0,58.0,93.0,85.0,10832.0,2.5974025974025974,8.21917808219178,1.7241379310344827,1.0752688172043012,0.0,1.0616691285081241,Other,"em>0, wel>0, wel<em"
Zeballos,558.9152958115,297.90345790649997,-46.69971279387368,217.5444186775,139.0249694525,-36.09352503839762,77.0,,,,,126.0,80.0,,,,,107.0,77.0,,,,,125.0,0.0,,,,,0.8,Other,Other
