,eta_squared
Remoteness,0.5261196954657819
Log_Transportation_Total_Emissions_Factor,0.5174351844068749
Education,0.4802008102420581
Latitude,0.42786443549518666
Log_Diff_Transportation_Total_Emissions_Factor,0.42354121459466537
Log_Population,0.37933409850544
Log_Population_Change_2006_2021,0.37507751092679464
Climate_Action_Score,0.3028913742380409
Housing,0.2050842276877883
Labour_Force,0.20146125101063342
Income,0.19370113161862873
Log_Transportation_Total_Vehicle_km_Travelled_Per_Capita,0.18882095268510415
Log_Diff_Transportation_Total_Vehicle_km_Travelled_Per_Capita,0.16507475877156338
Climate_Action_N_Barriers,0.08421654593976333
Log_Residential_Electricity_Per_Capita,0.07414733660954667
Labour_Percent_Change,0.029092140400385165
Housing_Percent_Change,0.02843974354768122
Income_Percent_Change,0.0011002194671251343
Education_Percent_Change,5.3203074520691205e-05
