Community_Name,2016 EMISSIONS tCO2e,2021 EMISSIONS tCO2e,emissions_percent_change,CWB 2016,Income 2016,Education 2016,Housing 2016,Labour Force Activity 2016,Census Population 2016,CWB 2021,Income 2021,Education 2021,Housing 2021,Labour Force Activity 2021,Census Population 2021,cwb_percent_change,income_percent_change,education_percent_change,housing_percent_change,labour_percent_change,2016_emissions_per_capita,2021_emissions_per_capita,emissions_per_capita_change,population_percent_change,decoupling_type,per_capita_decoupling_type,Feature_Type,Datum,Latitude,Longitude
Abbotsford,926180.582000217,1045920.864111394,12.928394790201825,79.0,74.0,61.0,94.0,87.0,141397.0,80.0,77.0,63.0,93.0,87.0,153524.0,1.2658227848101267,4.054054054054054,3.278688524590164,-1.0638297872340425,0.0,6.550213809346854,6.812751518403599,4.00807846428029,8.5765610302906,"em>0, wel>0, wel<em","em>0, wel>0, wel<em",City,WGS84,49.0522222179353,-122.329166666667
Alert Bay,1602.7056007429999,1271.1132675019999,-20.68953481458334,82.0,76.0,68.0,93.0,89.0,489.0,78.0,75.0,68.0,87.0,80.0,449.0,-4.878048780487805,-1.3157894736842104,0.0,-6.451612903225806,-10.112359550561797,3.277516565936605,2.830987232743875,-13.624014530804562,-8.1799591002045,"em<0, wel<0, abs(wel)<abs(em)","em<0, wel<0, abs(wel)<abs(em)",Village (1),WGS84,50.5838888850092,-126.927777777778
Anmore,11972.111511849,11346.476952846,-5.2257662182965685,88.0,92.0,74.0,98.0,89.0,2210.0,88.0,94.0,77.0,96.0,85.0,2356.0,0.0,2.1739130434782608,4.054054054054054,-2.0408163265306123,-4.49438202247191,5.417245027985973,4.81599191546944,-11.098872386432685,6.60633484162896,Other,Other,Village (1),WGS84,49.314444440231,-122.856388888889
Armstrong,36938.412982625,34174.237767963,-7.4831997139731055,79.0,74.0,58.0,97.0,85.0,5114.0,81.0,78.0,62.0,97.0,88.0,5323.0,2.5316455696202533,5.405405405405405,6.896551724137931,0.0,3.5294117647058822,7.22299823672761,6.420108541792787,-11.115739871737448,4.086820492764959,"em<0, wel>0","em<0, wel>0",City,WGS84,50.4483333294198,-119.196666666667
Ashcroft,19076.397754036,18992.356237581,-0.4405523387517899,77.0,78.0,55.0,96.0,80.0,1558.0,76.0,78.0,56.0,90.0,81.0,1670.0,-1.2987012987012987,0.0,1.8181818181818181,-6.25,1.25,12.244157736865212,11.372668405737125,-7.117593139985214,7.188703465982028,"em<0, wel<0, abs(wel)>abs(em)","em<0, wel<0, abs(wel)<abs(em)",Village (1),WGS84,50.7213888850433,-121.283611111111
Barriere,11122.428307148999,12372.154432995,11.236090638972536,74.0,70.0,49.0,96.0,81.0,1713.0,75.0,76.0,54.0,95.0,75.0,1765.0,1.3513513513513513,8.571428571428571,10.204081632653061,-1.0416666666666665,-7.4074074074074066,6.49295289384063,7.009719225492917,7.958880036577877,3.0356100408639812,"em>0, wel>0, wel<em","em>0, wel>0, wel<em",District Municipality (1),WGS84,51.1797222184872,-120.123611111111
Belcarra,3810.28199775,3681.323393489,-3.3844897657745783,90.0,100.0,76.0,98.0,87.0,643.0,90.0,100.0,75.0,98.0,89.0,687.0,0.0,0.0,-1.3157894736842104,0.0,2.2988505747126435,5.9257884879471225,5.358549335500728,-9.572382706540107,6.842923794712286,Other,Other,Village (1),WGS84,49.3136111068975,-122.915
Bowen Island,16206.590860409,13861.460218588,-14.470227958613483,89.0,88.0,81.0,96.0,91.0,3680.0,90.0,95.0,81.0,95.0,89.0,4256.0,1.1235955056179776,7.954545454545454,0.0,-1.0416666666666665,-2.197802197802198,4.403964907719837,3.2569220438411652,-26.045685828876326,15.65217391304348,"em<0, wel>0","em<0, wel>0",District Municipality (1),WGS84,49.3797222180267,-123.344166666667
Burnaby,1902974.3429885658,1843036.8247849261,-3.1496755815167496,82.0,76.0,72.0,93.0,86.0,232755.0,83.0,81.0,75.0,92.0,85.0,249125.0,1.2195121951219512,6.578947368421052,4.166666666666666,-1.0752688172043012,-1.1627906976744187,8.175868801910017,7.398040440682092,-9.51370894119793,7.033146441537238,"em<0, wel>0","em<0, wel>0",City,WGS84,49.2427777735444,-122.972777777778
Burns Lake,26518.719097515,40317.978698396,52.03592055158536,76.0,74.0,60.0,89.0,84.0,1779.0,81.0,81.0,65.0,92.0,86.0,1659.0,6.578947368421052,9.45945945945946,8.333333333333332,3.3707865168539324,2.380952380952381,14.906531252116357,24.302579082818564,63.03309382837272,-6.745362563237774,"em>0, wel>0, wel<em","em>0, wel>0, wel<em",Village (1),WGS84,54.2302777746707,-125.764444444444
Cache Creek,32515.354583418,30644.167461093,-5.754779999475262,76.0,74.0,52.0,94.0,82.0,963.0,74.0,73.0,55.0,93.0,74.0,969.0,-2.631578947368421,-1.3513513513513513,5.769230769230769,-1.0638297872340425,-9.75609756097561,33.76464650406854,31.624527823625385,-6.3383417332246434,0.6230529595015576,"em<0, wel<0, abs(wel)<abs(em)","em<0, wel<0, abs(wel)<abs(em)",Village (1),WGS84,50.811944440621,-121.323333333333
Campbell River,206094.690897221,636105.6246875069,208.64726399222556,80.0,77.0,61.0,96.0,84.0,32588.0,81.0,80.0,64.0,96.0,84.0,35519.0,1.25,3.896103896103896,4.918032786885246,0.0,0.0,6.324250978802658,17.9088832649429,183.1779340347038,8.994108260709464,"em>0, wel>0, wel<em","em>0, wel>0, wel<em",City,WGS84,50.0230555515328,-125.243611111111
Canal Flats,4846.053628992,5494.212616707,13.374985861430094,78.0,79.0,50.0,97.0,85.0,668.0,77.0,76.0,53.0,95.0,83.0,802.0,-1.282051282051282,-3.79746835443038,6.0,-2.0618556701030926,-2.3529411764705883,7.254571300886227,6.850639172951372,-5.567966888484658,20.059880239520957,"em>0, wel<0","em<0, wel<0, abs(wel)<abs(em)",Village (1),WGS84,50.1602777737907,-115.808888888889
Castlegar,171908.191307626,222786.960159919,29.59647732041258,80.0,78.0,63.0,95.0,86.0,8039.0,81.0,80.0,66.0,96.0,84.0,8338.0,1.25,2.564102564102564,4.761904761904762,1.0526315789473684,-2.3255813953488373,21.384275570049258,26.719472314694052,24.94915821285642,3.7193680806070404,"em>0, wel>0, wel<em","em>0, wel>0, wel<em",City,WGS84,49.3244444402338,-117.666944444444
Central Saanich,90331.916781492,87697.086108915,-2.9168324623848148,86.0,84.0,71.0,98.0,90.0,16814.0,87.0,87.0,74.0,97.0,89.0,17385.0,1.1627906976744187,3.571428571428571,4.225352112676056,-1.0204081632653061,-1.1111111111111112,5.37242278943095,5.044411050268335,-6.1054714421937515,3.395979540858808,"em<0, wel>0","em<0, wel>0",District Municipality (1),WGS84,48.5944444400255,-123.420833333333
Chase,15615.485482079,15307.035794305,-1.9752808078108768,74.0,73.0,51.0,94.0,79.0,2286.0,77.0,76.0,56.0,95.0,81.0,2399.0,4.054054054054054,4.10958904109589,9.803921568627452,1.0638297872340425,2.5316455696202533,6.8309210332804025,6.380590160193831,-6.592535192436699,4.94313210848644,"em<0, wel>0","em<0, wel>0",Village (1),WGS84,50.819166662845,-119.686111111111
Chetwynd,498407.75857035205,401233.038427234,-19.497031992811863,80.0,82.0,59.0,96.0,85.0,2503.0,81.0,85.0,58.0,95.0,85.0,2302.0,1.25,3.6585365853658534,-1.694915254237288,-1.0416666666666665,0.0,199.12415444280944,174.29758402573154,-12.467884916597779,-8.030363563723531,"em<0, wel>0","em<0, wel>0",District Municipality (1),WGS84,55.6958333304683,-121.638333333333
Chilliwack,497445.571073042,647252.4755657731,30.11523535521323,80.0,75.0,61.0,97.0,86.0,83788.0,81.0,78.0,64.0,96.0,87.0,93203.0,1.25,4.0,4.918032786885246,-1.0309278350515463,1.1627906976744187,5.936954827338545,6.944545514262128,16.97150671054156,11.236692605146322,"em>0, wel>0, wel<em","em>0, wel>0, wel<em",City,WGS84,49.1577777735206,-121.950833333333
Clearwater,16935.175217871998,14398.026465173,-14.981532343530164,79.0,76.0,58.0,96.0,84.0,2324.0,77.0,75.0,60.0,94.0,78.0,2388.0,-2.5316455696202533,-1.3157894736842104,3.4482758620689653,-2.083333333333333,-7.142857142857142,7.287080558464715,6.029324315399078,-17.260084240520982,2.753872633390706,"em<0, wel<0, abs(wel)<abs(em)","em<0, wel<0, abs(wel)<abs(em)",District Municipality (1),WGS84,51.6455555519282,-120.0325
Clinton,7452.618830908,6561.613522619,-11.9556001521742,75.0,73.0,52.0,93.0,82.0,641.0,73.0,73.0,54.0,89.0,78.0,568.0,-2.666666666666667,0.0,3.8461538461538463,-4.301075268817205,-4.878048780487805,11.626550438234009,11.552136483484155,-0.6400346787740516,-11.388455538221528,"em<0, wel<0, abs(wel)<abs(em)","em<0, wel<0, abs(wel)>abs(em)",Village (1),WGS84,51.0916666629107,-121.586666666667
Coldstream,119663.354339892,158748.37350041402,32.662479984895675,84.0,84.0,69.0,98.0,86.0,10648.0,85.0,85.0,71.0,96.0,87.0,11171.0,1.1904761904761905,1.1904761904761905,2.898550724637681,-2.0408163265306123,1.1627906976744187,11.238106155136364,14.210757631403995,26.451534050592535,4.911720510894065,"em>0, wel>0, wel<em","em>0, wel>0, wel<em",District Municipality (1),WGS84,50.2238888849182,-119.23
Colwood,76949.038478484,77018.01186672601,0.08963515283078856,83.0,82.0,66.0,97.0,89.0,16859.0,84.0,82.0,69.0,97.0,89.0,18961.0,1.2048192771084338,0.0,4.545454545454546,0.0,0.0,4.564270625688594,4.0619171914311485,-11.006214912632558,12.46811791921229,"em>0, wel>0, wel>em","em<0, wel>0",City,WGS84,48.4236111066417,-123.493333333333
Comox,307790.151880402,299928.67363015097,-2.5541682221547393,83.0,79.0,68.0,98.0,86.0,14028.0,84.0,81.0,71.0,97.0,86.0,14806.0,1.2048192771084338,2.5316455696202533,4.411764705882353,-1.0204081632653061,0.0,21.941128591417307,20.25723852695873,-7.674582724597235,5.546050755631594,"em<0, wel>0","em<0, wel>0",Town,WGS84,49.6727777736622,-124.927777777778
Coquitlam,642869.6140806029,596484.8510591489,-7.215267607225603,83.0,77.0,72.0,94.0,86.0,139284.0,84.0,81.0,76.0,94.0,86.0,148625.0,1.2048192771084338,5.194805194805195,5.555555555555555,0.0,0.0,4.615530958908438,4.013354759018664,-13.046737314750617,6.706441515177623,"em<0, wel>0","em<0, wel>0",City,WGS84,49.2841666624448,-122.793611111111
Courtenay,118702.889482014,122488.94828616,3.1895253945942637,80.0,75.0,63.0,97.0,84.0,25599.0,82.0,79.0,67.0,96.0,85.0,28420.0,2.5,5.333333333333334,6.349206349206349,-1.0309278350515463,1.1904761904761905,4.637012753701863,4.309955956585503,-7.053178727085909,11.01996171725458,"em>0, wel>0, wel<em","em<0, wel>0",City,WGS84,49.6894444403333,-124.995833333333
Cranbrook,152314.454016136,157557.911797968,3.4425214702713047,81.0,78.0,62.0,96.0,87.0,20047.0,82.0,80.0,64.0,96.0,87.0,20499.0,1.2345679012345678,2.564102564102564,3.225806451612903,0.0,0.0,7.5978677116843425,7.686126728033953,1.161628758209119,2.2547014515887662,"em>0, wel>0, wel<em","em>0, wel>0, wel>em",City,WGS84,49.5080555513953,-115.746944444444
Creston,39681.903487083,38766.048570748,-2.3079913911718646,77.0,72.0,57.0,96.0,83.0,5351.0,79.0,76.0,60.0,96.0,85.0,5583.0,2.5974025974025974,5.555555555555555,5.263157894736842,0.0,2.4096385542168677,7.415792092521585,6.943587420875514,-6.367555424352619,4.335638198467576,"em<0, wel>0","em<0, wel>0",Town,WGS84,49.0974999957259,-116.513055555556
Cumberland,19038.107459404,20514.646719905002,7.75570399342218,80.0,73.0,65.0,95.0,88.0,3753.0,83.0,79.0,69.0,97.0,89.0,4447.0,3.75,8.21917808219178,6.153846153846154,2.1052631578947367,1.1363636363636365,5.072770439489475,4.613142954779627,-9.060679764489905,18.491873168132162,"em>0, wel>0, wel<em","em<0, wel>0",Village (1),WGS84,49.6186111069809,-125.0325
Dawson Creek,1434304.762123134,1221043.0298132978,-14.868648417101737,79.0,81.0,57.0,94.0,85.0,12178.0,80.0,81.0,59.0,93.0,86.0,12323.0,1.2658227848101267,0.0,3.508771929824561,-1.0638297872340425,1.1764705882352942,117.77835129932123,99.0865073288402,-15.870356278784786,1.1906717030711118,"em<0, wel>0","em<0, wel>0",City,WGS84,55.7605555527003,-120.235555555556
Delta,1915963.848568617,2211028.627248965,15.400331217146194,83.0,81.0,67.0,95.0,88.0,102238.0,84.0,83.0,70.0,94.0,88.0,108455.0,1.2048192771084338,2.4691358024691357,4.477611940298507,-1.0526315789473684,0.0,18.740232091478873,20.3865993015441,8.785201816224163,6.080909250963439,"em>0, wel>0, wel<em","em>0, wel>0, wel<em",City,WGS84,49.0847222179445,-123.058611111111
Duncan,28161.74923177,32033.2901876,13.747515908785992,75.0,70.0,57.0,92.0,81.0,4944.0,78.0,74.0,61.0,95.0,83.0,5047.0,4.0,5.714285714285714,7.017543859649122,3.260869565217391,2.4691358024691357,5.696146689273868,6.346996272557955,11.42613803309647,2.083333333333333,"em>0, wel>0, wel<em","em>0, wel>0, wel<em",City,WGS84,48.7786111067459,-123.708055555556
Elkford,1019133.672534027,1494884.532477043,46.68188999781397,83.0,87.0,62.0,97.0,86.0,2499.0,85.0,87.0,66.0,97.0,89.0,2749.0,2.4096385542168677,0.0,6.451612903225806,0.0,3.488372093023256,407.8165956518716,543.7921180345737,33.3423219732765,10.004001600640255,"em>0, wel>0, wel<em","em>0, wel>0, wel<em",District Municipality (1),WGS84,50.0244444404221,-114.921666666667
Enderby,20659.921211077,20359.157981693003,-1.4557811054126346,76.0,70.0,55.0,96.0,83.0,2964.0,77.0,73.0,58.0,96.0,83.0,3028.0,1.3157894736842104,4.285714285714286,5.454545454545454,0.0,0.0,6.9702838094051955,6.723632094350397,-3.5386179644792155,2.1592442645074224,"em<0, wel>0","em<0, wel>0",City,WGS84,50.5505555516676,-119.139444444444
Esquimalt,70717.68893469899,64509.909086845,-8.778256107303338,82.0,78.0,67.0,95.0,87.0,17655.0,84.0,82.0,70.0,95.0,87.0,17533.0,2.4390243902439024,5.128205128205128,4.477611940298507,0.0,0.0,4.0055332163522515,3.679342330852963,-8.143507190694157,-0.691022373265364,"em<0, wel>0","em<0, wel>0",District Municipality (1),WGS84,48.4297222177547,-123.414444444444
Fernie,50206.334842926,48258.340772532,-3.879976653321609,85.0,85.0,71.0,95.0,90.0,5249.0,86.0,86.0,74.0,94.0,89.0,6320.0,1.1764705882352942,1.1764705882352942,4.225352112676056,-1.0526315789473684,-1.1111111111111112,9.564933290707945,7.635813413375316,-20.16867048311474,20.403886454562777,"em<0, wel>0","em<0, wel>0",City,WGS84,49.5041666625054,-115.062777777778
Fort St. James,51471.278538176004,122210.69543211801,137.43473817436828,80.0,80.0,58.0,92.0,88.0,1598.0,80.0,84.0,61.0,93.0,83.0,1386.0,0.0,5.0,5.172413793103448,1.0869565217391304,-5.681818181818182,32.209811350548186,88.17510492937808,173.75231717362234,-13.266583229036296,Other,Other,District Municipality (1),WGS84,54.4444444413748,-124.259166666667
Fort St. John,1139814.856900846,842328.180313856,-26.099561238906425,83.0,85.0,62.0,95.0,88.0,20155.0,82.0,84.0,63.0,94.0,88.0,21465.0,-1.2048192771084338,-1.1764705882352942,1.6129032258064515,-1.0526315789473684,0.0,56.55246127019826,39.24193712154,-30.609674203128762,6.499627883899777,"em<0, wel<0, abs(wel)<abs(em)","em<0, wel<0, abs(wel)<abs(em)",City,WGS84,56.2524999972181,-120.846666666667
Fraser Lake,9545.15977926,7423.246459406,-22.23025458897561,77.0,79.0,55.0,94.0,80.0,988.0,78.0,81.0,54.0,97.0,82.0,965.0,1.2987012987012987,2.5316455696202533,-1.8181818181818181,3.1914893617021276,2.5,9.661092893987854,7.692483377622798,-20.376675164671397,-2.327935222672065,"em<0, wel>0","em<0, wel>0",Village (1),WGS84,54.0602777746402,-124.843888888889
Fruitvale,16040.901499921,16227.049501849,1.160458481270005,80.0,80.0,63.0,94.0,83.0,1920.0,82.0,83.0,61.0,99.0,87.0,1958.0,2.5,3.75,-3.1746031746031744,5.319148936170213,4.819277108433735,8.35463619787552,8.287563586235445,-0.8028190582030464,1.9791666666666665,"em>0, wel>0, wel>em","em<0, wel>0",Village (1),WGS84,49.1149999957308,-117.542777777778
Gibsons,108978.48050605299,110676.923781948,1.5585125320229407,83.0,79.0,69.0,97.0,87.0,4605.0,84.0,82.0,73.0,95.0,86.0,4758.0,1.2048192771084338,3.79746835443038,5.797101449275362,-2.0618556701030926,-1.1494252873563218,23.66525092422432,23.261228201334173,-1.7072403930295104,3.322475570032573,"em>0, wel>0, wel<em","em<0, wel>0",Town,WGS84,49.400277773588,-123.508888888889
Gold River,5415.22641055,4950.374777119,-8.584158780976749,80.0,78.0,61.0,97.0,83.0,1212.0,78.0,78.0,57.0,94.0,83.0,1246.0,-2.5,0.0,-6.557377049180328,-3.0927835051546393,0.0,4.468008589562706,3.973013464782504,-11.07865204056487,2.8052805280528053,"em<0, wel<0, abs(wel)<abs(em)","em<0, wel<0, abs(wel)<abs(em)",Village (1),WGS84,49.7813888848023,-126.046944444444
Golden,26943.473239138,21962.310017577,-18.4874577132297,81.0,78.0,62.0,96.0,87.0,3708.0,83.0,81.0,68.0,93.0,88.0,3986.0,2.4691358024691357,3.8461538461538463,9.67741935483871,-3.125,1.1494252873563218,7.266308856293959,5.509862021469393,-24.17247696955738,7.497303128371089,"em<0, wel>0","em<0, wel>0",Town,WGS84,51.2977777740704,-116.964722222222
Grand Forks,71255.889599006,59384.243539306,-16.660582201005322,76.0,72.0,58.0,94.0,81.0,4049.0,79.0,75.0,59.0,96.0,85.0,4112.0,3.9473684210526314,4.166666666666666,1.7241379310344827,2.127659574468085,4.938271604938271,17.598392096568535,14.441693467730058,-17.937426393937393,1.5559397382069649,"em<0, wel>0","em<0, wel>0",City,WGS84,49.0311111068182,-118.439166666667
Granisle,1584.772294011,1815.090197729,14.533185908688115,69.0,72.0,42.0,97.0,64.0,303.0,70.0,76.0,47.0,90.0,67.0,337.0,1.4492753623188406,5.555555555555555,11.904761904761903,-7.216494845360824,4.6875,5.230271597396039,5.386024325605341,2.97790899208456,11.221122112211221,"em>0, wel>0, wel<em","em>0, wel>0, wel<em",Village (1),WGS84,54.8847222192275,-126.206666666667
Greenwood,11399.948527528999,8009.530696449,-29.74064157300972,71.0,69.0,47.0,94.0,74.0,665.0,71.0,68.0,55.0,94.0,66.0,702.0,0.0,-1.4492753623188406,17.02127659574468,0.0,-10.81081081081081,17.14277974064511,11.409587886679487,-33.44377015107046,5.56390977443609,Other,Other,City,WGS84,49.0883333290566,-118.676388888889
Harrison Hot Springs,11544.681593893001,11311.895302131,-2.0163942146758007,80.0,77.0,64.0,96.0,83.0,1468.0,82.0,81.0,67.0,96.0,83.0,1905.0,2.5,5.194805194805195,4.6875,0.0,0.0,7.864224519000682,5.938002783270867,-24.493473337083497,29.768392370572204,"em<0, wel>0","em<0, wel>0",Village (1),WGS84,49.2988888846711,-121.784444444444
Hazelton,1110.1498635809999,890.101667177,-19.821485695110795,80.0,,,,,313.0,85.0,,,,,257.0,6.25,,,,,3.5468046759776355,3.4634306115836573,-2.3506810216719116,-17.89137380191693,"em<0, wel>0","em<0, wel>0",Village (1),WGS84,55.2558333303993,-127.675555555556
Highlands,15328.115224857,14686.429375105,-4.186332372498102,86.0,84.0,70.0,98.0,90.0,2225.0,85.0,85.0,69.0,97.0,88.0,2482.0,-1.1627906976744187,1.1904761904761905,-1.4285714285714286,-1.0204081632653061,-2.2222222222222223,6.889040550497528,5.9171754130157135,-14.107409157457,11.55056179775281,"em<0, wel<0, abs(wel)<abs(em)","em<0, wel<0, abs(wel)<abs(em)",District Municipality (1),WGS84,48.480555551103,-123.511944444444
Hope,41241.998715148,75510.012592854,83.09009006665698,76.0,74.0,56.0,94.0,79.0,6181.0,77.0,77.0,58.0,95.0,80.0,6686.0,1.3157894736842104,4.054054054054054,3.571428571428571,1.0638297872340425,1.2658227848101267,6.6723829016579845,11.293750013887824,69.26111975800279,8.170198996926063,"em>0, wel>0, wel<em","em>0, wel>0, wel<em",District Municipality (1),WGS84,49.3799999958047,-121.441388888889
Houston,47473.607071112,47054.239238366,-0.883370484399506,78.0,79.0,56.0,93.0,83.0,2993.0,79.0,79.0,58.0,95.0,85.0,3052.0,1.282051282051282,0.0,3.571428571428571,2.1505376344086025,2.4096385542168677,15.861545964287336,15.417509580067495,-2.7994521165818225,1.971266288005346,"em<0, wel>0","em<0, wel>0",District Municipality (1),WGS84,54.3983333302558,-126.648333333333
Hudson's Hope,9985.799842576,8534.203204867,-14.536608590129081,79.0,80.0,60.0,93.0,82.0,1015.0,81.0,82.0,58.0,95.0,87.0,841.0,2.5316455696202533,2.5,-3.3333333333333335,2.1505376344086025,6.097560975609756,9.838226445887685,10.147685142529133,3.145472391223518,-17.142857142857142,"em<0, wel>0","em>0, wel>0, wel<em",District Municipality (1),WGS84,56.0258333305181,-121.913611111111
Invermere,19557.251845148,19433.37869339,-0.6333873119741519,84.0,80.0,68.0,96.0,91.0,3391.0,84.0,81.0,69.0,95.0,90.0,3917.0,0.0,1.25,1.4705882352941175,-1.0416666666666665,-1.098901098901099,5.76739954147685,4.9612914713786065,-13.976976353051912,15.51164848127396,Other,Other,District Municipality (1),WGS84,50.5058333294342,-116.030555555556
Kamloops,2305832.5643793917,2217470.94983719,-3.832091536359402,82.0,79.0,65.0,96.0,87.0,90280.0,83.0,82.0,68.0,96.0,87.0,97902.0,1.2195121951219512,3.79746835443038,4.615384615384616,0.0,0.0,25.540901244787236,22.64990449467008,-11.31908667751963,8.442622950819672,"em<0, wel>0","em<0, wel>0",City,WGS84,50.6758333294765,-120.339444444444
Kaslo,7374.624276248,7082.991968813,-3.954537838277147,79.0,72.0,65.0,95.0,84.0,968.0,80.0,72.0,69.0,94.0,85.0,1049.0,1.2658227848101267,0.0,6.153846153846154,-1.0526315789473684,1.1904761904761905,7.618413508520661,6.75213724386368,-11.37082233312896,8.367768595041323,"em<0, wel>0","em<0, wel>0",Village (1),WGS84,49.9105555515033,-116.905
Kelowna,712451.4370012151,722368.5674357021,1.3919728306295915,83.0,81.0,66.0,97.0,88.0,127380.0,84.0,83.0,70.0,97.0,88.0,144576.0,1.2048192771084338,2.4691358024691357,6.0606060606060606,0.0,0.0,5.593118519400338,4.99646253483083,-10.667679980317649,13.499764484220442,"em>0, wel>0, wel<em","em<0, wel>0",City,WGS84,49.8880555514974,-119.495555555556
Kent,38448.644236235996,40180.363417396,4.503979829613717,77.0,73.0,57.0,96.0,84.0,6067.0,81.0,78.0,63.0,97.0,85.0,6300.0,5.194805194805195,6.8493150684931505,10.526315789473683,1.0416666666666665,1.1904761904761905,6.337340404851821,6.37783546307873,0.6389913692486322,3.840448327014999,"em>0, wel>0, wel>em","em>0, wel>0, wel>em",District Municipality (1),WGS84,49.2380555513208,-121.7625
Keremeos,8405.077727966,9585.0441972,14.038733577774408,74.0,71.0,52.0,97.0,75.0,1502.0,77.0,76.0,54.0,96.0,81.0,1608.0,4.054054054054054,7.042253521126761,3.8461538461538463,-1.0309278350515463,8.0,5.595923920083888,5.960848381343284,6.5212548717768435,7.057256990679095,"em>0, wel>0, wel<em","em>0, wel>0, wel<em",Village (1),WGS84,49.2047222179782,-119.829722222222
Kimberley,88227.945648572,105963.094813758,20.101509827541868,81.0,78.0,66.0,94.0,86.0,7425.0,83.0,80.0,70.0,95.0,87.0,8115.0,2.4691358024691357,2.564102564102564,6.0606060606060606,1.0638297872340425,1.1627906976744187,11.88255160250128,13.057682663432901,9.88955150579153,9.292929292929292,"em>0, wel>0, wel<em","em>0, wel>0, wel<em",City,WGS84,49.6849999958877,-115.981666666667
Kitimat,1031791.441766135,673927.85899817,-34.68371303365376,80.0,86.0,60.0,93.0,82.0,8131.0,81.0,88.0,61.0,92.0,84.0,8236.0,1.25,2.3255813953488373,1.6666666666666667,-1.0752688172043012,2.4390243902439024,126.89600808832063,81.82708341405659,-35.51642431722179,1.2913540769893004,"em<0, wel>0","em<0, wel>0",District Municipality (1),WGS84,54.0533333301945,-128.652222222222
Ladysmith,35262.678399871,44134.151822364,25.15825179781424,81.0,77.0,64.0,97.0,86.0,8537.0,82.0,80.0,67.0,96.0,85.0,8990.0,1.2345679012345678,3.896103896103896,4.6875,-1.0309278350515463,-1.1627906976744187,4.130570270571747,4.909249368449833,18.851612413563974,5.306313693334895,"em>0, wel>0, wel<em","em>0, wel>0, wel<em",Town,WGS84,48.9933333290297,-123.815555555556
Lake Country,80066.917095347,90461.089908422,12.981857164173297,83.0,82.0,65.0,97.0,87.0,12922.0,84.0,86.0,69.0,96.0,87.0,15817.0,1.2048192771084338,4.878048780487805,6.153846153846154,-1.0309278350515463,0.0,6.196170646598592,5.719231833370551,-7.697315655595413,22.403652685342827,"em>0, wel>0, wel<em","em<0, wel>0",District Municipality (1),WGS84,50.0302777737569,-119.4025
Lake Cowichan,15273.789891872,16636.019173357,8.918737858309246,75.0,71.0,57.0,93.0,80.0,3226.0,79.0,77.0,60.0,96.0,81.0,3325.0,5.333333333333334,8.450704225352112,5.263157894736842,3.225806451612903,1.25,4.734590791032858,5.003314037099849,5.675743858918986,3.0688158710477373,"em>0, wel>0, wel<em","em>0, wel>0, wel<em",Town,WGS84,48.8258333289817,-124.056388888889
Langford,164238.026240781,171503.835063808,4.423950402554732,83.0,78.0,67.0,97.0,89.0,35342.0,84.0,82.0,69.0,97.0,90.0,46584.0,1.2048192771084338,5.128205128205128,2.9850746268656714,0.0,1.1235955056179776,4.647106169452238,3.6816038782373344,-20.77641990539478,31.809178880651917,"em>0, wel>0, wel<em","em<0, wel>0",City,WGS84,48.4497222177606,-123.504444444444
Langley City,167561.36595197802,171022.651988998,2.0656826335564484,80.0,75.0,60.0,95.0,88.0,25888.0,81.0,79.0,64.0,94.0,88.0,28963.0,1.25,5.333333333333334,6.666666666666667,-1.0526315789473684,0.0,6.47254967367035,5.904866622552843,-8.770624865604065,11.878090234857849,"em>0, wel>0, wel<em","em<0, wel>0",City,WGS84,49.1024999957273,-122.658055555556
Langley Township,846128.476781896,878148.429788813,3.7842897249717216,83.0,80.0,67.0,97.0,89.0,117285.0,84.0,83.0,69.0,96.0,89.0,132603.0,1.2048192771084338,3.75,2.9850746268656714,-1.0309278350515463,0.0,7.2142940425621,6.622387350126415,-8.204637750327604,13.06049366926717,"em>0, wel>0, wel<em","em<0, wel>0",District Municipality (1),WGS84,49.1202777735101,-122.659722222222
Lantzville,18968.421659843,18575.346115343,-2.07226279312505,83.0,81.0,69.0,96.0,85.0,3605.0,83.0,84.0,68.0,95.0,86.0,3817.0,0.0,3.7037037037037033,-1.4492753623188406,-1.0416666666666665,1.1764705882352942,5.261698102591678,4.866477892413676,-7.511267322299132,5.880721220527046,Other,Other,District Municipality (1),WGS84,49.2505555513243,-124.074444444444
Lillooet,12409.495982297,10842.885773784,-12.624285553159257,76.0,73.0,58.0,93.0,81.0,2275.0,79.0,79.0,59.0,94.0,83.0,2302.0,3.9473684210526314,8.21917808219178,1.7241379310344827,1.0752688172043012,2.4691358024691357,5.454723508701978,4.710202334397915,-13.649109310789449,1.1868131868131868,"em<0, wel>0","em<0, wel>0",District Municipality (1),WGS84,50.6938888850365,-121.933611111111
Lions Bay,2075.292069872,1736.484490426,-16.325778157428072,88.0,92.0,80.0,93.0,89.0,1334.0,91.0,97.0,81.0,96.0,91.0,1390.0,3.4090909090909087,5.434782608695652,1.25,3.225806451612903,2.247191011235955,1.5556912068005997,1.249269417572662,-19.6968259438914,4.197901049475263,"em<0, wel>0","em<0, wel>0",Village (1),WGS84,49.4586111069374,-123.235277777778
Logan Lake,197397.264684478,195386.181447137,-1.0187999517397224,78.0,78.0,59.0,97.0,80.0,1993.0,80.0,80.0,61.0,97.0,81.0,2255.0,2.564102564102564,2.564102564102564,3.389830508474576,0.0,1.25,99.04529086024988,86.64575673930688,-12.519054680185043,13.146011038635223,"em<0, wel>0","em<0, wel>0",District Municipality (1),WGS84,50.4944444405425,-120.813333333333
Lumby,20933.382823958,22627.300688494,8.091945190040343,76.0,73.0,54.0,96.0,82.0,1833.0,78.0,76.0,58.0,95.0,83.0,2063.0,2.631578947368421,4.10958904109589,7.4074074074074066,-1.0416666666666665,1.2195121951219512,11.420285228564103,10.96815350872225,-3.959023008558437,12.547735951991271,"em>0, wel>0, wel<em","em<0, wel>0",Village (1),WGS84,50.2508333293695,-118.961944444444
Lytton,1012.649034826,845.830720553,-16.473458082312188,78.0,,,,,249.0,79.0,,,,,210.0,1.282051282051282,,,,,4.066863593678715,4.0277653359666665,-0.9613860118844452,-15.66265060240964,"em<0, wel>0","em<0, wel>0",Village (1),WGS84,50.2311111071423,-121.581388888889
Mackenzie,397453.77846260904,317779.844645082,-20.046087906300393,80.0,83.0,55.0,95.0,87.0,3714.0,81.0,82.0,61.0,96.0,86.0,3281.0,1.25,-1.2048192771084338,10.909090909090908,1.0526315789473684,-1.1494252873563218,107.01501843365887,96.85457014479793,-9.494413436147408,-11.658589122240173,"em<0, wel>0","em<0, wel>0",District Municipality (1),WGS84,55.3244444415213,-123.092777777778
Maple Ridge,397200.99564841,408876.41959387204,2.939424642277776,82.0,79.0,65.0,97.0,89.0,82256.0,83.0,82.0,68.0,96.0,88.0,90990.0,1.2195121951219512,3.79746835443038,4.615384615384616,-1.0309278350515463,-1.1235955056179776,4.828839180709128,4.493641274798022,-6.941583543519074,10.618070414316282,"em>0, wel>0, wel<em","em<0, wel>0",City,WGS84,49.2199999957603,-122.598888888889
Masset,21458.291640104002,22057.536531728998,2.792602979190806,76.0,74.0,58.0,84.0,89.0,793.0,78.0,79.0,60.0,88.0,84.0,838.0,2.631578947368421,6.756756756756757,3.4482758620689653,4.761904761904762,-5.617977528089887,27.059636368353093,26.321642639294748,-2.727286202269323,5.674653215636822,"em>0, wel>0, wel<em","em<0, wel>0",Village (1),WGS84,54.0111111079648,-132.146666666667
McBride,4026.366680577,3929.302102309,-2.410723760859505,76.0,70.0,58.0,95.0,81.0,616.0,77.0,75.0,59.0,93.0,83.0,588.0,1.3157894736842104,7.142857142857142,1.7241379310344827,-2.1052631578947367,2.4691358024691357,6.536309546391234,6.682486568552721,2.2363846314805187,-4.545454545454546,"em<0, wel>0","em>0, wel>0, wel<em",Village (1),WGS84,53.3041666633877,-120.163888888889
Merritt,77778.34105928199,258304.016395671,232.10275878575746,77.0,75.0,58.0,94.0,83.0,7139.0,78.0,77.0,59.0,95.0,81.0,7051.0,1.2987012987012987,2.666666666666667,1.7241379310344827,1.0638297872340425,-2.4096385542168677,10.894850967822101,36.633671308420226,236.24756700773258,-1.2326656394453006,"em>0, wel>0, wel<em","em>0, wel>0, wel<em",City,WGS84,50.1124999960006,-120.788333333333
Metchosin,26916.117137468,25308.160365795,-5.9739551713968435,84.0,82.0,69.0,96.0,88.0,4708.0,85.0,87.0,69.0,96.0,88.0,5067.0,1.1904761904761905,6.097560975609756,0.0,0.0,0.0,5.717102195723875,4.994703052258733,-12.635757044984485,7.625318606627019,"em<0, wel>0","em<0, wel>0",District Municipality (1),WGS84,48.379166662184,-123.535833333333
Midway,4538.381146398,4766.786316506,5.032745438079375,73.0,70.0,53.0,95.0,75.0,649.0,79.0,74.0,56.0,97.0,87.0,651.0,8.21917808219178,5.714285714285714,5.660377358490567,2.1052631578947367,16.0,6.992883122338983,7.32225240630722,4.710064192493878,0.30816640986132515,"em>0, wel>0, wel>em","em>0, wel>0, wel>em",Village (1),WGS84,49.008333329034,-118.778333333333
Mission,209212.767248149,211243.550023972,0.9706782251076816,79.0,74.0,60.0,95.0,87.0,38833.0,80.0,78.0,62.0,95.0,87.0,41519.0,1.2658227848101267,5.405405405405405,3.3333333333333335,0.0,0.0,5.387499478488631,5.087876635371083,-5.5614454222017216,6.916797569077845,"em>0, wel>0, wel>em","em<0, wel>0",District Municipality (1),WGS84,49.1591666624099,-122.283888888889
Montrose,5451.507621517,5218.210046868,-4.279505612872646,83.0,84.0,65.0,98.0,84.0,996.0,82.0,80.0,68.0,96.0,84.0,1013.0,-1.2048192771084338,-4.761904761904762,4.615384615384616,-2.0408163265306123,0.0,5.473401226422691,5.15124387647384,-5.885871263989299,1.706827309236948,"em<0, wel<0, abs(wel)<abs(em)","em<0, wel<0, abs(wel)<abs(em)",Village (1),WGS84,49.0788888846095,-117.594166666667
Nakusp,11621.920827824,10139.89538917,-12.75198360589317,78.0,73.0,57.0,93.0,88.0,1605.0,80.0,78.0,65.0,94.0,83.0,1589.0,2.564102564102564,6.8493150684931505,14.035087719298245,1.0752688172043012,-5.681818181818182,7.241072166868536,6.381306097652612,-11.873463617028657,-0.9968847352024922,"em<0, wel>0","em<0, wel>0",Village (1),WGS84,50.2391666626999,-117.7975
Nanaimo,1847726.799144048,1740285.402253837,-5.814788037927615,81.0,76.0,66.0,96.0,85.0,90504.0,82.0,79.0,68.0,96.0,86.0,99863.0,1.2345679012345678,3.9473684210526314,3.0303030303030303,0.0,1.1764705882352942,20.41596834553222,17.426728640776233,-14.641674860404777,10.340979404225227,"em<0, wel>0","em<0, wel>0",City,WGS84,49.1638888846334,-123.938055555556
Nelson,66224.061724255,72204.567497213,9.030714240784155,82.0,75.0,72.0,94.0,87.0,10572.0,85.0,80.0,75.0,95.0,88.0,11106.0,3.6585365853658534,6.666666666666667,4.166666666666666,1.0638297872340425,1.1494252873563218,6.264099671231083,6.501401719540158,3.788286597656223,5.051078320090806,"em>0, wel>0, wel<em","em>0, wel>0, wel<em",City,WGS84,49.4933333291691,-117.295833333333
New Denver,2216.459114309,2652.707467879,19.682219751028608,79.0,72.0,65.0,95.0,86.0,473.0,74.0,67.0,58.0,92.0,77.0,487.0,-6.329113924050633,-6.944444444444445,-10.76923076923077,-3.1578947368421053,-10.465116279069768,4.6859600725348844,5.447037921722792,16.24166312574235,2.9598308668076108,"em>0, wel<0","em>0, wel<0",Village (1),WGS84,49.9913888848579,-117.377222222222
New Hazelton,3170.086789644,2918.951431168,-7.922034163115213,72.0,74.0,47.0,94.0,74.0,580.0,74.0,74.0,51.0,88.0,82.0,602.0,2.7777777777777777,0.0,8.51063829787234,-6.382978723404255,10.81081081081081,5.465666878696552,4.848756530179402,-11.287009658815329,3.793103448275862,"em<0, wel>0","em<0, wel>0",District Municipality (1),WGS84,55.2433333303973,-127.586944444444
New Westminster,356585.183899852,319385.701816245,-10.432144621593304,83.0,79.0,71.0,93.0,89.0,70996.0,84.0,83.0,74.0,92.0,88.0,78916.0,1.2048192771084338,5.063291139240507,4.225352112676056,-1.0752688172043012,-1.1235955056179776,5.022609497716096,4.047160294696195,-19.421163509993388,11.15555805960899,"em<0, wel>0","em<0, wel>0",City,WGS84,49.2066666624232,-122.910555555556
North Cowichan,1961209.665479058,1750845.292511959,-10.726256181065366,81.0,77.0,63.0,96.0,86.0,29676.0,82.0,80.0,65.0,96.0,86.0,31990.0,1.2345679012345678,3.896103896103896,3.1746031746031744,0.0,0.0,66.08739942981055,54.731018834384464,-17.183881788974546,7.797546839196658,"em<0, wel>0","em<0, wel>0",District Municipality (1),WGS84,48.8247222178703,-123.719722222222
North Saanich,61518.201985331,55455.643671522,-9.85490166837876,88.0,93.0,75.0,98.0,87.0,11249.0,89.0,94.0,77.0,98.0,87.0,12235.0,1.1363636363636365,1.0752688172043012,2.666666666666667,0.0,0.0,5.468770733872433,4.532541370782345,-17.119557733354537,8.765223575428926,"em<0, wel>0","em<0, wel>0",District Municipality (1),WGS84,48.6563888844881,-123.432222222222
North Vancouver City,164155.006584721,145634.928295712,-11.282067281603586,85.0,82.0,76.0,94.0,90.0,52898.0,87.0,87.0,79.0,94.0,89.0,58120.0,2.3529411764705883,6.097560975609756,3.9473684210526314,0.0,-1.1111111111111112,3.103236541735434,2.505762702954439,-19.253248366522126,9.871828802601232,"em<0, wel>0","em<0, wel>0",City,WGS84,49.3205555513438,-123.073888888889
North Vancouver District,475639.178142359,448973.397248874,-5.606304551620415,88.0,90.0,79.0,96.0,89.0,85935.0,89.0,93.0,81.0,95.0,88.0,88168.0,1.1363636363636365,3.3333333333333335,2.5316455696202533,-1.0416666666666665,-1.1235955056179776,5.534871451007843,5.092248857282393,-7.996980555796886,2.5984755920172224,"em<0, wel>0","em<0, wel>0",District Municipality (1),WGS84,49.3361111069036,-123.078055555556
Oak Bay,71904.977399626,63568.888768337,-11.59320110061305,90.0,94.0,83.0,97.0,87.0,18094.0,91.0,95.0,84.0,97.0,87.0,17990.0,1.1111111111111112,1.0638297872340425,1.2048192771084338,0.0,0.0,3.9739680225282417,3.5335680249214563,-11.082122329877294,-0.5747761688957665,"em<0, wel>0","em<0, wel>0",District Municipality (1),WGS84,48.4258333288646,-123.318055555556
Oliver,32506.343177138,34631.764342979004,6.53848128735635,78.0,73.0,58.0,96.0,84.0,4928.0,80.0,78.0,60.0,95.0,85.0,5094.0,2.564102564102564,6.8493150684931505,3.4482758620689653,-1.0416666666666665,1.1904761904761905,6.5962547031530026,6.798540310753633,3.0666736914197354,3.3685064935064934,"em>0, wel>0, wel<em","em>0, wel>0, wel<em",Town,WGS84,49.1824999957498,-119.550833333333
One Hundred Mile House,25819.667760873,25729.403533712,-0.3495948437329794,74.0,70.0,50.0,96.0,80.0,1980.0,75.0,73.0,52.0,97.0,78.0,1928.0,1.3513513513513513,4.285714285714286,4.0,1.0416666666666665,-2.5,13.04023624286515,13.345126314165976,2.3380716853779626,-2.6262626262626263,"em<0, wel>0","em>0, wel>0, wel<em",District Municipality (1),WGS84,51.6427777741498,-121.295555555556
Osoyoos,34072.354561752,34606.105070620004,1.5665207636315437,77.0,75.0,58.0,93.0,83.0,5085.0,80.0,78.0,62.0,98.0,83.0,5556.0,3.896103896103896,4.0,6.896551724137931,5.376344086021505,0.0,6.700561369076106,6.2286006246616274,-7.0436000570434905,9.262536873156343,"em>0, wel>0, wel>em","em<0, wel>0",Town,WGS84,49.0324999957075,-119.468333333333
Parksville,62893.765583827,66962.16780513199,6.468689199221951,80.0,77.0,64.0,98.0,83.0,12514.0,82.0,79.0,66.0,97.0,84.0,13642.0,2.5,2.5974025974025974,3.125,-1.0204081632653061,1.2048192771084338,5.025872269764024,4.908530113262864,-2.3347620115039214,9.013904427041714,"em>0, wel>0, wel<em","em<0, wel>0",City,WGS84,49.3180555513431,-124.311388888889
Peachland,32673.239841813,33197.679566968,1.6051047514543002,81.0,80.0,64.0,97.0,82.0,5428.0,82.0,83.0,66.0,97.0,83.0,5789.0,1.2345679012345678,3.75,3.125,0.0,1.2195121951219512,6.019388327526345,5.734613848154776,-4.730953775972719,6.650700073691968,"em>0, wel>0, wel<em","em<0, wel>0",District Municipality (1),WGS84,49.7738888848004,-119.736388888889
Pemberton,12943.395063091,13514.657561062,4.413544477213672,84.0,78.0,71.0,95.0,93.0,2574.0,87.0,82.0,75.0,97.0,93.0,3407.0,3.571428571428571,5.128205128205128,5.633802816901409,2.1052631578947367,0.0,5.028514010524864,3.9667324804995596,-21.115214709613152,32.36208236208236,"em>0, wel>0, wel<em","em<0, wel>0",Village (1),WGS84,50.3205555516096,-122.807777777778
Penticton,199882.197780243,209336.937149023,4.730155798654386,80.0,78.0,61.0,96.0,85.0,33761.0,81.0,80.0,64.0,96.0,85.0,36885.0,1.25,2.564102564102564,4.918032786885246,0.0,0.0,5.920505843436006,5.67539479867217,-4.1400355180054,9.253280412310062,"em>0, wel>0, wel<em","em<0, wel>0",City,WGS84,49.5008333291712,-119.593888888889
Pitt Meadows,110353.224247314,101608.555960514,-7.9242526409579295,83.0,81.0,66.0,97.0,90.0,18573.0,84.0,83.0,68.0,95.0,89.0,19146.0,1.2048192771084338,2.4691358024691357,3.0303030303030303,-2.0618556701030926,-1.1111111111111112,5.941593939983525,5.307038334927086,-10.679888451922684,3.085123566467453,"em<0, wel>0","em<0, wel>0",City,WGS84,49.2205555513159,-122.690277777778
Port Alberni,540827.68418646,524799.313894291,-2.963674153677935,75.0,72.0,54.0,94.0,80.0,17678.0,77.0,75.0,58.0,95.0,82.0,18259.0,2.666666666666667,4.166666666666666,7.4074074074074066,1.0638297872340425,2.5,30.59326191800317,28.741952675080285,-6.051362708183292,3.286570879058717,"em<0, wel>0","em<0, wel>0",City,WGS84,49.2344444402087,-124.805833333333
Port Alice,3867.487218209,3420.0011150670002,-11.570461074444781,76.0,83.0,58.0,95.0,68.0,664.0,77.0,79.0,60.0,92.0,77.0,739.0,1.3157894736842104,-4.819277108433735,3.4482758620689653,-3.1578947368421053,13.23529411764706,5.824528943085843,4.627877016328823,-20.545042156199365,11.295180722891567,"em<0, wel>0","em<0, wel>0",Village (1),WGS84,50.4266666627476,-127.488055555556
Port Clements,2972.568819391,2200.309180207,-25.979537770372485,78.0,78.0,58.0,86.0,91.0,282.0,78.0,82.0,55.0,91.0,84.0,340.0,0.0,5.128205128205128,-5.172413793103448,5.813953488372093,-7.6923076923076925,10.541024182237589,6.471497588844117,-38.60655779777954,20.56737588652482,Other,Other,Village (1),WGS84,53.6855555523492,-132.183611111111
Port Coquitlam,304510.987110193,285197.89578511904,-6.342329880558682,83.0,78.0,68.0,95.0,89.0,58612.0,84.0,82.0,71.0,95.0,88.0,61498.0,1.2048192771084338,5.128205128205128,4.411764705882353,0.0,-1.1235955056179776,5.195369328980294,4.637514972602671,-10.73753030926705,4.9239063672968,"em<0, wel>0","em<0, wel>0",City,WGS84,49.2619444402164,-122.780277777778
Port Edward,1494.1430179039999,6434.243764655001,330.6310498764053,76.0,74.0,55.0,85.0,90.0,467.0,78.0,82.0,51.0,89.0,89.0,470.0,2.631578947368421,10.81081081081081,-7.2727272727272725,4.705882352941177,-1.1111111111111112,3.199449717139186,13.689880350329789,327.88234104740695,0.6423982869379015,"em>0, wel>0, wel<em","em>0, wel>0, wel<em",District Municipality (1),WGS84,54.2205555524467,-130.289444444444
Port Hardy,20770.295697564998,16687.164401342,-19.65851307885656,76.0,74.0,53.0,93.0,85.0,4132.0,78.0,77.0,57.0,92.0,84.0,3902.0,2.631578947368421,4.054054054054054,7.547169811320755,-1.0752688172043012,-1.1764705882352942,5.026693053621733,4.276566991630446,-14.922853931787634,-5.566311713455954,"em<0, wel>0","em<0, wel>0",District Municipality (1),WGS84,50.7244444405996,-127.498055555556
Port McNeill,13749.470742501,12774.600543378001,-7.090237998104007,80.0,80.0,57.0,95.0,90.0,2337.0,81.0,80.0,61.0,95.0,88.0,2356.0,1.25,0.0,7.017543859649122,0.0,-2.2222222222222223,5.883384998930681,5.422156427579797,-7.839510272312852,0.8130081300813009,"em<0, wel>0","em<0, wel>0",Town,WGS84,50.5894444405662,-127.083611111111
Port Moody,180790.00870072,142863.34334500998,-20.978297212482506,86.0,84.0,76.0,95.0,89.0,33551.0,88.0,89.0,79.0,96.0,89.0,33535.0,2.3255813953488373,5.952380952380952,3.9473684210526314,1.0526315789473684,0.0,5.388513269372597,4.26012653481467,-20.940594894170285,-0.04768859348454592,"em<0, wel>0","em<0, wel>0",City,WGS84,49.2822222179998,-122.829444444444
Pouce Coupe,7955.694753497,5871.160900679,-26.201782715478412,75.0,79.0,51.0,88.0,83.0,792.0,77.0,84.0,52.0,93.0,81.0,762.0,2.666666666666667,6.329113924050633,1.9607843137254901,5.681818181818182,-2.4096385542168677,10.045069133203283,7.704935565195538,-23.29634109010355,-3.787878787878788,"em<0, wel>0","em<0, wel>0",Village (1),WGS84,55.7147222193601,-120.133611111111
Powell River,981007.994408433,828652.709539894,-15.530483516641695,78.0,75.0,60.0,95.0,83.0,13157.0,80.0,78.0,63.0,94.0,83.0,13943.0,2.564102564102564,4.0,5.0,-1.0526315789473684,0.0,74.5616777691292,59.43145015706046,-20.292230626727015,5.974006232423805,"em<0, wel>0","em<0, wel>0",City,WGS84,49.835555548341,-124.524444444444
Prince George,9382306.22877501,5594125.257057346,-40.375797584814734,81.0,79.0,61.0,95.0,87.0,74003.0,82.0,82.0,64.0,96.0,86.0,76708.0,1.2345679012345678,3.79746835443038,4.918032786885246,1.0526315789473684,-1.1494252873563218,126.78278216795277,72.92753372604352,-42.47836143125939,3.6552572193019204,"em<0, wel>0","em<0, wel>0",City,WGS84,53.9130555523913,-122.745277777778
Prince Rupert,71632.278313079,99146.858272923,38.41086812789568,77.0,78.0,55.0,90.0,85.0,12220.0,80.0,84.0,59.0,89.0,86.0,12300.0,3.896103896103896,7.6923076923076925,7.2727272727272725,-1.1111111111111112,1.1764705882352942,5.861888568991735,8.060720184790487,37.51063483925895,0.6546644844517185,"em>0, wel>0, wel<em","em>0, wel>0, wel<em",City,WGS84,54.3127777746853,-130.325277777778
Princeton,52031.976539572,46417.478861177995,-10.790475495629117,78.0,76.0,56.0,95.0,83.0,2828.0,79.0,80.0,58.0,95.0,82.0,2894.0,1.282051282051282,5.263157894736842,3.571428571428571,0.0,-1.2048192771084338,18.39886016250778,16.039211769584657,-12.824970525790992,2.333804809052334,"em<0, wel>0","em<0, wel>0",Town,WGS84,49.4602777736045,-120.507777777778
Qualicum Beach,44250.060615231996,41875.626751996,-5.365944882838542,83.0,85.0,69.0,98.0,80.0,8943.0,84.0,84.0,72.0,99.0,81.0,9303.0,1.2048192771084338,-1.1764705882352942,4.3478260869565215,1.0204081632653061,1.25,4.9480108034476125,4.501303531333549,-9.028017315621312,4.02549480040255,"em<0, wel>0","em<0, wel>0",Town,WGS84,49.3480555513514,-124.443888888889
Queen Charlotte,2880.925609877,2686.279524886,-6.756373171305533,81.0,79.0,67.0,92.0,87.0,852.0,79.0,76.0,64.0,89.0,87.0,964.0,-2.4691358024691357,-3.79746835443038,-4.477611940298507,-3.260869565217391,0.0,3.381368086710094,2.786597017516598,-17.589657616133096,13.145539906103288,"em<0, wel<0, abs(wel)<abs(em)","em<0, wel<0, abs(wel)<abs(em)",Post Office,WGS84,53.2538775271079,-132.0864178973
Quesnel,1620475.348139486,1608350.7412927921,-0.7482129771745377,77.0,76.0,54.0,95.0,82.0,9879.0,78.0,78.0,57.0,94.0,81.0,9889.0,1.2987012987012987,2.631578947368421,5.555555555555555,-1.0526315789473684,-1.2195121951219512,164.0323259580409,162.64038237362647,-0.8485788251094426,0.1012248203259439,"em<0, wel>0","em<0, wel>0",City,WGS84,52.9797222188793,-122.493611111111
Radium Hot Springs,4759.567810838,5377.547626572999,12.983948129235587,82.0,84.0,65.0,97.0,82.0,776.0,84.0,84.0,68.0,97.0,85.0,1339.0,2.4390243902439024,0.0,4.615384615384616,0.0,3.6585365853658534,6.133463673760309,4.016092327537715,-34.52162528133918,72.55154639175258,"em>0, wel>0, wel<em","em<0, wel>0",Village (1),WGS84,50.6199999961294,-116.076111111111
Revelstoke,49830.830237195,52261.041700464004,4.876923486326011,82.0,78.0,65.0,96.0,87.0,7547.0,84.0,81.0,70.0,95.0,88.0,8275.0,2.4390243902439024,3.8461538461538463,7.6923076923076925,-1.0416666666666665,1.1494252873563218,6.602733567933615,6.315533740237342,-4.349710990779161,9.646217039883398,"em>0, wel>0, wel<em","em<0, wel>0",City,WGS84,50.9988888851107,-118.195833333333
Richmond,1768293.859349054,1571563.881830087,-11.125412016721448,81.0,74.0,72.0,93.0,85.0,198309.0,82.0,78.0,74.0,93.0,83.0,209937.0,1.2345679012345678,5.405405405405405,2.7777777777777777,0.0,-2.3529411764705883,8.916861359540183,7.485883297513477,-16.048001693955882,5.863576539642679,"em<0, wel>0","em<0, wel>0",City,WGS84,49.1633333290778,-123.163333333333
Rossland,22107.203736126998,22656.517879984,2.484774422010358,85.0,83.0,75.0,94.0,87.0,3729.0,88.0,87.0,80.0,96.0,87.0,4140.0,3.5294117647058822,4.819277108433735,6.666666666666667,2.127659574468085,0.0,5.928453670186912,5.472588859899517,-7.689438690899358,11.021721641190668,"em>0, wel>0, wel>em","em<0, wel>0",City,WGS84,49.0769444401645,-117.802222222222
Saanich,391635.19331931,368084.87909229903,-6.0133294016326655,84.0,81.0,73.0,96.0,87.0,114148.0,86.0,85.0,76.0,96.0,87.0,117735.0,2.380952380952381,4.938271604938271,4.10958904109589,0.0,0.0,3.43094222692741,3.126384499870888,-8.876795553892773,3.1424116059852123,"em<0, wel>0","em<0, wel>0",District Municipality (1),WGS84,48.4566666622071,-123.373333333333
Salmo,12610.018827727,12598.089629779999,-0.09460095270255849,74.0,72.0,53.0,93.0,78.0,1141.0,77.0,75.0,59.0,94.0,81.0,1140.0,4.054054054054054,4.166666666666666,11.320754716981133,1.0752688172043012,3.8461538461538463,11.051725528244523,11.05095581559649,-0.006964637748792448,-0.0876424189307625,"em<0, wel>0","em<0, wel>0",Village (1),WGS84,49.1933333290861,-117.278611111111
Salmon Arm,117801.074295593,124229.13422873401,5.456707395563608,81.0,78.0,64.0,96.0,86.0,17706.0,82.0,79.0,66.0,96.0,86.0,19432.0,1.2345679012345678,1.282051282051282,3.125,0.0,0.0,6.653172613554332,6.393018434990428,-3.9102274008929045,9.748107985993448,"em>0, wel>0, wel<em","em<0, wel>0",City,WGS84,50.7013888850384,-119.278055555556
Sayward,1397.531285946,1306.1023072970002,-6.542177593334583,74.0,71.0,47.0,100.0,78.0,311.0,76.0,74.0,57.0,98.0,77.0,334.0,2.7027027027027026,4.225352112676056,21.27659574468085,-2.0,-1.282051282051282,4.493669729729904,3.9104859499910183,-12.977895902775622,7.395498392282958,"em<0, wel>0","em<0, wel>0",Village (1),WGS84,50.3788888849577,-125.959444444444
Sechelt,56733.390720924,49738.077275074,-12.330152238318513,81.0,78.0,66.0,97.0,85.0,10216.0,83.0,82.0,69.0,97.0,86.0,10847.0,2.4691358024691357,5.128205128205128,4.545454545454546,0.0,1.1764705882352942,5.553385935877447,4.585422446305338,-17.43014983559159,6.176585747846515,"em<0, wel>0","em<0, wel>0",District Municipality (1),WGS84,49.4716666624965,-123.763333333333
Sechelt IGD,4903.545649106,4472.2890764290005,-8.794790617593726,70.0,58.0,56.0,85.0,80.0,671.0,71.0,69.0,54.0,86.0,75.0,744.0,1.4285714285714286,18.96551724137931,-3.571428571428571,1.1764705882352942,-6.25,7.307817658876305,6.011141231759409,-17.743688850007246,10.879284649776453,"em<0, wel>0","em<0, wel>0",Indian Government District,WGS84,49.4789596576011,-123.742984835671
Sicamous,12145.841395729,12406.501258206,2.1460832064599535,77.0,78.0,54.0,95.0,79.0,2429.0,77.0,77.0,53.0,96.0,81.0,2613.0,0.0,-1.282051282051282,-1.8518518518518516,1.0526315789473684,2.5316455696202533,5.000346395936187,4.74799129667279,-5.046752350366921,7.575133799917662,Other,Other,District Municipality (1),WGS84,50.8361111072937,-118.98
Sidney,61683.765441316,45812.990914643,-25.729256982166493,83.0,80.0,68.0,98.0,87.0,11672.0,85.0,84.0,70.0,97.0,87.0,12318.0,2.4096385542168677,5.0,2.941176470588235,-1.0204081632653061,0.0,5.284764002854352,3.7191906896121933,-29.624280524098666,5.534612748457848,"em<0, wel>0","em<0, wel>0",Town,WGS84,48.6505555511531,-123.398333333333
Silverton,803.3080081520001,490.50663539,-38.93915778103541,80.0,,,,,195.0,82.0,,,,,149.0,2.5,,,,,4.119528246933334,3.291990841543624,-20.08815951209333,-23.589743589743588,"em<0, wel>0","em<0, wel>0",Village (1),WGS84,49.9527777737366,-117.357222222222
Slocan,1467.509247346,1459.47535109,-0.5474511503439783,78.0,,,,,272.0,70.0,68.0,48.0,94.0,71.0,379.0,-10.256410256410255,,,,,5.395254585830882,3.850858446147757,-28.625083675180907,39.338235294117645,"em<0, wel<0, abs(wel)>abs(em)","em<0, wel<0, abs(wel)<abs(em)",Village (1),WGS84,49.7677777736876,-117.466111111111
Smithers,56941.341386824,69172.33151753701,21.47998243951311,82.0,79.0,64.0,96.0,88.0,5401.0,84.0,81.0,67.0,96.0,92.0,5378.0,2.4390243902439024,2.5316455696202533,4.6875,0.0,4.545454545454546,10.54274049006184,12.862092137883415,21.999513788733793,-0.425847065358267,"em>0, wel>0, wel<em","em>0, wel>0, wel<em",Town,WGS84,54.7791666636544,-127.176111111111
Sooke,54159.226852724,56307.476954005,3.9665449935664037,81.0,76.0,64.0,96.0,87.0,13001.0,82.0,80.0,66.0,97.0,86.0,15086.0,1.2345679012345678,5.263157894736842,3.125,1.0416666666666665,-1.1494252873563218,4.165773929138067,3.732432517168567,-10.402422679215379,16.037227905545727,"em>0, wel>0, wel<em","em<0, wel>0",District Municipality (1),WGS84,48.3827777732962,-123.731944444444
Spallumcheen,55770.827841393,356716.918867389,539.6120206102344,79.0,75.0,60.0,95.0,86.0,5106.0,80.0,78.0,60.0,96.0,85.0,5307.0,1.2658227848101267,4.0,0.0,1.0526315789473684,-1.1627906976744187,10.922606314413043,67.21630278262464,515.3870317007456,3.936545240893067,"em>0, wel>0, wel<em","em>0, wel>0, wel<em",District Municipality (1),WGS84,50.4024999960749,-119.2175
Sparwood,1395036.8115185362,1561839.1750016822,11.95684315323386,83.0,85.0,62.0,98.0,89.0,3784.0,84.0,86.0,63.0,97.0,89.0,4148.0,1.2048192771084338,1.1764705882352942,1.6129032258064515,-1.0204081632653061,0.0,368.66723348798524,376.5282485539253,2.1322792892567355,9.619450317124736,"em>0, wel>0, wel<em","em>0, wel>0, wel<em",District Municipality (1),WGS84,49.733333329234,-114.885833333333
Squamish,76860.29042530799,107363.011589876,39.68593014127396,84.0,80.0,71.0,95.0,91.0,19512.0,87.0,86.0,75.0,95.0,91.0,23819.0,3.571428571428571,7.5,5.633802816901409,0.0,0.0,3.9391292755897904,4.507452520671564,14.427636295249059,22.073595735957362,"em>0, wel>0, wel<em","em>0, wel>0, wel<em",District Municipality (1),WGS84,49.6980555514467,-123.155833333333
Stewart,4065.959360162,4010.2570815530003,-1.3699664378047383,80.0,79.0,58.0,94.0,88.0,401.0,78.0,84.0,52.0,96.0,79.0,517.0,-2.5,6.329113924050633,-10.344827586206897,2.127659574468085,-10.227272727272728,10.139549526588528,7.756783523313347,-23.499722517523594,28.92768079800499,"em<0, wel<0, abs(wel)>abs(em)","em<0, wel<0, abs(wel)<abs(em)",District Municipality (1),WGS84,55.9383333305051,-129.991111111111
Summerland,66423.849210579,70548.578787387,6.2097117614061235,82.0,79.0,66.0,96.0,85.0,11615.0,82.0,81.0,67.0,96.0,85.0,12042.0,0.0,2.5316455696202533,1.5151515151515151,0.0,0.0,5.7187988988875595,5.8585433306250625,2.4435975841830446,3.6762806715454155,Other,Other,District Municipality (1),WGS84,49.6022222180876,-119.681944444444
Sun Peaks Mountain Resort,8267.964238433,9611.249493964,16.246868234950043,83.0,79.0,75.0,98.0,82.0,616.0,87.0,91.0,78.0,96.0,85.0,1404.0,4.819277108433735,15.18987341772152,4.0,-2.0408163265306123,3.6585365853658534,13.42201986758604,6.845619297695157,-48.99710054648916,127.92207792207793,"em>0, wel>0, wel<em","em<0, wel>0",Mountain Resort Municipality,WGS84,50.8844444406387,-119.879444444444
Surrey,2647518.57050387,2682291.466217026,1.3134146102151112,79.0,74.0,65.0,92.0,87.0,517887.0,81.0,78.0,68.0,91.0,86.0,568322.0,2.5316455696202533,5.405405405405405,4.615384615384616,-1.0869565217391304,-1.1494252873563218,5.112154911213971,4.71966854391881,-7.677513184004013,9.738610932500718,"em>0, wel>0, wel>em","em<0, wel>0",City,WGS84,49.1116666623965,-122.8275
Tahsis,1740.568855258,1673.164796681,-3.8725304301166963,73.0,,,,,248.0,68.0,70.0,54.0,87.0,62.0,393.0,-6.8493150684931505,,,,,7.018422803459678,4.2574167854478375,-39.33940851569705,58.46774193548387,"em<0, wel<0, abs(wel)>abs(em)","em<0, wel<0, abs(wel)<abs(em)",Village (1),WGS84,49.9163888848382,-126.664444444444
Taylor,977631.628558978,1099355.6964341342,12.450913444215853,79.0,84.0,54.0,95.0,84.0,1469.0,79.0,82.0,56.0,94.0,85.0,1317.0,0.0,-2.380952380952381,3.7037037037037033,-1.0526315789473684,1.1904761904761905,665.5082563369489,834.7423663129341,25.429302847041086,-10.347174948944861,Other,Other,District Municipality (1),WGS84,56.1591666638711,-120.686666666667
Telkwa,9469.30852331,8365.927946905,-11.652176858414498,81.0,78.0,63.0,98.0,87.0,1327.0,81.0,77.0,66.0,93.0,87.0,1474.0,0.0,-1.282051282051282,4.761904761904762,-5.1020408163265305,0.0,7.135876807317256,5.6756634646573945,-20.46298418664589,11.077618688771665,Other,Other,Village (1),WGS84,54.6966666636404,-127.050833333333
Terrace,79561.85811639001,105373.82817409199,32.44264358424358,80.0,79.0,62.0,94.0,87.0,11643.0,82.0,81.0,66.0,93.0,88.0,12017.0,2.5,2.5316455696202533,6.451612903225806,-1.0638297872340425,1.1494252873563218,6.833449979935584,8.76872998036881,28.32068729727454,3.212230524778837,"em>0, wel>0, wel<em","em>0, wel>0, wel<em",City,WGS84,54.5163888858318,-128.599722222222
Tofino,8740.259067148,7409.224353526,-15.22877872836696,83.0,77.0,70.0,96.0,90.0,1932.0,85.0,83.0,73.0,93.0,90.0,2516.0,2.4096385542168677,7.792207792207792,4.285714285714286,-3.125,0.0,4.523943616536232,2.9448427478243246,-34.90540560540738,30.22774327122153,"em<0, wel>0","em<0, wel>0",District Municipality (1),WGS84,49.153055551297,-125.904444444444
Trail,591468.0016861539,561133.824178102,-5.12862528853217,78.0,77.0,58.0,94.0,81.0,7709.0,80.0,79.0,63.0,94.0,83.0,7920.0,2.564102564102564,2.5974025974025974,8.620689655172415,0.0,2.4691358024691357,76.72434838320845,70.85023032551793,-7.656132872385668,2.737060578544558,"em<0, wel>0","em<0, wel>0",City,WGS84,49.0944444401694,-117.709166666667
Tumbler Ridge,83457.883094551,180851.525259373,116.69795416986905,77.0,78.0,57.0,96.0,77.0,1987.0,83.0,86.0,61.0,98.0,86.0,2399.0,7.792207792207792,10.256410256410255,7.017543859649122,2.083333333333333,11.688311688311687,42.001954249899846,75.38621311353606,79.4826323199374,20.73477604428787,"em>0, wel>0, wel<em","em>0, wel>0, wel<em",District Municipality (1),WGS84,55.1261111081561,-120.998055555556
Ucluelet,8612.277868813,8204.048467567001,-4.740086275250007,82.0,75.0,66.0,94.0,91.0,1717.0,84.0,78.0,73.0,94.0,91.0,2066.0,2.4390243902439024,4.0,10.606060606060606,0.0,0.0,5.0158869358258595,3.9709818332850926,-20.831911004164702,20.326150262085033,"em<0, wel>0","em<0, wel>0",District Municipality (1),WGS84,48.9427777734597,-125.546111111111
Valemount,7819.625571244,7393.324688684001,-5.451678966927571,78.0,74.0,56.0,95.0,88.0,1021.0,81.0,77.0,64.0,95.0,88.0,1052.0,3.8461538461538463,4.054054054054054,14.285714285714285,0.0,0.0,7.658790961061704,7.027875179357415,-8.23779869318731,3.0362389813907935,"em<0, wel>0","em<0, wel>0",Village (1),WGS84,52.8294444410713,-119.28
Vancouver,3709082.6131638484,4236821.878595657,14.228296332867242,85.0,83.0,74.0,94.0,88.0,631486.0,86.0,88.0,77.0,94.0,87.0,662248.0,1.1764705882352942,6.024096385542169,4.054054054054054,0.0,-1.1363636363636365,5.8735785324834575,6.397636351632102,8.922291857517116,4.8713669028292,"em>0, wel>0, wel<em","em>0, wel>0, wel<em",City,WGS84,49.2611111068828,-123.113888888889
Vanderhoof,50634.585651835,47535.840377143,-6.119819555746076,80.0,78.0,61.0,94.0,89.0,4439.0,81.0,79.0,61.0,97.0,86.0,4346.0,1.25,1.282051282051282,0.0,3.1914893617021276,-3.3707865168539324,11.406755046594954,10.937837178357801,-4.110878740901252,-2.0950664564091013,"em<0, wel>0","em<0, wel>0",District Municipality (1),WGS84,54.0174999968548,-124.0075
Vernon,261996.922750517,279512.66975666303,6.6854781431250485,80.0,77.0,62.0,96.0,85.0,40116.0,81.0,80.0,65.0,96.0,85.0,44519.0,1.25,3.896103896103896,4.838709677419355,0.0,0.0,6.530983217432371,6.2785028809421375,-3.865885550223399,10.975670555389371,"em>0, wel>0, wel<em","em<0, wel>0",City,WGS84,50.2658333293734,-119.271666666667
Victoria,346802.88708934205,314242.74020748003,-9.388660848568426,85.0,80.0,75.0,96.0,88.0,85792.0,86.0,85.0,78.0,95.0,88.0,91867.0,1.1764705882352942,6.25,4.0,-1.0416666666666665,0.0,4.042368601843319,3.420626995629334,-15.380626247949552,7.081079820962327,"em<0, wel>0","em<0, wel>0",City,WGS84,48.4283333288653,-123.364722222222
View Royal,45725.385426711,46234.582501833,1.1135982132685238,84.0,82.0,70.0,96.0,90.0,10408.0,86.0,85.0,72.0,97.0,89.0,11575.0,2.380952380952381,3.6585365853658534,2.857142857142857,1.0416666666666665,-1.1111111111111112,4.393292220091372,3.9943483802879483,-9.080749010479591,11.212528823981554,"em>0, wel>0, wel>em","em<0, wel>0",Town,WGS84,48.4519444399834,-123.434166666667
Warfield,8801.637692105,9071.466792152,3.065669247997273,82.0,81.0,65.0,95.0,86.0,1680.0,83.0,82.0,70.0,93.0,87.0,1753.0,1.2195121951219512,1.2345679012345678,7.6923076923076925,-2.1052631578947367,1.1627906976744187,5.2390700548244045,5.1748241826309185,-1.226283892392794,4.345238095238095,"em>0, wel>0, wel<em","em<0, wel>0",Village (1),WGS84,49.0941666623916,-117.749166666667
Wells,1022.162363049,1139.167937958,11.446867849837973,74.0,,,,,217.0,73.0,,,,,218.0,-1.3513513513513513,,,,,4.710425636170506,5.22554099980734,10.935643685389184,0.4608294930875576,"em>0, wel<0","em>0, wel<0",District Municipality (1),WGS84,53.1044444411263,-121.5725
West Kelowna,224272.059339362,237364.011169951,5.837531375577483,83.0,81.0,65.0,97.0,87.0,32655.0,84.0,83.0,68.0,97.0,87.0,36078.0,1.2048192771084338,2.4691358024691357,4.615384615384616,0.0,0.0,6.867924034278426,6.579189843393508,-4.204097037821315,10.482315112540192,"em>0, wel>0, wel<em","em<0, wel>0",City,WGS84,49.8299999959264,-119.628611111111
West Vancouver,233998.845879625,221269.159579613,-5.440063711493888,90.0,100.0,82.0,96.0,83.0,42473.0,90.0,100.0,83.0,95.0,81.0,44122.0,0.0,0.0,1.2195121951219512,-1.0416666666666665,-2.4096385542168677,5.509355258155181,5.014939476442886,-8.974113277237654,3.8824665081345797,Other,Other,District Municipality (1),WGS84,49.3311111069022,-123.159722222222
Whistler,100302.99690039101,97262.052451672,-3.0317583149972167,88.0,86.0,79.0,95.0,93.0,11854.0,87.0,87.0,79.0,94.0,86.0,13982.0,-1.1363636363636365,1.1627906976744187,0.0,-1.0526315789473684,-7.526881720430108,8.4615317108479,6.956233189219854,-17.78990581218546,17.951746245992915,"em<0, wel<0, abs(wel)<abs(em)","em<0, wel<0, abs(wel)<abs(em)",Resort Municipality,WGS84,50.117222218224,-122.954722222222
White Rock,93900.88722124201,88810.711656838,-5.4207960276359595,85.0,86.0,71.0,97.0,86.0,19952.0,86.0,89.0,72.0,96.0,86.0,21939.0,1.1764705882352942,3.488372093023256,1.4084507042253522,-1.0309278350515463,0.0,4.706339576044607,4.0480747370818175,-13.986768874761507,9.958901363271853,"em<0, wel>0","em<0, wel>0",City,WGS84,49.023611106816,-122.798333333333
Williams Lake,706504.329912812,730098.060212624,3.3395025763994526,79.0,77.0,56.0,97.0,86.0,10753.0,79.0,79.0,59.0,94.0,85.0,10947.0,0.0,2.5974025974025974,5.357142857142857,-3.0927835051546393,-1.1627906976744187,65.70299729496996,66.6938942370169,1.5081457206561943,1.804147679717288,Other,Other,City,WGS84,52.1291666631466,-122.14
Zeballos,405.68210340400003,417.90897889,3.013905563840908,80.0,,,,,107.0,77.0,,,,,126.0,-3.75,,,,,3.791421527140187,3.316737927698413,-12.519937338643034,17.75700934579439,"em>0, wel<0","em<0, wel<0, abs(wel)<abs(em)",Village (1),WGS84,49.9824999959666,-126.846111111111
