Municipality_Name,Latitude,Longitude
Abbotsford,49.0522222179353,-122.329166666667
Alert Bay,50.5838888850092,-126.927777777778
Anmore,49.314444440231,-122.856388888889
Armstrong,50.4483333294198,-119.196666666667
Ashcroft,50.7213888850433,-121.283611111111
Belcarra,49.3136111068975,-122.915
Bowen Island,49.3797222180267,-123.344166666667
Burnaby,49.2427777735444,-122.972777777778
Burns Lake,54.2302777746707,-125.764444444444
Cache Creek,50.811944440621,-121.323333333333
Campbell River,50.0230555515328,-125.243611111111
Canal Flats,50.1602777737907,-115.808888888889
Castlegar,49.3244444402338,-117.666944444444
Central Saanich,48.5944444400255,-123.420833333333
Chase,50.819166662845,-119.686111111111
Chetwynd,55.6958333304683,-121.638333333333
Chilliwack,49.1577777735206,-121.950833333333
Clinton,51.0916666629107,-121.586666666667
Coldstream,50.2238888849182,-119.23
Colwood,48.4236111066417,-123.493333333333
Comox,49.6727777736622,-124.927777777778
Coquitlam,49.2841666624448,-122.793611111111
Courtenay,49.6894444403333,-124.995833333333
Cranbrook,49.5080555513953,-115.746944444444
Creston,49.0974999957259,-116.513055555556
Cumberland,49.6186111069809,-125.0325
Dawson Creek,55.7605555527003,-120.235555555556
Delta,49.0847222179445,-123.058611111111
Duncan,48.7786111067459,-123.708055555556
Elkford,50.0244444404221,-114.921666666667
Enderby,50.5505555516676,-119.139444444444
Esquimalt,48.4297222177547,-123.414444444444
Fernie,49.5041666625054,-115.062777777778
Fort St. James,54.4444444413748,-124.259166666667
Fort St. John,56.2524999972181,-120.846666666667
Fraser Lake,54.0602777746402,-124.843888888889
Fruitvale,49.1149999957308,-117.542777777778
Gibsons,49.400277773588,-123.508888888889
Gold River,49.7813888848023,-126.046944444444
Golden,51.2977777740704,-116.964722222222
Grand Forks,49.0311111068182,-118.439166666667
Granisle,54.8847222192275,-126.206666666667
Greenwood,49.0883333290566,-118.676388888889
Harrison Hot Springs,49.2988888846711,-121.784444444444
Highlands,48.480555551103,-123.511944444444
Hope,49.3799999958047,-121.441388888889
Houston,54.3983333302558,-126.648333333333
Hudson's Hope,56.0258333305181,-121.913611111111
Invermere,50.5058333294342,-116.030555555556
Kamloops,50.6758333294765,-120.339444444444
Kaslo,49.9105555515033,-116.905
Kelowna,49.8880555514974,-119.495555555556
Kent,49.2380555513208,-121.7625
Keremeos,49.2047222179782,-119.829722222222
Kimberley,49.6849999958877,-115.981666666667
Kitimat,54.0533333301945,-128.652222222222
Ladysmith,48.9933333290297,-123.815555555556
Lake Country,50.0302777737569,-119.4025
Lake Cowichan,48.8258333289817,-124.056388888889
Langford,48.4497222177606,-123.504444444444
Lantzville,49.2505555513243,-124.074444444444
Lillooet,50.6938888850365,-121.933611111111
Lions Bay,49.4586111069374,-123.235277777778
Logan Lake,50.4944444405425,-120.813333333333
Lumby,50.2508333293695,-118.961944444444
Mackenzie,55.3244444415213,-123.092777777778
Maple Ridge,49.2199999957603,-122.598888888889
Masset,54.0111111079648,-132.146666666667
McBride,53.3041666633877,-120.163888888889
Merritt,50.1124999960006,-120.788333333333
Metchosin,48.379166662184,-123.535833333333
Midway,49.008333329034,-118.778333333333
Mission,49.1591666624099,-122.283888888889
Montrose,49.0788888846095,-117.594166666667
Nakusp,50.2391666626999,-117.7975
Nanaimo,49.1638888846334,-123.938055555556
Nelson,49.4933333291691,-117.295833333333
New Denver,49.9913888848579,-117.377222222222
New Hazelton,55.2433333303973,-127.586944444444
New Westminster,49.2066666624232,-122.910555555556
North Cowichan,48.8247222178703,-123.719722222222
North Saanich,48.6563888844881,-123.432222222222
Oak Bay,48.4258333288646,-123.318055555556
Oliver,49.1824999957498,-119.550833333333
Osoyoos,49.0324999957075,-119.468333333333
Parksville,49.3180555513431,-124.311388888889
Peachland,49.7738888848004,-119.736388888889
Pemberton,50.3205555516096,-122.807777777778
Penticton,49.5008333291712,-119.593888888889
Pitt Meadows,49.2205555513159,-122.690277777778
Port Alberni,49.2344444402087,-124.805833333333
Port Alice,50.4266666627476,-127.488055555556
Port Clements,53.6855555523492,-132.183611111111
Port Coquitlam,49.2619444402164,-122.780277777778
Port Edward,54.2205555524467,-130.289444444444
Port Hardy,50.7244444405996,-127.498055555556
Port McNeill,50.5894444405662,-127.083611111111
Port Moody,49.2822222179998,-122.829444444444
Pouce Coupe,55.7147222193601,-120.133611111111
Powell River,49.835555548341,-124.524444444444
Prince George,53.9130555523913,-122.745277777778
Prince Rupert,54.3127777746853,-130.325277777778
Princeton,49.4602777736045,-120.507777777778
Qualicum Beach,49.3480555513514,-124.443888888889
Quesnel,52.9797222188793,-122.493611111111
Radium Hot Springs,50.6199999961294,-116.076111111111
Revelstoke,50.9988888851107,-118.195833333333
Richmond,49.1633333290778,-123.163333333333
Rossland,49.0769444401645,-117.802222222222
Saanich,48.4566666622071,-123.373333333333
Salmo,49.1933333290861,-117.278611111111
Salmon Arm,50.7013888850384,-119.278055555556
Sayward,50.3788888849577,-125.959444444444
Sechelt,49.4716666624965,-123.763333333333
Sicamous,50.8361111072937,-118.98
Sidney,48.6505555511531,-123.398333333333
Smithers,54.7791666636544,-127.176111111111
Sooke,48.3827777732962,-123.731944444444
Spallumcheen,50.4024999960749,-119.2175
Sparwood,49.733333329234,-114.885833333333
Squamish,49.6980555514467,-123.155833333333
Stewart,55.9383333305051,-129.991111111111
Summerland,49.6022222180876,-119.681944444444
Surrey,49.1116666623965,-122.8275
Taylor,56.1591666638711,-120.686666666667
Telkwa,54.6966666636404,-127.050833333333
Terrace,54.5163888858318,-128.599722222222
Tofino,49.153055551297,-125.904444444444
Trail,49.0944444401694,-117.709166666667
Tumbler Ridge,55.1261111081561,-120.998055555556
Ucluelet,48.9427777734597,-125.546111111111
Valemount,52.8294444410713,-119.28
Vancouver,49.2611111068828,-123.113888888889
Vanderhoof,54.0174999968548,-124.0075
Vernon,50.2658333293734,-119.271666666667
Victoria,48.4283333288653,-123.364722222222
View Royal,48.4519444399834,-123.434166666667
Warfield,49.0941666623916,-117.749166666667
West Vancouver,49.3311111069022,-123.159722222222
Whistler,50.117222218224,-122.954722222222
White Rock,49.023611106816,-122.798333333333
Williams Lake,52.1291666631466,-122.14
Langley City,49.1024999957273,-122.658055555556
Langley Township,49.1202777735101,-122.659722222222
North Vancouver City,49.3205555513438,-123.073888888889
North Vancouver District,49.3361111069036,-123.078055555556
One Hundred Mile House,51.6427777741498,-121.295555555556
Queen Charlotte,53.2538775271079,-132.0864178973
