Reporting Year,AA_NAME,Total municipal large industrial emissions (tCO2e)
2012.0,Burnaby,389892.64999999997
2012.0,Campbell River,31234.64
2012.0,Coquitlam,28551.66
2012.0,Delta,818766.23
2012.0,Fort St. John,1414069.5
2012.0,Kamloops,1944395.37
2012.0,Langford,1393.76
2012.0,Merritt,13721.98
2012.0,Nanaimo,1144490.23
2012.0,Port Alberni,426448.57
2012.0,Port Moody,36505.880000000005
2012.0,Powell River,799948.2
2012.0,Prince George,4510595.75
2012.0,Quesnel,1300727.6400000001
2012.0,Revelstoke,8539.9
2012.0,Richmond,774765.4
2012.0,Surrey,289675.54000000004
2012.0,Trail,514279.13
2012.0,Vancouver,5575637.79
2012.0,Williams Lake,460004.64
2012.0,Elkford,964410.0
2012.0,Fort St. James,437149.86
2012.0,Mackenzie,11832.24
2012.0,Sparwood,1151997.39
2012.0,Taylor,124696.48999999999
2012.0,Tumbler Ridge,181910.76
2012.0,Vanderhoof,7861.19
2012.0,Northern Rockies,3650577.64
2012.0,Dawson Creek,202307.03
2012.0,Victoria,7853.7
2012.0,Coldstream,17267.25
2012.0,North Cowichan,1537230.42
2012.0,North Vancouver,10236.62
2012.0,Saanich,11176.0
2012.0,Langley Township,643467.89
2012.0,Town of Princeton,68374.28
2012.0,Masset,19167.06
2013.0,Burnaby,853194.9600000001
2013.0,Campbell River,91025.62
2013.0,Coquitlam,27214.04
2013.0,Delta,1068059.13
2013.0,Fort St. John,1064037.49
2013.0,Grand Forks,13353.68
2013.0,Kamloops,1706751.03
2013.0,Langford,1371.03
2013.0,Merritt,18492.61
2013.0,Nanaimo,1113011.2200000002
2013.0,Port Alberni,426393.39
2013.0,Port Moody,65932.61
2013.0,Powell River,712732.03
2013.0,Prince George,3937812.77
2013.0,Quesnel,1307887.14
2013.0,Revelstoke,4158.62
2013.0,Richmond,777534.3200000001
2013.0,Surrey,261297.2
2013.0,Trail,516939.11
2013.0,Vancouver,1392561.56
2013.0,Williams Lake,558437.44
2013.0,Elkford,895481.23
2013.0,Fort St. James,16727.69
2013.0,Hudsons Hope,4805.75
2013.0,Logan Lake,161826.06
2013.0,Mackenzie,11832.24
2013.0,Sparwood,1199553.98
2013.0,Taylor,162320.87
2013.0,Tumbler Ridge,145176.49
2013.0,Vanderhoof,7065.66
2013.0,Northern Rockies,4182084.46
2013.0,Dawson Creek,1194358.0
2013.0,Coldstream,17306.48
2013.0,North Cowichan,1472443.63
2013.0,North Vancouver,7698.81
2013.0,Langley Township,119667.92
2013.0,Town of Princeton,79158.86
2013.0,Cache Creek,22982.16
2013.0,Masset,18140.78
2014.0,Burnaby,817144.34
2014.0,Campbell River,53514.17
2014.0,Coquitlam,27358.26
2014.0,Delta,1022731.76
2014.0,Fort St. John,1222266.41
2014.0,Grand Forks,26744.690000000002
2014.0,Kamloops,1673783.1
2014.0,Langford,1327.77
2014.0,Merritt,12503.67
2014.0,Nanaimo,1276790.35
2014.0,New Westminster,51127.29
2014.0,Port Alberni,445596.95
2014.0,Port Moody,39751.95
2014.0,Powell River,678923.18
2014.0,Prince George,5038961.17
2014.0,Quesnel,1371107.94
2014.0,Richmond,814093.0
2014.0,Surrey,256210.32
2014.0,Trail,452557.71
2014.0,Vancouver,6643869.39
2014.0,Williams Lake,491451.36
2014.0,Elkford,944648.49
2014.0,Fort St. James,17762.21
2014.0,Kitimat,555867.61
2014.0,Logan Lake,174671.19
2014.0,Mackenzie,11833.83
2014.0,Sparwood,1081124.55
2014.0,Taylor,166004.36
2014.0,Tumbler Ridge,70953.74
2014.0,Vanderhoof,6996.02
2014.0,Northern Rockies,4822774.76
2014.0,Dawson Creek,1535222.42
2014.0,Coldstream,16933.57
2014.0,North Cowichan,1567813.33
2014.0,North Vancouver,11003.57
2014.0,Langley Township,64409.05
2014.0,Town of Princeton,89510.09
2014.0,Cache Creek,24411.92
2014.0,Masset,18249.62
2015.0,Burnaby,777153.74
2015.0,Campbell River,33015.16
2015.0,Coquitlam,24793.29
2015.0,Delta,979263.38
2015.0,Fort St. John,1043721.17
2015.0,Grand Forks,22745.65
2015.0,Kamloops,1551597.39
2015.0,Langford,1261.38
2015.0,Merritt,12268.61
2015.0,Nanaimo,1316412.9000000001
2015.0,New Westminster,50316.46
2015.0,Port Alberni,411584.21
2015.0,Port Moody,27753.22
2015.0,Powell River,697481.37
2015.0,Prince George,5251977.529999999
2015.0,Quesnel,1357714.58
2015.0,Richmond,818204.1100000001
2015.0,Surrey,222744.63
2015.0,Trail,458600.08999999997
2015.0,Vancouver,5142153.51
2015.0,Williams Lake,503296.0
2015.0,Elkford,809210.8200000001
2015.0,Fort St. James,16877.63
2015.0,Kitimat,497364.71
2015.0,Logan Lake,190209.97
2015.0,Mackenzie,220772.55
2015.0,Sparwood,1058740.1500000001
2015.0,Taylor,190929.65
2015.0,Tumbler Ridge,64908.619999999995
2015.0,Northern Rockies,4128845.63
2015.0,Dawson Creek,1644106.75
2015.0,Coldstream,16852.68
2015.0,North Cowichan,1608680.24
2015.0,North Vancouver,5449.32
2015.0,Langley Township,54417.33
2015.0,Town of Princeton,87535.93
2015.0,Cache Creek,21663.06
2015.0,Masset,17896.67
2015.0,Port Alice,60343.95
2016.0,Burnaby,806155.1799999999
2016.0,Campbell River,17627.38
2016.0,Coquitlam,30590.08
2016.0,Delta,934656.86
2016.0,Fort St. John,930201.07
2016.0,Grand Forks,24203.800000000003
2016.0,Kamloops,1612464.5699999998
2016.0,Langford,1371.37
2016.0,Merritt,11605.71
2016.0,Nanaimo,1311947.47
2016.0,New Westminster,48995.1
2016.0,Port Alberni,429189.85
2016.0,Port Moody,21937.339999999997
2016.0,Powell River,758142.84
2016.0,Prince George,8475527.03
2016.0,Quesnel,1381177.3800000001
2016.0,Richmond,724046.29
2016.0,Salmon Arm,18122.39
2016.0,Surrey,219219.37
2016.0,Trail,468918.62
2016.0,Vancouver,1337888.82
2016.0,Williams Lake,577581.71
2016.0,Chetwynd,448916.78
2016.0,Elkford,845129.28
2016.0,Fort St. James,19767.95
2016.0,Kitimat,916213.4
2016.0,Logan Lake,172649.12
2016.0,Mackenzie,249220.04
2016.0,Sparwood,1222096.6500000001
2016.0,Taylor,963037.23
2016.0,Tumbler Ridge,31111.7
2016.0,Northern Rockies,3289030.0
2016.0,Dawson Creek,1295565.76
2016.0,Victoria,2592.96
2016.0,Coldstream,18224.11
2016.0,North Cowichan,1692397.18
2016.0,North Vancouver,18226.38
2016.0,Langley Township,56611.72
2016.0,Town of Princeton,95075.12
2016.0,Cache Creek,24074.23
2016.0,Masset,18214.29
2017.0,Burnaby,875233.35
2017.0,Campbell River,6200.09
2017.0,Chilliwack,919.63
2017.0,Coquitlam,32345.21
2017.0,Delta,954486.8399999999
2017.0,Fort St. John,535599.35
2017.0,Grand Forks,24006.120000000003
2017.0,Kamloops,1551746.52
2017.0,Langford,1600.3
2017.0,Nanaimo,1300857.48
2017.0,New Westminster,48855.21
2017.0,Port Alberni,409645.03
2017.0,Port Moody,12599.1
2017.0,Powell River,726413.51
2017.0,Prince George,8372498.31
2017.0,Quesnel,1319371.21
2017.0,Richmond,710025.9500000001
2017.0,Salmon Arm,18122.39
2017.0,Surrey,240776.94
2017.0,Trail,473475.79
2017.0,Vancouver,1423042.38
2017.0,Williams Lake,566219.27
2017.0,Chetwynd,391783.53
2017.0,Elkford,1003895.82
2017.0,Fort St. James,20797.56
2017.0,Houston,17512.7
2017.0,Hudsons Hope,2373.5
2017.0,Kitimat,855844.62
2017.0,Logan Lake,167952.72
2017.0,Mackenzie,249309.22
2017.0,Sparwood,1293852.99
2017.0,Taylor,928928.02
2017.0,Tumbler Ridge,371999.28
2017.0,Northern Rockies,2880024.36
2017.0,Dawson Creek,1546299.6400000001
2017.0,Victoria,3084.84
2017.0,Coldstream,47734.58
2017.0,North Cowichan,1761653.68
2017.0,North Vancouver,11052.49
2017.0,Langley Township,53583.94
2017.0,Spallumcheen,352303.07
2017.0,Town of Princeton,88954.15
2017.0,Cache Creek,1170708.0
2017.0,Masset,19173.5
2018.0,Burnaby,739050.53
2018.0,Campbell River,10662.89
2018.0,Castlegar,77202.0
2018.0,Chilliwack,856.51
2018.0,Coquitlam,40746.22
2018.0,Delta,1116215.5
2018.0,Fort St. John,474132.11
2018.0,Grand Forks,21215.21
2018.0,Kamloops,1374819.67
2018.0,Langford,1499.29
2018.0,Merritt,173621.26
2018.0,Nanaimo,1282280.13
2018.0,New Westminster,51524.04
2018.0,Port Alberni,427521.64
2018.0,Port Moody,10919.39
2018.0,Powell River,671165.51
2018.0,Prince George,7529824.2700000005
2018.0,Quesnel,1421471.5399999998
2018.0,Revelstoke,2162.0
2018.0,Richmond,675143.8
2018.0,Salmon Arm,16390.08
2018.0,Surrey,185404.5
2018.0,Trail,338891.42
2018.0,Vancouver,2121657.79
2018.0,Williams Lake,416337.62
2018.0,Chetwynd,330104.89
2018.0,Elkford,1017263.0900000001
2018.0,Fort St. James,77896.2
2018.0,Houston,15980.95
2018.0,Kitimat,834626.62
2018.0,Logan Lake,187207.58
2018.0,Mackenzie,253568.31
2018.0,Sparwood,1311104.65
2018.0,Taylor,1098241.47
2018.0,Tumbler Ridge,134794.73
2018.0,Northern Rockies,2326180.66
2018.0,Dawson Creek,1711493.42
2018.0,Coldstream,57618.09
2018.0,North Cowichan,1673331.91
2018.0,North Vancouver,13696.01
2018.0,Saanich,15364.13
2018.0,Langley Township,44241.42
2018.0,Spallumcheen,307121.33
2018.0,Town of Princeton,112729.75
2018.0,Cache Creek,23007.09
2018.0,Masset,17735.47
2019.0,Burnaby,797756.36
2019.0,Campbell River,280715.41
2019.0,Castlegar,55680.0
2019.0,Chilliwack,1448.53
2019.0,Coquitlam,40118.64
2019.0,Delta,1003150.3600000001
2019.0,Fort St. John,471828.13
2019.0,Grand Forks,21676.1
2019.0,Kamloops,1553130.47
2019.0,Langford,1601.6
2019.0,Merritt,232193.32
2019.0,Nanaimo,1255172.9
2019.0,New Westminster,52372.11
2019.0,Port Alberni,377309.13
2019.0,Port Moody,11050.03
2019.0,Powell River,664071.13
2019.0,Prince George,5767918.62
2019.0,Prince Rupert,39720.0
2019.0,Quesnel,1330381.25
2019.0,Revelstoke,3525.0
2019.0,Richmond,692536.47
2019.0,Salmon Arm,13460.43
2019.0,Surrey,218807.74
2019.0,Trail,437270.26
2019.0,Vancouver,4141989.1
2019.0,Williams Lake,318975.08999999997
2019.0,Chetwynd,357790.16000000003
2019.0,Elkford,1174919.48
2019.0,Fort St. James,68601.91
2019.0,Houston,14894.09
2019.0,Kitimat,824300.48
2019.0,Logan Lake,187167.32
2019.0,Mackenzie,263740.82
2019.0,Port Edward,16504.68
2019.0,Sparwood,1510149.97
2019.0,Taylor,977217.24
2019.0,Tumbler Ridge,139811.67
2019.0,Northern Rockies,2006587.68
2019.0,Dawson Creek,1487695.8399999999
2019.0,Coldstream,59555.17
2019.0,North Cowichan,1616292.99
2019.0,North Vancouver,8925.7
2019.0,Saanich,14631.17
2019.0,Langley Township,49950.38
2019.0,Spallumcheen,274389.03
2019.0,Town of Princeton,125750.24
2019.0,Cache Creek,22801.39
2019.0,Masset,17529.22
2020.0,Burnaby,719939.4
2020.0,Campbell River,23743.07
2020.0,Castlegar,38918.0
2020.0,Chilliwack,61914.38
2020.0,Coquitlam,31164.65
2020.0,Delta,1002935.17
2020.0,Fort St. John,767979.59
2020.0,Grand Forks,20872.010000000002
2020.0,Kamloops,1593252.52
2020.0,Langford,1619.89
2020.0,Merritt,163387.89
2020.0,Nanaimo,1278465.51
2020.0,New Westminster,49768.37
2020.0,Port Alberni,382266.19
2020.0,Port Moody,11365.76
2020.0,Powell River,395234.23
2020.0,Prince George,4388587.99
2020.0,Prince Rupert,21486.73
2020.0,Quesnel,1308672.71
2020.0,Richmond,555509.13
2020.0,Salmon Arm,15823.05
2020.0,Surrey,192501.8
2020.0,Terrace,11030.29
2020.0,Trail,429242.31
2020.0,Vancouver,2113354.05
2020.0,Williams Lake,434436.14
2020.0,Chetwynd,567323.22
2020.0,Elkford,1076641.8599999999
2020.0,Fort St. James,88581.67
2020.0,Hope,35118.71
2020.0,Houston,13481.26
2020.0,Kitimat,805495.78
2020.0,Logan Lake,162110.17
2020.0,Mackenzie,234453.52
2020.0,Port Edward,1788.05
2020.0,Sparwood,1298591.85
2020.0,Taylor,973900.77
2020.0,Tumbler Ridge,149337.28
2020.0,Northern Rockies,2003096.62
2020.0,Dawson Creek,1197021.83
2020.0,Coldstream,57366.92
2020.0,North Cowichan,1371563.05
2020.0,North Vancouver,10421.32
2020.0,Saanich,16254.86
2020.0,Langley Township,61395.04
2020.0,Spallumcheen,290884.49
2020.0,Town of Princeton,104010.63
2020.0,Cache Creek,21633.72
2020.0,Masset,18161.62
2021.0,Burnaby,810795.4500000001
2021.0,Campbell River,229125.47
2021.0,Castlegar,59622.0
2021.0,Chilliwack,82722.66
2021.0,Coquitlam,27427.08
2021.0,Delta,1097288.27
2021.0,Fort St. John,558186.87
2021.0,Grand Forks,12472.55
2021.0,Kamloops,1544648.9
2021.0,Langford,1685.96
2021.0,Merritt,189301.74
2021.0,Nanaimo,1225376.1300000001
2021.0,New Westminster,49687.81
2021.0,Port Alberni,404709.11
2021.0,Port Moody,10532.62
2021.0,Powell River,581409.54
2021.0,Prince George,4543178.17
2021.0,Prince Rupert,25500.53
2021.0,Quesnel,1331699.1600000001
2021.0,Richmond,575973.19
2021.0,Salmon Arm,17395.04
2021.0,Surrey,218166.81
2021.0,Terrace,14016.68
2021.0,Trail,428925.88999999996
2021.0,Vancouver,2017110.34
2021.0,Williams Lake,579630.63
2021.0,Chetwynd,355066.67
2021.0,Elkford,1272363.83
2021.0,Fort St. James,109580.63
2021.0,Hope,34407.09
2021.0,Houston,8148.57
2021.0,Kitimat,566709.48
2021.0,Logan Lake,169431.01
2021.0,Mackenzie,268175.39
2021.0,Port Edward,4779.39
2021.0,Sparwood,1413031.6600000001
2021.0,Taylor,1081609.55
2021.0,Tumbler Ridge,136692.79
2021.0,Northern Rockies,1773559.72
2021.0,Dawson Creek,1059481.7799999998
2021.0,Coldstream,49247.54
2021.0,North Cowichan,1434869.6400000001
2021.0,North Vancouver,8510.4
2021.0,Saanich,16737.01
2021.0,Langley Township,56963.79
2021.0,Spallumcheen,295536.81
2021.0,Town of Princeton,110291.34
2021.0,Cache Creek,22297.68
2021.0,Masset,18776.55
2022.0,Burnaby,803927.5599999999
2022.0,Campbell River,4913.5
2022.0,Castlegar,68746.0
2022.0,Chilliwack,71379.02
2022.0,Coquitlam,26634.26
2022.0,Delta,1033790.74
2022.0,Fort St. John,487421.4
2022.0,Grand Forks,11939.72
2022.0,Kamloops,1626865.17
2022.0,Langford,1698.78
2022.0,Merritt,165013.76
2022.0,Nanaimo,1225881.97
2022.0,New Westminster,49087.0
2022.0,Port Alberni,394226.8
2022.0,Port Moody,12611.19
2022.0,Powell River,458.65
2022.0,Prince George,4271580.45
2022.0,Prince Rupert,28579.3
2022.0,Quesnel,1327119.8900000001
2022.0,Richmond,517200.35
2022.0,Salmon Arm,18731.79
2022.0,Surrey,393444.58999999997
2022.0,Terrace,13644.21
2022.0,Trail,344173.91
2022.0,Vancouver,2489395.63
2022.0,Williams Lake,459778.74000000005
2022.0,Chetwynd,531645.95
2022.0,Elkford,1292950.04
2022.0,Fort St. James,194455.17
2022.0,Hope,56331.72
2022.0,Houston,13271.58
2022.0,Kitimat,420386.47
2022.0,Logan Lake,164386.66
2022.0,Mackenzie,141365.23
2022.0,Port Edward,2779.63
2022.0,Sparwood,1332310.2
2022.0,Taylor,1092760.1099999999
2022.0,Tumbler Ridge,184323.1
2022.0,Northern Rockies,1791029.62
2022.0,Dawson Creek,1052918.21
2022.0,Coldstream,49752.729999999996
2022.0,North Cowichan,1436563.5699999998
2022.0,North Vancouver,8002.74
2022.0,Saanich,9634.67
2022.0,Langley Township,62335.38
2022.0,Spallumcheen,279507.13
2022.0,Town of Princeton,100610.71
2022.0,Cache Creek,20291.68
2022.0,Masset,18557.14
2023.0,Burnaby,715834.98
2023.0,Campbell River,712.17
2023.0,Castlegar,90901.52
2023.0,Chilliwack,90070.45
2023.0,Coquitlam,26535.84
2023.0,Delta,1064092.83
2023.0,Fort St. John,536952.27
2023.0,Grand Forks,12340.95
2023.0,Kamloops,1488075.1
2023.0,Langford,1598.21
2023.0,Merritt,167771.53
2023.0,Nanaimo,1223296.48
2023.0,New Westminster,45700.05
2023.0,Port Alberni,361754.82
2023.0,Port Moody,12365.29
2023.0,Powell River,42.67
2023.0,Prince George,4025668.2199999997
2023.0,Prince Rupert,60086.08
2023.0,Quesnel,1379403.6099999999
2023.0,Richmond,618959.0599999999
2023.0,Salmon Arm,16039.76
2023.0,Surrey,229258.18
2023.0,Trail,374490.59
2023.0,Vancouver,6492065.95
2023.0,Williams Lake,396649.18
2023.0,Chetwynd,523675.51999999996
2023.0,Elkford,1301246.31
2023.0,Fort St. James,239415.89
2023.0,Hope,55305.86
2023.0,Houston,9529.07
2023.0,Kitimat,810438.54
2023.0,Logan Lake,181021.66
2023.0,Mackenzie,324354.27
2023.0,Port Edward,3540.28
2023.0,Sparwood,1432009.08
2023.0,Taylor,811791.29
2023.0,Tumbler Ridge,204923.8
2023.0,Northern Rockies,1575980.55
2023.0,Dawson Creek,998706.1199999999
2023.0,Coldstream,42109.4
2023.0,North Cowichan,1057838.94
2023.0,North Vancouver,9479.39
2023.0,Saanich,9832.33
2023.0,Langley Township,58435.43
2023.0,Spallumcheen,295554.08
2023.0,Town of Princeton,83473.01
2023.0,Cache Creek,19295.43
2023.0,Masset,17877.55
