GROUP_KEY,YEAR,VARIABLE,VALUE,METHOD
Port Alberni|BC Hydro|ELEC|Res,2020,CONSUMPTION_TOTAL,97863060.58500001,LINEAR_INTERPOLATION
Port Alberni|BC Hydro|ELEC|Res,2020,CONNECTION_TOTAL,8734.0,LINEAR_INTERPOLATION
Port Alberni|BC Hydro|ELEC|Res,2020,EMISSIONS NET IMPORTS (TCO2e),847.1405771,LINEAR_INTERPOLATION
Tofino|BC Hydro|ELEC|Res,2020,CONSUMPTION_TOTAL,22270900.025,LINEAR_INTERPOLATION
Tofino|BC Hydro|ELEC|Res,2020,CONNECTION_TOTAL,1332.0,LINEAR_INTERPOLATION
Tofino|BC Hydro|ELEC|Res,2020,EMISSIONS NET IMPORTS (TCO2e),193.38667985,LINEAR_INTERPOLATION
Grand Forks|Fortis Electric|ELEC|Res,2013,CONSUMPTION_TOTAL,1815851.3605,LINEAR_INTERPOLATION
Grand Forks|Fortis Electric|ELEC|Res,2013,CONNECTION_TOTAL,153.0,LINEAR_INTERPOLATION
Grand Forks|Fortis Electric|ELEC|Res,2013,EMISSIONS NET IMPORTS (TCO2e),45.835991315,LINEAR_INTERPOLATION
Penticton|Fortis Electric|ELEC|Res,2013,CONSUMPTION_TOTAL,714418.7026,LINEAR_INTERPOLATION
Penticton|Fortis Electric|ELEC|Res,2013,CONNECTION_TOTAL,53.0,LINEAR_INTERPOLATION
Penticton|Fortis Electric|ELEC|Res,2013,EMISSIONS NET IMPORTS (TCO2e),18.123783095,LINEAR_INTERPOLATION
Lake Country|Fortis Electric|ELEC|Res,2012,CONSUMPTION_TOTAL,1656935.7703636363,LINEAR_INTERPOLATION
Lake Country|Fortis Electric|ELEC|Res,2013,CONSUMPTION_TOTAL,1638998.1555454545,LINEAR_INTERPOLATION
Lake Country|Fortis Electric|ELEC|Res,2014,CONSUMPTION_TOTAL,1621060.5407272726,LINEAR_INTERPOLATION
Lake Country|Fortis Electric|ELEC|Res,2015,CONSUMPTION_TOTAL,1603122.9259090908,LINEAR_INTERPOLATION
Lake Country|Fortis Electric|ELEC|Res,2016,CONSUMPTION_TOTAL,1585185.3110909092,LINEAR_INTERPOLATION
Lake Country|Fortis Electric|ELEC|Res,2017,CONSUMPTION_TOTAL,1567247.6962727273,LINEAR_INTERPOLATION
Lake Country|Fortis Electric|ELEC|Res,2018,CONSUMPTION_TOTAL,1549310.0814545455,LINEAR_INTERPOLATION
Lake Country|Fortis Electric|ELEC|Res,2019,CONSUMPTION_TOTAL,1531372.4666363636,LINEAR_INTERPOLATION
Lake Country|Fortis Electric|ELEC|Res,2020,CONSUMPTION_TOTAL,1513434.8518181818,LINEAR_INTERPOLATION
Lake Country|Fortis Electric|ELEC|Res,2012,CONNECTION_TOTAL,95.0,LINEAR_INTERPOLATION
Lake Country|Fortis Electric|ELEC|Res,2013,CONNECTION_TOTAL,102.0,LINEAR_INTERPOLATION
Lake Country|Fortis Electric|ELEC|Res,2014,CONNECTION_TOTAL,110.0,LINEAR_INTERPOLATION
Lake Country|Fortis Electric|ELEC|Res,2015,CONNECTION_TOTAL,117.0,LINEAR_INTERPOLATION
Lake Country|Fortis Electric|ELEC|Res,2016,CONNECTION_TOTAL,124.0,LINEAR_INTERPOLATION
Lake Country|Fortis Electric|ELEC|Res,2017,CONNECTION_TOTAL,131.0,LINEAR_INTERPOLATION
Lake Country|Fortis Electric|ELEC|Res,2018,CONNECTION_TOTAL,138.0,LINEAR_INTERPOLATION
Lake Country|Fortis Electric|ELEC|Res,2019,CONNECTION_TOTAL,145.0,LINEAR_INTERPOLATION
Lake Country|Fortis Electric|ELEC|Res,2020,CONNECTION_TOTAL,153.0,LINEAR_INTERPOLATION
Lake Country|Fortis Electric|ELEC|Res,2012,EMISSIONS NET IMPORTS (TCO2e),43.49581473818182,LINEAR_INTERPOLATION
Lake Country|Fortis Electric|ELEC|Res,2013,EMISSIONS NET IMPORTS (TCO2e),40.27475985727273,LINEAR_INTERPOLATION
Lake Country|Fortis Electric|ELEC|Res,2014,EMISSIONS NET IMPORTS (TCO2e),37.05370497636363,LINEAR_INTERPOLATION
Lake Country|Fortis Electric|ELEC|Res,2015,EMISSIONS NET IMPORTS (TCO2e),33.83265009545455,LINEAR_INTERPOLATION
Lake Country|Fortis Electric|ELEC|Res,2016,EMISSIONS NET IMPORTS (TCO2e),30.611595214545453,LINEAR_INTERPOLATION
Lake Country|Fortis Electric|ELEC|Res,2017,EMISSIONS NET IMPORTS (TCO2e),27.390540333636363,LINEAR_INTERPOLATION
Lake Country|Fortis Electric|ELEC|Res,2018,EMISSIONS NET IMPORTS (TCO2e),24.169485452727272,LINEAR_INTERPOLATION
Lake Country|Fortis Electric|ELEC|Res,2019,EMISSIONS NET IMPORTS (TCO2e),20.948430571818182,LINEAR_INTERPOLATION
Lake Country|Fortis Electric|ELEC|Res,2020,EMISSIONS NET IMPORTS (TCO2e),17.727375690909092,LINEAR_INTERPOLATION
Lake Country|Fortis Electric|ELEC|Res,2022,CONSUMPTION_TOTAL,1495497.237,FORWARD_FILL_FROM_2021
Lake Country|Fortis Electric|ELEC|Res,2022,CONNECTION_TOTAL,159.7636933,FORWARD_FILL_FROM_2021
Lake Country|Fortis Electric|ELEC|Res,2022,EMISSIONS NET IMPORTS (TCO2e),14.50632081,FORWARD_FILL_FROM_2021
Grand Forks|Fortis Electric|ELEC|CSMI,2013,CONSUMPTION_TOTAL,88504240.91,LINEAR_INTERPOLATION
Grand Forks|Fortis Electric|ELEC|CSMI,2013,CONNECTION_TOTAL,379.0,LINEAR_INTERPOLATION
Grand Forks|Fortis Electric|ELEC|CSMI,2013,EMISSIONS NET IMPORTS (TCO2e),2192.9528014999996,LINEAR_INTERPOLATION
Summerland|Fortis Electric|ELEC|CSMI,2012,CONSUMPTION_TOTAL,25727476.272727273,LINEAR_INTERPOLATION
Summerland|Fortis Electric|ELEC|CSMI,2013,CONSUMPTION_TOTAL,34628087.90909091,LINEAR_INTERPOLATION
Summerland|Fortis Electric|ELEC|CSMI,2014,CONSUMPTION_TOTAL,43528699.54545455,LINEAR_INTERPOLATION
Summerland|Fortis Electric|ELEC|CSMI,2015,CONSUMPTION_TOTAL,52429311.18181819,LINEAR_INTERPOLATION
Summerland|Fortis Electric|ELEC|CSMI,2016,CONSUMPTION_TOTAL,61329922.81818182,LINEAR_INTERPOLATION
Summerland|Fortis Electric|ELEC|CSMI,2017,CONSUMPTION_TOTAL,70230534.45454545,LINEAR_INTERPOLATION
Summerland|Fortis Electric|ELEC|CSMI,2018,CONSUMPTION_TOTAL,79131146.0909091,LINEAR_INTERPOLATION
Summerland|Fortis Electric|ELEC|CSMI,2019,CONSUMPTION_TOTAL,88031757.72727273,LINEAR_INTERPOLATION
Summerland|Fortis Electric|ELEC|CSMI,2020,CONSUMPTION_TOTAL,96932369.36363637,LINEAR_INTERPOLATION
Summerland|Fortis Electric|ELEC|CSMI,2012,CONNECTION_TOTAL,4.0,LINEAR_INTERPOLATION
Summerland|Fortis Electric|ELEC|CSMI,2013,CONNECTION_TOTAL,4.0,LINEAR_INTERPOLATION
Summerland|Fortis Electric|ELEC|CSMI,2014,CONNECTION_TOTAL,4.0,LINEAR_INTERPOLATION
Summerland|Fortis Electric|ELEC|CSMI,2015,CONNECTION_TOTAL,4.0,LINEAR_INTERPOLATION
Summerland|Fortis Electric|ELEC|CSMI,2016,CONNECTION_TOTAL,4.0,LINEAR_INTERPOLATION
Summerland|Fortis Electric|ELEC|CSMI,2017,CONNECTION_TOTAL,4.0,LINEAR_INTERPOLATION
Summerland|Fortis Electric|ELEC|CSMI,2018,CONNECTION_TOTAL,4.0,LINEAR_INTERPOLATION
Summerland|Fortis Electric|ELEC|CSMI,2019,CONNECTION_TOTAL,4.0,LINEAR_INTERPOLATION
Summerland|Fortis Electric|ELEC|CSMI,2020,CONNECTION_TOTAL,4.0,LINEAR_INTERPOLATION
Summerland|Fortis Electric|ELEC|CSMI,2012,EMISSIONS NET IMPORTS (TCO2e),377.96178759090907,LINEAR_INTERPOLATION
Summerland|Fortis Electric|ELEC|CSMI,2013,EMISSIONS NET IMPORTS (TCO2e),450.03044963636364,LINEAR_INTERPOLATION
Summerland|Fortis Electric|ELEC|CSMI,2014,EMISSIONS NET IMPORTS (TCO2e),522.0991116818182,LINEAR_INTERPOLATION
Summerland|Fortis Electric|ELEC|CSMI,2015,EMISSIONS NET IMPORTS (TCO2e),594.1677737272727,LINEAR_INTERPOLATION
Summerland|Fortis Electric|ELEC|CSMI,2016,EMISSIONS NET IMPORTS (TCO2e),666.2364357727272,LINEAR_INTERPOLATION
Summerland|Fortis Electric|ELEC|CSMI,2017,EMISSIONS NET IMPORTS (TCO2e),738.3050978181817,LINEAR_INTERPOLATION
Summerland|Fortis Electric|ELEC|CSMI,2018,EMISSIONS NET IMPORTS (TCO2e),810.3737598636362,LINEAR_INTERPOLATION
Summerland|Fortis Electric|ELEC|CSMI,2019,EMISSIONS NET IMPORTS (TCO2e),882.4424219090907,LINEAR_INTERPOLATION
Summerland|Fortis Electric|ELEC|CSMI,2020,EMISSIONS NET IMPORTS (TCO2e),954.5110839545453,LINEAR_INTERPOLATION
Summerland|Fortis Electric|ELEC|CSMI,2022,CONSUMPTION_TOTAL,105832981.0,FORWARD_FILL_FROM_2021
Summerland|Fortis Electric|ELEC|CSMI,2022,CONNECTION_TOTAL,4.0,FORWARD_FILL_FROM_2021
Summerland|Fortis Electric|ELEC|CSMI,2022,EMISSIONS NET IMPORTS (TCO2e),1026.579746,FORWARD_FILL_FROM_2021
Penticton|Fortis Electric|ELEC|CSMI,2013,CONSUMPTION_TOTAL,15299438.780000001,LINEAR_INTERPOLATION
Penticton|Fortis Electric|ELEC|CSMI,2013,CONNECTION_TOTAL,262.0,LINEAR_INTERPOLATION
Penticton|Fortis Electric|ELEC|CSMI,2013,EMISSIONS NET IMPORTS (TCO2e),387.22480674999997,LINEAR_INTERPOLATION
Lake Country|Fortis Electric|ELEC|CSMI,2012,CONSUMPTION_TOTAL,902903.5036363637,LINEAR_INTERPOLATION
Lake Country|Fortis Electric|ELEC|CSMI,2013,CONSUMPTION_TOTAL,859238.2254545455,LINEAR_INTERPOLATION
Lake Country|Fortis Electric|ELEC|CSMI,2014,CONSUMPTION_TOTAL,815572.9472727273,LINEAR_INTERPOLATION
Lake Country|Fortis Electric|ELEC|CSMI,2015,CONSUMPTION_TOTAL,771907.6690909091,LINEAR_INTERPOLATION
Lake Country|Fortis Electric|ELEC|CSMI,2016,CONSUMPTION_TOTAL,728242.3909090909,LINEAR_INTERPOLATION
Lake Country|Fortis Electric|ELEC|CSMI,2017,CONSUMPTION_TOTAL,684577.1127272728,LINEAR_INTERPOLATION
Lake Country|Fortis Electric|ELEC|CSMI,2018,CONSUMPTION_TOTAL,640911.8345454545,LINEAR_INTERPOLATION
Lake Country|Fortis Electric|ELEC|CSMI,2019,CONSUMPTION_TOTAL,597246.5563636364,LINEAR_INTERPOLATION
Lake Country|Fortis Electric|ELEC|CSMI,2020,CONSUMPTION_TOTAL,553581.2781818181,LINEAR_INTERPOLATION
Lake Country|Fortis Electric|ELEC|CSMI,2012,CONNECTION_TOTAL,17.0,LINEAR_INTERPOLATION
Lake Country|Fortis Electric|ELEC|CSMI,2013,CONNECTION_TOTAL,24.0,LINEAR_INTERPOLATION
Lake Country|Fortis Electric|ELEC|CSMI,2014,CONNECTION_TOTAL,30.0,LINEAR_INTERPOLATION
Lake Country|Fortis Electric|ELEC|CSMI,2015,CONNECTION_TOTAL,36.0,LINEAR_INTERPOLATION
Lake Country|Fortis Electric|ELEC|CSMI,2016,CONNECTION_TOTAL,42.0,LINEAR_INTERPOLATION
Lake Country|Fortis Electric|ELEC|CSMI,2017,CONNECTION_TOTAL,48.0,LINEAR_INTERPOLATION
Lake Country|Fortis Electric|ELEC|CSMI,2018,CONNECTION_TOTAL,54.0,LINEAR_INTERPOLATION
Lake Country|Fortis Electric|ELEC|CSMI,2019,CONNECTION_TOTAL,61.0,LINEAR_INTERPOLATION
Lake Country|Fortis Electric|ELEC|CSMI,2020,CONNECTION_TOTAL,67.0,LINEAR_INTERPOLATION
Lake Country|Fortis Electric|ELEC|CSMI,2012,EMISSIONS NET IMPORTS (TCO2e),24.79995560890909,LINEAR_INTERPOLATION
Lake Country|Fortis Electric|ELEC|CSMI,2013,EMISSIONS NET IMPORTS (TCO2e),22.593981028363636,LINEAR_INTERPOLATION
Lake Country|Fortis Electric|ELEC|CSMI,2014,EMISSIONS NET IMPORTS (TCO2e),20.388006447818185,LINEAR_INTERPOLATION
Lake Country|Fortis Electric|ELEC|CSMI,2015,EMISSIONS NET IMPORTS (TCO2e),18.182031867272727,LINEAR_INTERPOLATION
Lake Country|Fortis Electric|ELEC|CSMI,2016,EMISSIONS NET IMPORTS (TCO2e),15.976057286727276,LINEAR_INTERPOLATION
Lake Country|Fortis Electric|ELEC|CSMI,2017,EMISSIONS NET IMPORTS (TCO2e),13.770082706181821,LINEAR_INTERPOLATION
Lake Country|Fortis Electric|ELEC|CSMI,2018,EMISSIONS NET IMPORTS (TCO2e),11.564108125636366,LINEAR_INTERPOLATION
Lake Country|Fortis Electric|ELEC|CSMI,2019,EMISSIONS NET IMPORTS (TCO2e),9.358133545090912,LINEAR_INTERPOLATION
Lake Country|Fortis Electric|ELEC|CSMI,2020,EMISSIONS NET IMPORTS (TCO2e),7.152158964545457,LINEAR_INTERPOLATION
Lake Country|Fortis Electric|ELEC|CSMI,2022,CONSUMPTION_TOTAL,509916.0,FORWARD_FILL_FROM_2021
Lake Country|Fortis Electric|ELEC|CSMI,2022,CONNECTION_TOTAL,73.0,FORWARD_FILL_FROM_2021
Lake Country|Fortis Electric|ELEC|CSMI,2022,EMISSIONS NET IMPORTS (TCO2e),4.946184384,FORWARD_FILL_FROM_2021
Ladysmith|Fortis Gas|NG|CSMI,2020,CONSUMPTION_TOTAL,119637.90685,LINEAR_INTERPOLATION
Ladysmith|Fortis Gas|NG|CSMI,2020,CONNECTION_TOTAL,104.0,LINEAR_INTERPOLATION
Ladysmith|Fortis Gas|NG|CSMI,2020,EMISSIONS NET IMPORTS (TCO2e),6015.669263,LINEAR_INTERPOLATION
Langley City|Fortis Gas|NG|CSMI,2022,CONSUMPTION_TOTAL,1037135.789,FORWARD_FILL_FROM_2021
Langley City|Fortis Gas|NG|CSMI,2022,CONNECTION_TOTAL,1591.0,FORWARD_FILL_FROM_2021
Langley City|Fortis Gas|NG|CSMI,2022,EMISSIONS NET IMPORTS (TCO2e),52113.90645,FORWARD_FILL_FROM_2021
Golden|Cal-gas|PPRO|Res,2013,CONSUMPTION_TOTAL,1341.0,LINEAR_INTERPOLATION
Golden|Cal-gas|PPRO|Res,2013,CONNECTION_TOTAL,24.0,LINEAR_INTERPOLATION
Golden|Cal-gas|PPRO|Res,2013,EMISSIONS NET IMPORTS (TCO2e),81.65751365,LINEAR_INTERPOLATION
Golden|Cal-gas|PPRO|CSMI,2012,CONSUMPTION_TOTAL,228.8,LINEAR_INTERPOLATION
Golden|Cal-gas|PPRO|CSMI,2013,CONSUMPTION_TOTAL,232.2,LINEAR_INTERPOLATION
Golden|Cal-gas|PPRO|CSMI,2014,CONSUMPTION_TOTAL,235.6,LINEAR_INTERPOLATION
Golden|Cal-gas|PPRO|CSMI,2012,CONNECTION_TOTAL,2.0,LINEAR_INTERPOLATION
Golden|Cal-gas|PPRO|CSMI,2013,CONNECTION_TOTAL,1.0,LINEAR_INTERPOLATION
Golden|Cal-gas|PPRO|CSMI,2014,CONNECTION_TOTAL,1.0,LINEAR_INTERPOLATION
Golden|Cal-gas|PPRO|CSMI,2012,EMISSIONS NET IMPORTS (TCO2e),13.937401320000001,LINEAR_INTERPOLATION
Golden|Cal-gas|PPRO|CSMI,2013,EMISSIONS NET IMPORTS (TCO2e),14.13883158,LINEAR_INTERPOLATION
Golden|Cal-gas|PPRO|CSMI,2014,EMISSIONS NET IMPORTS (TCO2e),14.34026184,LINEAR_INTERPOLATION
New Westminster|New Westminster Electrical Utility|ELEC|Res,2013,CONSUMPTION_TOTAL,191066178.5,LINEAR_INTERPOLATION
New Westminster|New Westminster Electrical Utility|ELEC|Res,2013,CONNECTION_TOTAL,29195.0,LINEAR_INTERPOLATION
New Westminster|New Westminster Electrical Utility|ELEC|Res,2013,EMISSIONS NET IMPORTS (TCO2e),4832.4824260000005,LINEAR_INTERPOLATION
New Westminster|New Westminster Electrical Utility|ELEC|CSMI,2013,CONSUMPTION_TOTAL,253398403.0,LINEAR_INTERPOLATION
New Westminster|New Westminster Electrical Utility|ELEC|CSMI,2013,CONNECTION_TOTAL,2578.0,LINEAR_INTERPOLATION
New Westminster|New Westminster Electrical Utility|ELEC|CSMI,2013,EMISSIONS NET IMPORTS (TCO2e),6431.3510504999995,LINEAR_INTERPOLATION
Nelson|Nelson Electric|ELEC|Res,2013,CONSUMPTION_TOTAL,44770720.345,LINEAR_INTERPOLATION
Nelson|Nelson Electric|ELEC|Res,2013,CONNECTION_TOTAL,4945.0,LINEAR_INTERPOLATION
Nelson|Nelson Electric|ELEC|Res,2013,EMISSIONS NET IMPORTS (TCO2e),1136.80719925,LINEAR_INTERPOLATION
Nelson|Nelson Electric|ELEC|CSMI,2013,CONSUMPTION_TOTAL,48694139.155,LINEAR_INTERPOLATION
Nelson|Nelson Electric|ELEC|CSMI,2013,CONNECTION_TOTAL,1011.0,LINEAR_INTERPOLATION
Nelson|Nelson Electric|ELEC|CSMI,2013,EMISSIONS NET IMPORTS (TCO2e),1230.7963359999999,LINEAR_INTERPOLATION
Grand Forks|City of Grand Forks|ELEC|Res,2013,CONSUMPTION_TOTAL,18297239.5,LINEAR_INTERPOLATION
Grand Forks|City of Grand Forks|ELEC|Res,2013,CONNECTION_TOTAL,1879.0,LINEAR_INTERPOLATION
Grand Forks|City of Grand Forks|ELEC|Res,2013,EMISSIONS NET IMPORTS (TCO2e),463.65963469999997,LINEAR_INTERPOLATION
Grand Forks|City of Grand Forks|ELEC|CSMI,2013,CONSUMPTION_TOTAL,20804040.5,LINEAR_INTERPOLATION
Grand Forks|City of Grand Forks|ELEC|CSMI,2013,CONNECTION_TOTAL,322.0,LINEAR_INTERPOLATION
Grand Forks|City of Grand Forks|ELEC|CSMI,2013,EMISSIONS NET IMPORTS (TCO2e),531.3547333,LINEAR_INTERPOLATION
Penticton|City of Penticton |ELEC|Res,2013,CONSUMPTION_TOTAL,185936070.0,LINEAR_INTERPOLATION
Penticton|City of Penticton |ELEC|Res,2013,CONNECTION_TOTAL,15446.0,LINEAR_INTERPOLATION
Penticton|City of Penticton |ELEC|Res,2013,EMISSIONS NET IMPORTS (TCO2e),4779.827727,LINEAR_INTERPOLATION
Penticton|City of Penticton |ELEC|CSMI,2013,CONSUMPTION_TOTAL,157808290.0,LINEAR_INTERPOLATION
Penticton|City of Penticton |ELEC|CSMI,2013,CONNECTION_TOTAL,1752.0,LINEAR_INTERPOLATION
Penticton|City of Penticton |ELEC|CSMI,2013,EMISSIONS NET IMPORTS (TCO2e),3889.261189,LINEAR_INTERPOLATION
Port Alice|Port Alice Gas|PPRO|Res,2013,CONSUMPTION_TOTAL,7620.0,LINEAR_INTERPOLATION
Port Alice|Port Alice Gas|PPRO|Res,2013,CONNECTION_TOTAL,226.0,LINEAR_INTERPOLATION
Port Alice|Port Alice Gas|PPRO|Res,2013,EMISSIONS NET IMPORTS (TCO2e),464.124438,LINEAR_INTERPOLATION
Port Alice|Port Alice Gas|PPRO|CSMI,2013,CONSUMPTION_TOTAL,4933.5,LINEAR_INTERPOLATION
Port Alice|Port Alice Gas|PPRO|CSMI,2013,CONNECTION_TOTAL,14.0,LINEAR_INTERPOLATION
Port Alice|Port Alice Gas|PPRO|CSMI,2013,EMISSIONS NET IMPORTS (TCO2e),300.5170544,LINEAR_INTERPOLATION
Summerland|City of Summerland |ELEC|Res,2013,CONSUMPTION_TOTAL,61636999.5,LINEAR_INTERPOLATION
Summerland|City of Summerland |ELEC|Res,2013,CONNECTION_TOTAL,5043.0,LINEAR_INTERPOLATION
Summerland|City of Summerland |ELEC|Res,2013,EMISSIONS NET IMPORTS (TCO2e),1549.4751365,LINEAR_INTERPOLATION
Summerland|City of Summerland |ELEC|CSMI,2013,CONSUMPTION_TOTAL,33850480.5,LINEAR_INTERPOLATION
Summerland|City of Summerland |ELEC|CSMI,2013,CONNECTION_TOTAL,576.0,LINEAR_INTERPOLATION
Summerland|City of Summerland |ELEC|CSMI,2013,EMISSIONS NET IMPORTS (TCO2e),859.16893175,LINEAR_INTERPOLATION
West Vancouver|Estimate-Wood|WOOD|Res,2014,CONSUMPTION_TOTAL,40714.155374,LINEAR_INTERPOLATION
West Vancouver|Estimate-Wood|WOOD|Res,2015,CONSUMPTION_TOTAL,39372.534448,LINEAR_INTERPOLATION
West Vancouver|Estimate-Wood|WOOD|Res,2016,CONSUMPTION_TOTAL,38030.913522,LINEAR_INTERPOLATION
West Vancouver|Estimate-Wood|WOOD|Res,2017,CONSUMPTION_TOTAL,36689.292596,LINEAR_INTERPOLATION
West Vancouver|Estimate-Wood|WOOD|Res,2014,CONNECTION_TOTAL,1.0,LINEAR_INTERPOLATION
West Vancouver|Estimate-Wood|WOOD|Res,2015,CONNECTION_TOTAL,1.0,LINEAR_INTERPOLATION
West Vancouver|Estimate-Wood|WOOD|Res,2016,CONNECTION_TOTAL,1.0,LINEAR_INTERPOLATION
West Vancouver|Estimate-Wood|WOOD|Res,2017,CONNECTION_TOTAL,1.0,LINEAR_INTERPOLATION
West Vancouver|Estimate-Wood|WOOD|Res,2014,EMISSIONS NET IMPORTS (TCO2e),2033.6621845999998,LINEAR_INTERPOLATION
West Vancouver|Estimate-Wood|WOOD|Res,2015,EMISSIONS NET IMPORTS (TCO2e),1895.9180792,LINEAR_INTERPOLATION
West Vancouver|Estimate-Wood|WOOD|Res,2016,EMISSIONS NET IMPORTS (TCO2e),1758.1739737999999,LINEAR_INTERPOLATION
West Vancouver|Estimate-Wood|WOOD|Res,2017,EMISSIONS NET IMPORTS (TCO2e),1620.4298684,LINEAR_INTERPOLATION
North Vancouver City|Estimate-Wood|WOOD|Res,2014,CONSUMPTION_TOTAL,28065.121194,LINEAR_INTERPOLATION
North Vancouver City|Estimate-Wood|WOOD|Res,2015,CONSUMPTION_TOTAL,27472.214828,LINEAR_INTERPOLATION
North Vancouver City|Estimate-Wood|WOOD|Res,2016,CONSUMPTION_TOTAL,26879.308461999997,LINEAR_INTERPOLATION
North Vancouver City|Estimate-Wood|WOOD|Res,2017,CONSUMPTION_TOTAL,26286.402095999998,LINEAR_INTERPOLATION
North Vancouver City|Estimate-Wood|WOOD|Res,2014,CONNECTION_TOTAL,1.0,LINEAR_INTERPOLATION
North Vancouver City|Estimate-Wood|WOOD|Res,2015,CONNECTION_TOTAL,1.0,LINEAR_INTERPOLATION
North Vancouver City|Estimate-Wood|WOOD|Res,2016,CONNECTION_TOTAL,1.0,LINEAR_INTERPOLATION
North Vancouver City|Estimate-Wood|WOOD|Res,2017,CONNECTION_TOTAL,1.0,LINEAR_INTERPOLATION
North Vancouver City|Estimate-Wood|WOOD|Res,2014,EMISSIONS NET IMPORTS (TCO2e),1399.274214,LINEAR_INTERPOLATION
North Vancouver City|Estimate-Wood|WOOD|Res,2015,EMISSIONS NET IMPORTS (TCO2e),1318.889109,LINEAR_INTERPOLATION
North Vancouver City|Estimate-Wood|WOOD|Res,2016,EMISSIONS NET IMPORTS (TCO2e),1238.504004,LINEAR_INTERPOLATION
North Vancouver City|Estimate-Wood|WOOD|Res,2017,EMISSIONS NET IMPORTS (TCO2e),1158.118899,LINEAR_INTERPOLATION
North Vancouver District|Estimate-Wood|WOOD|Res,2014,CONSUMPTION_TOTAL,47779.801246,LINEAR_INTERPOLATION
North Vancouver District|Estimate-Wood|WOOD|Res,2015,CONSUMPTION_TOTAL,46234.166112,LINEAR_INTERPOLATION
North Vancouver District|Estimate-Wood|WOOD|Res,2016,CONSUMPTION_TOTAL,44688.530978,LINEAR_INTERPOLATION
North Vancouver District|Estimate-Wood|WOOD|Res,2017,CONSUMPTION_TOTAL,43142.895844,LINEAR_INTERPOLATION
North Vancouver District|Estimate-Wood|WOOD|Res,2014,CONNECTION_TOTAL,1.0,LINEAR_INTERPOLATION
North Vancouver District|Estimate-Wood|WOOD|Res,2015,CONNECTION_TOTAL,1.0,LINEAR_INTERPOLATION
North Vancouver District|Estimate-Wood|WOOD|Res,2016,CONNECTION_TOTAL,1.0,LINEAR_INTERPOLATION
North Vancouver District|Estimate-Wood|WOOD|Res,2017,CONNECTION_TOTAL,1.0,LINEAR_INTERPOLATION
North Vancouver District|Estimate-Wood|WOOD|Res,2014,EMISSIONS NET IMPORTS (TCO2e),2386.3662096,LINEAR_INTERPOLATION
North Vancouver District|Estimate-Wood|WOOD|Res,2015,EMISSIONS NET IMPORTS (TCO2e),2225.9820742,LINEAR_INTERPOLATION
North Vancouver District|Estimate-Wood|WOOD|Res,2016,EMISSIONS NET IMPORTS (TCO2e),2065.5979388,LINEAR_INTERPOLATION
North Vancouver District|Estimate-Wood|WOOD|Res,2017,EMISSIONS NET IMPORTS (TCO2e),1905.2138034,LINEAR_INTERPOLATION
Burnaby|Estimate-Wood|WOOD|Res,2014,CONSUMPTION_TOTAL,110317.876016,LINEAR_INTERPOLATION
Burnaby|Estimate-Wood|WOOD|Res,2015,CONSUMPTION_TOTAL,107603.819732,LINEAR_INTERPOLATION
Burnaby|Estimate-Wood|WOOD|Res,2016,CONSUMPTION_TOTAL,104889.763448,LINEAR_INTERPOLATION
Burnaby|Estimate-Wood|WOOD|Res,2017,CONSUMPTION_TOTAL,102175.707164,LINEAR_INTERPOLATION
Burnaby|Estimate-Wood|WOOD|Res,2014,CONNECTION_TOTAL,1.0,LINEAR_INTERPOLATION
Burnaby|Estimate-Wood|WOOD|Res,2015,CONNECTION_TOTAL,1.0,LINEAR_INTERPOLATION
Burnaby|Estimate-Wood|WOOD|Res,2016,CONNECTION_TOTAL,1.0,LINEAR_INTERPOLATION
Burnaby|Estimate-Wood|WOOD|Res,2017,CONNECTION_TOTAL,1.0,LINEAR_INTERPOLATION
Burnaby|Estimate-Wood|WOOD|Res,2014,EMISSIONS NET IMPORTS (TCO2e),5503.2134076,LINEAR_INTERPOLATION
Burnaby|Estimate-Wood|WOOD|Res,2015,EMISSIONS NET IMPORTS (TCO2e),5170.4092602,LINEAR_INTERPOLATION
Burnaby|Estimate-Wood|WOOD|Res,2016,EMISSIONS NET IMPORTS (TCO2e),4837.6051128,LINEAR_INTERPOLATION
Burnaby|Estimate-Wood|WOOD|Res,2017,EMISSIONS NET IMPORTS (TCO2e),4504.8009654,LINEAR_INTERPOLATION
Vancouver|Estimate-Wood|WOOD|Res,2015,CONSUMPTION_TOTAL,289370.827,LINEAR_INTERPOLATION
Vancouver|Estimate-Wood|WOOD|Res,2016,CONSUMPTION_TOTAL,293149.3145,LINEAR_INTERPOLATION
Vancouver|Estimate-Wood|WOOD|Res,2017,CONSUMPTION_TOTAL,296927.802,LINEAR_INTERPOLATION
Vancouver|Estimate-Wood|WOOD|Res,2015,CONNECTION_TOTAL,1.0,LINEAR_INTERPOLATION
Vancouver|Estimate-Wood|WOOD|Res,2016,CONNECTION_TOTAL,1.0,LINEAR_INTERPOLATION
Vancouver|Estimate-Wood|WOOD|Res,2017,CONNECTION_TOTAL,1.0,LINEAR_INTERPOLATION
Vancouver|Estimate-Wood|WOOD|Res,2015,EMISSIONS NET IMPORTS (TCO2e),14212.5285475,LINEAR_INTERPOLATION
Vancouver|Estimate-Wood|WOOD|Res,2016,EMISSIONS NET IMPORTS (TCO2e),13679.472614999999,LINEAR_INTERPOLATION
Vancouver|Estimate-Wood|WOOD|Res,2017,EMISSIONS NET IMPORTS (TCO2e),13146.4166825,LINEAR_INTERPOLATION
Richmond|Estimate-Wood|WOOD|Res,2014,CONSUMPTION_TOTAL,94398.858732,LINEAR_INTERPOLATION
Richmond|Estimate-Wood|WOOD|Res,2015,CONSUMPTION_TOTAL,92074.171254,LINEAR_INTERPOLATION
Richmond|Estimate-Wood|WOOD|Res,2016,CONSUMPTION_TOTAL,89749.483776,LINEAR_INTERPOLATION
Richmond|Estimate-Wood|WOOD|Res,2017,CONSUMPTION_TOTAL,87424.796298,LINEAR_INTERPOLATION
Richmond|Estimate-Wood|WOOD|Res,2014,CONNECTION_TOTAL,1.0,LINEAR_INTERPOLATION
Richmond|Estimate-Wood|WOOD|Res,2015,CONNECTION_TOTAL,1.0,LINEAR_INTERPOLATION
Richmond|Estimate-Wood|WOOD|Res,2016,CONNECTION_TOTAL,1.0,LINEAR_INTERPOLATION
Richmond|Estimate-Wood|WOOD|Res,2017,CONNECTION_TOTAL,1.0,LINEAR_INTERPOLATION
Richmond|Estimate-Wood|WOOD|Res,2014,EMISSIONS NET IMPORTS (TCO2e),4709.1099544,LINEAR_INTERPOLATION
Richmond|Estimate-Wood|WOOD|Res,2015,EMISSIONS NET IMPORTS (TCO2e),4424.2301388000005,LINEAR_INTERPOLATION
Richmond|Estimate-Wood|WOOD|Res,2016,EMISSIONS NET IMPORTS (TCO2e),4139.3503232,LINEAR_INTERPOLATION
Richmond|Estimate-Wood|WOOD|Res,2017,EMISSIONS NET IMPORTS (TCO2e),3854.4705076,LINEAR_INTERPOLATION
Delta|Estimate-Wood|WOOD|Res,2014,CONSUMPTION_TOTAL,55268.252516,LINEAR_INTERPOLATION
Delta|Estimate-Wood|WOOD|Res,2015,CONSUMPTION_TOTAL,53618.668712,LINEAR_INTERPOLATION
Delta|Estimate-Wood|WOOD|Res,2016,CONSUMPTION_TOTAL,51969.084908000004,LINEAR_INTERPOLATION
Delta|Estimate-Wood|WOOD|Res,2017,CONSUMPTION_TOTAL,50319.501104,LINEAR_INTERPOLATION
Delta|Estimate-Wood|WOOD|Res,2014,CONNECTION_TOTAL,1.0,LINEAR_INTERPOLATION
Delta|Estimate-Wood|WOOD|Res,2015,CONNECTION_TOTAL,1.0,LINEAR_INTERPOLATION
Delta|Estimate-Wood|WOOD|Res,2016,CONNECTION_TOTAL,1.0,LINEAR_INTERPOLATION
Delta|Estimate-Wood|WOOD|Res,2017,CONNECTION_TOTAL,1.0,LINEAR_INTERPOLATION
Delta|Estimate-Wood|WOOD|Res,2014,EMISSIONS NET IMPORTS (TCO2e),2759.3059332000003,LINEAR_INTERPOLATION
Delta|Estimate-Wood|WOOD|Res,2015,EMISSIONS NET IMPORTS (TCO2e),2579.8538964,LINEAR_INTERPOLATION
Delta|Estimate-Wood|WOOD|Res,2016,EMISSIONS NET IMPORTS (TCO2e),2400.4018596,LINEAR_INTERPOLATION
Delta|Estimate-Wood|WOOD|Res,2017,EMISSIONS NET IMPORTS (TCO2e),2220.9498228,LINEAR_INTERPOLATION
Highlands|Estimate-Wood|WOOD|Res,2016,CONSUMPTION_TOTAL,699.4396218,LINEAR_INTERPOLATION
Highlands|Estimate-Wood|WOOD|Res,2017,CONSUMPTION_TOTAL,745.7187305,LINEAR_INTERPOLATION
Highlands|Estimate-Wood|WOOD|Res,2016,CONNECTION_TOTAL,1.0,LINEAR_INTERPOLATION
Highlands|Estimate-Wood|WOOD|Res,2017,CONNECTION_TOTAL,1.0,LINEAR_INTERPOLATION
Highlands|Estimate-Wood|WOOD|Res,2016,EMISSIONS NET IMPORTS (TCO2e),33.55613048666667,LINEAR_INTERPOLATION
Highlands|Estimate-Wood|WOOD|Res,2017,EMISSIONS NET IMPORTS (TCO2e),33.38854996333333,LINEAR_INTERPOLATION
West Vancouver|Estimate-Heating Oil|OIL|Res,2014,CONSUMPTION_TOTAL,3675.1489552000003,LINEAR_INTERPOLATION
West Vancouver|Estimate-Heating Oil|OIL|Res,2015,CONSUMPTION_TOTAL,3414.4891834,LINEAR_INTERPOLATION
West Vancouver|Estimate-Heating Oil|OIL|Res,2016,CONSUMPTION_TOTAL,3153.8294116,LINEAR_INTERPOLATION
West Vancouver|Estimate-Heating Oil|OIL|Res,2017,CONSUMPTION_TOTAL,2893.1696398000004,LINEAR_INTERPOLATION
West Vancouver|Estimate-Heating Oil|OIL|Res,2014,CONNECTION_TOTAL,1.0,LINEAR_INTERPOLATION
West Vancouver|Estimate-Heating Oil|OIL|Res,2015,CONNECTION_TOTAL,1.0,LINEAR_INTERPOLATION
West Vancouver|Estimate-Heating Oil|OIL|Res,2016,CONNECTION_TOTAL,1.0,LINEAR_INTERPOLATION
West Vancouver|Estimate-Heating Oil|OIL|Res,2017,CONNECTION_TOTAL,1.0,LINEAR_INTERPOLATION
West Vancouver|Estimate-Heating Oil|OIL|Res,2014,EMISSIONS NET IMPORTS (TCO2e),249.08756454000002,LINEAR_INTERPOLATION
West Vancouver|Estimate-Heating Oil|OIL|Res,2015,EMISSIONS NET IMPORTS (TCO2e),231.81573128000002,LINEAR_INTERPOLATION
West Vancouver|Estimate-Heating Oil|OIL|Res,2016,EMISSIONS NET IMPORTS (TCO2e),214.54389802,LINEAR_INTERPOLATION
West Vancouver|Estimate-Heating Oil|OIL|Res,2017,EMISSIONS NET IMPORTS (TCO2e),197.27206476,LINEAR_INTERPOLATION
North Vancouver City|Estimate-Heating Oil|OIL|Res,2014,CONSUMPTION_TOTAL,2528.2829708,LINEAR_INTERPOLATION
North Vancouver City|Estimate-Heating Oil|OIL|Res,2015,CONSUMPTION_TOTAL,2374.5915516,LINEAR_INTERPOLATION
North Vancouver City|Estimate-Heating Oil|OIL|Res,2016,CONSUMPTION_TOTAL,2220.9001324,LINEAR_INTERPOLATION
North Vancouver City|Estimate-Heating Oil|OIL|Res,2017,CONSUMPTION_TOTAL,2067.2087131999997,LINEAR_INTERPOLATION
North Vancouver City|Estimate-Heating Oil|OIL|Res,2014,CONNECTION_TOTAL,1.0,LINEAR_INTERPOLATION
North Vancouver City|Estimate-Heating Oil|OIL|Res,2015,CONNECTION_TOTAL,1.0,LINEAR_INTERPOLATION
North Vancouver City|Estimate-Heating Oil|OIL|Res,2016,CONNECTION_TOTAL,1.0,LINEAR_INTERPOLATION
North Vancouver City|Estimate-Heating Oil|OIL|Res,2017,CONNECTION_TOTAL,1.0,LINEAR_INTERPOLATION
North Vancouver City|Estimate-Heating Oil|OIL|Res,2014,EMISSIONS NET IMPORTS (TCO2e),171.3717179,LINEAR_INTERPOLATION
North Vancouver City|Estimate-Heating Oil|OIL|Res,2015,EMISSIONS NET IMPORTS (TCO2e),161.2384052,LINEAR_INTERPOLATION
North Vancouver City|Estimate-Heating Oil|OIL|Res,2016,EMISSIONS NET IMPORTS (TCO2e),151.1050925,LINEAR_INTERPOLATION
North Vancouver City|Estimate-Heating Oil|OIL|Res,2017,EMISSIONS NET IMPORTS (TCO2e),140.9717798,LINEAR_INTERPOLATION
North Vancouver District|Estimate-Heating Oil|OIL|Res,2014,CONSUMPTION_TOTAL,4312.5038263999995,LINEAR_INTERPOLATION
North Vancouver District|Estimate-Heating Oil|OIL|Res,2015,CONSUMPTION_TOTAL,4008.8645198,LINEAR_INTERPOLATION
North Vancouver District|Estimate-Heating Oil|OIL|Res,2016,CONSUMPTION_TOTAL,3705.2252132,LINEAR_INTERPOLATION
North Vancouver District|Estimate-Heating Oil|OIL|Res,2017,CONSUMPTION_TOTAL,3401.5859066000003,LINEAR_INTERPOLATION
North Vancouver District|Estimate-Heating Oil|OIL|Res,2014,CONNECTION_TOTAL,1.0,LINEAR_INTERPOLATION
North Vancouver District|Estimate-Heating Oil|OIL|Res,2015,CONNECTION_TOTAL,1.0,LINEAR_INTERPOLATION
North Vancouver District|Estimate-Heating Oil|OIL|Res,2016,CONNECTION_TOTAL,1.0,LINEAR_INTERPOLATION
North Vancouver District|Estimate-Heating Oil|OIL|Res,2017,CONNECTION_TOTAL,1.0,LINEAR_INTERPOLATION
North Vancouver District|Estimate-Heating Oil|OIL|Res,2014,EMISSIONS NET IMPORTS (TCO2e),292.28629026,LINEAR_INTERPOLATION
North Vancouver District|Estimate-Heating Oil|OIL|Res,2015,EMISSIONS NET IMPORTS (TCO2e),272.17093942,LINEAR_INTERPOLATION
North Vancouver District|Estimate-Heating Oil|OIL|Res,2016,EMISSIONS NET IMPORTS (TCO2e),252.05558858,LINEAR_INTERPOLATION
North Vancouver District|Estimate-Heating Oil|OIL|Res,2017,EMISSIONS NET IMPORTS (TCO2e),231.94023774,LINEAR_INTERPOLATION
Burnaby|Estimate-Heating Oil|OIL|Res,2014,CONSUMPTION_TOTAL,9943.992151,LINEAR_INTERPOLATION
Burnaby|Estimate-Heating Oil|OIL|Res,2015,CONSUMPTION_TOTAL,9309.840112,LINEAR_INTERPOLATION
Burnaby|Estimate-Heating Oil|OIL|Res,2016,CONSUMPTION_TOTAL,8675.688073000001,LINEAR_INTERPOLATION
Burnaby|Estimate-Heating Oil|OIL|Res,2017,CONSUMPTION_TOTAL,8041.536034000001,LINEAR_INTERPOLATION
Burnaby|Estimate-Heating Oil|OIL|Res,2014,CONNECTION_TOTAL,1.0,LINEAR_INTERPOLATION
Burnaby|Estimate-Heating Oil|OIL|Res,2015,CONNECTION_TOTAL,1.0,LINEAR_INTERPOLATION
Burnaby|Estimate-Heating Oil|OIL|Res,2016,CONNECTION_TOTAL,1.0,LINEAR_INTERPOLATION
Burnaby|Estimate-Heating Oil|OIL|Res,2017,CONNECTION_TOTAL,1.0,LINEAR_INTERPOLATION
Burnaby|Estimate-Heating Oil|OIL|Res,2014,EMISSIONS NET IMPORTS (TCO2e),674.00565218,LINEAR_INTERPOLATION
Burnaby|Estimate-Heating Oil|OIL|Res,2015,EMISSIONS NET IMPORTS (TCO2e),632.12587596,LINEAR_INTERPOLATION
Burnaby|Estimate-Heating Oil|OIL|Res,2016,EMISSIONS NET IMPORTS (TCO2e),590.24609974,LINEAR_INTERPOLATION
Burnaby|Estimate-Heating Oil|OIL|Res,2017,EMISSIONS NET IMPORTS (TCO2e),548.3663235199999,LINEAR_INTERPOLATION
Vancouver|Estimate-Heating Oil|OIL|Res,2015,CONSUMPTION_TOTAL,32473.273805,LINEAR_INTERPOLATION
Vancouver|Estimate-Heating Oil|OIL|Res,2016,CONSUMPTION_TOTAL,29113.86021,LINEAR_INTERPOLATION
Vancouver|Estimate-Heating Oil|OIL|Res,2017,CONSUMPTION_TOTAL,25754.446615,LINEAR_INTERPOLATION
Vancouver|Estimate-Heating Oil|OIL|Res,2015,CONNECTION_TOTAL,1.0,LINEAR_INTERPOLATION
Vancouver|Estimate-Heating Oil|OIL|Res,2016,CONNECTION_TOTAL,1.0,LINEAR_INTERPOLATION
Vancouver|Estimate-Heating Oil|OIL|Res,2017,CONNECTION_TOTAL,1.0,LINEAR_INTERPOLATION
Vancouver|Estimate-Heating Oil|OIL|Res,2015,EMISSIONS NET IMPORTS (TCO2e),2201.57716125,LINEAR_INTERPOLATION
Vancouver|Estimate-Heating Oil|OIL|Res,2016,EMISSIONS NET IMPORTS (TCO2e),1978.1449535,LINEAR_INTERPOLATION
Vancouver|Estimate-Heating Oil|OIL|Res,2017,EMISSIONS NET IMPORTS (TCO2e),1754.71274575,LINEAR_INTERPOLATION
Richmond|Estimate-Heating Oil|OIL|Res,2014,CONSUMPTION_TOTAL,8509.0955144,LINEAR_INTERPOLATION
Richmond|Estimate-Heating Oil|OIL|Res,2015,CONSUMPTION_TOTAL,7966.2744838,LINEAR_INTERPOLATION
Richmond|Estimate-Heating Oil|OIL|Res,2016,CONSUMPTION_TOTAL,7423.4534532,LINEAR_INTERPOLATION
Richmond|Estimate-Heating Oil|OIL|Res,2017,CONSUMPTION_TOTAL,6880.6324226,LINEAR_INTERPOLATION
Richmond|Estimate-Heating Oil|OIL|Res,2014,CONNECTION_TOTAL,1.0,LINEAR_INTERPOLATION
Richmond|Estimate-Heating Oil|OIL|Res,2015,CONNECTION_TOTAL,1.0,LINEAR_INTERPOLATION
Richmond|Estimate-Heating Oil|OIL|Res,2016,CONNECTION_TOTAL,1.0,LINEAR_INTERPOLATION
Richmond|Estimate-Heating Oil|OIL|Res,2017,CONNECTION_TOTAL,1.0,LINEAR_INTERPOLATION
Richmond|Estimate-Heating Oil|OIL|Res,2014,EMISSIONS NET IMPORTS (TCO2e),576.7479907,LINEAR_INTERPOLATION
Richmond|Estimate-Heating Oil|OIL|Res,2015,EMISSIONS NET IMPORTS (TCO2e),540.8993825,LINEAR_INTERPOLATION
Richmond|Estimate-Heating Oil|OIL|Res,2016,EMISSIONS NET IMPORTS (TCO2e),505.0507743,LINEAR_INTERPOLATION
Richmond|Estimate-Heating Oil|OIL|Res,2017,EMISSIONS NET IMPORTS (TCO2e),469.2021661,LINEAR_INTERPOLATION
Delta|Estimate-Heating Oil|OIL|Res,2014,CONSUMPTION_TOTAL,4986.2812558,LINEAR_INTERPOLATION
Delta|Estimate-Heating Oil|OIL|Res,2015,CONSUMPTION_TOTAL,4645.8812176,LINEAR_INTERPOLATION
Delta|Estimate-Heating Oil|OIL|Res,2016,CONSUMPTION_TOTAL,4305.4811794,LINEAR_INTERPOLATION
Delta|Estimate-Heating Oil|OIL|Res,2017,CONSUMPTION_TOTAL,3965.0811412,LINEAR_INTERPOLATION
Delta|Estimate-Heating Oil|OIL|Res,2014,CONNECTION_TOTAL,1.0,LINEAR_INTERPOLATION
Delta|Estimate-Heating Oil|OIL|Res,2015,CONNECTION_TOTAL,1.0,LINEAR_INTERPOLATION
Delta|Estimate-Heating Oil|OIL|Res,2016,CONNECTION_TOTAL,1.0,LINEAR_INTERPOLATION
Delta|Estimate-Heating Oil|OIL|Res,2017,CONNECTION_TOTAL,1.0,LINEAR_INTERPOLATION
Delta|Estimate-Heating Oil|OIL|Res,2014,EMISSIONS NET IMPORTS (TCO2e),337.958527,LINEAR_INTERPOLATION
Delta|Estimate-Heating Oil|OIL|Res,2015,EMISSIONS NET IMPORTS (TCO2e),315.4291034,LINEAR_INTERPOLATION
Delta|Estimate-Heating Oil|OIL|Res,2016,EMISSIONS NET IMPORTS (TCO2e),292.8996798,LINEAR_INTERPOLATION
Delta|Estimate-Heating Oil|OIL|Res,2017,EMISSIONS NET IMPORTS (TCO2e),270.3702562,LINEAR_INTERPOLATION
Highlands|Estimate-Heating Oil|OIL|Res,2016,CONSUMPTION_TOTAL,316.48054876666663,LINEAR_INTERPOLATION
Highlands|Estimate-Heating Oil|OIL|Res,2017,CONSUMPTION_TOTAL,269.4453282333333,LINEAR_INTERPOLATION
Highlands|Estimate-Heating Oil|OIL|Res,2016,CONNECTION_TOTAL,1.0,LINEAR_INTERPOLATION
Highlands|Estimate-Heating Oil|OIL|Res,2017,CONNECTION_TOTAL,1.0,LINEAR_INTERPOLATION
Highlands|Estimate-Heating Oil|OIL|Res,2016,EMISSIONS NET IMPORTS (TCO2e),21.470001659999998,LINEAR_INTERPOLATION
Highlands|Estimate-Heating Oil|OIL|Res,2017,EMISSIONS NET IMPORTS (TCO2e),18.33874647,LINEAR_INTERPOLATION
West Vancouver|Estimate-Propane|DPRO|Res,2014,CONSUMPTION_TOTAL,4836.0415144,LINEAR_INTERPOLATION
West Vancouver|Estimate-Propane|DPRO|Res,2015,CONSUMPTION_TOTAL,5266.5467788,LINEAR_INTERPOLATION
West Vancouver|Estimate-Propane|DPRO|Res,2016,CONSUMPTION_TOTAL,5697.052043199999,LINEAR_INTERPOLATION
West Vancouver|Estimate-Propane|DPRO|Res,2017,CONSUMPTION_TOTAL,6127.5573076,LINEAR_INTERPOLATION
West Vancouver|Estimate-Propane|DPRO|Res,2014,CONNECTION_TOTAL,1.0,LINEAR_INTERPOLATION
West Vancouver|Estimate-Propane|DPRO|Res,2015,CONNECTION_TOTAL,1.0,LINEAR_INTERPOLATION
West Vancouver|Estimate-Propane|DPRO|Res,2016,CONNECTION_TOTAL,1.0,LINEAR_INTERPOLATION
West Vancouver|Estimate-Propane|DPRO|Res,2017,CONNECTION_TOTAL,1.0,LINEAR_INTERPOLATION
West Vancouver|Estimate-Propane|DPRO|Res,2014,EMISSIONS NET IMPORTS (TCO2e),294.65022622000004,LINEAR_INTERPOLATION
West Vancouver|Estimate-Propane|DPRO|Res,2015,EMISSIONS NET IMPORTS (TCO2e),321.25044534,LINEAR_INTERPOLATION
West Vancouver|Estimate-Propane|DPRO|Res,2016,EMISSIONS NET IMPORTS (TCO2e),347.85066446,LINEAR_INTERPOLATION
West Vancouver|Estimate-Propane|DPRO|Res,2017,EMISSIONS NET IMPORTS (TCO2e),374.45088358,LINEAR_INTERPOLATION
North Vancouver City|Estimate-Propane|DPRO|Res,2014,CONSUMPTION_TOTAL,3355.0324628,LINEAR_INTERPOLATION
North Vancouver City|Estimate-Propane|DPRO|Res,2015,CONSUMPTION_TOTAL,3708.0045566,LINEAR_INTERPOLATION
North Vancouver City|Estimate-Propane|DPRO|Res,2016,CONSUMPTION_TOTAL,4060.9766504,LINEAR_INTERPOLATION
North Vancouver City|Estimate-Propane|DPRO|Res,2017,CONSUMPTION_TOTAL,4413.9487442,LINEAR_INTERPOLATION
North Vancouver City|Estimate-Propane|DPRO|Res,2014,CONNECTION_TOTAL,1.0,LINEAR_INTERPOLATION
North Vancouver City|Estimate-Propane|DPRO|Res,2015,CONNECTION_TOTAL,1.0,LINEAR_INTERPOLATION
North Vancouver City|Estimate-Propane|DPRO|Res,2016,CONNECTION_TOTAL,1.0,LINEAR_INTERPOLATION
North Vancouver City|Estimate-Propane|DPRO|Res,2017,CONNECTION_TOTAL,1.0,LINEAR_INTERPOLATION
North Vancouver City|Estimate-Propane|DPRO|Res,2014,EMISSIONS NET IMPORTS (TCO2e),204.42880876,LINEAR_INTERPOLATION
North Vancouver City|Estimate-Propane|DPRO|Res,2015,EMISSIONS NET IMPORTS (TCO2e),226.20055662,LINEAR_INTERPOLATION
North Vancouver City|Estimate-Propane|DPRO|Res,2016,EMISSIONS NET IMPORTS (TCO2e),247.97230448,LINEAR_INTERPOLATION
North Vancouver City|Estimate-Propane|DPRO|Res,2017,EMISSIONS NET IMPORTS (TCO2e),269.74405234,LINEAR_INTERPOLATION
North Vancouver District|Estimate-Propane|DPRO|Res,2014,CONSUMPTION_TOTAL,5677.1633842,LINEAR_INTERPOLATION
North Vancouver District|Estimate-Propane|DPRO|Res,2015,CONSUMPTION_TOTAL,6187.2601444,LINEAR_INTERPOLATION
North Vancouver District|Estimate-Propane|DPRO|Res,2016,CONSUMPTION_TOTAL,6697.3569046,LINEAR_INTERPOLATION
North Vancouver District|Estimate-Propane|DPRO|Res,2017,CONSUMPTION_TOTAL,7207.4536648,LINEAR_INTERPOLATION
North Vancouver District|Estimate-Propane|DPRO|Res,2014,CONNECTION_TOTAL,1.0,LINEAR_INTERPOLATION
North Vancouver District|Estimate-Propane|DPRO|Res,2015,CONNECTION_TOTAL,1.0,LINEAR_INTERPOLATION
North Vancouver District|Estimate-Propane|DPRO|Res,2016,CONNECTION_TOTAL,1.0,LINEAR_INTERPOLATION
North Vancouver District|Estimate-Propane|DPRO|Res,2017,CONNECTION_TOTAL,1.0,LINEAR_INTERPOLATION
North Vancouver District|Estimate-Propane|DPRO|Res,2014,EMISSIONS NET IMPORTS (TCO2e),345.8992493,LINEAR_INTERPOLATION
North Vancouver District|Estimate-Propane|DPRO|Res,2015,EMISSIONS NET IMPORTS (TCO2e),377.4140137,LINEAR_INTERPOLATION
North Vancouver District|Estimate-Propane|DPRO|Res,2016,EMISSIONS NET IMPORTS (TCO2e),408.92877810000005,LINEAR_INTERPOLATION
North Vancouver District|Estimate-Propane|DPRO|Res,2017,EMISSIONS NET IMPORTS (TCO2e),440.44354250000004,LINEAR_INTERPOLATION
Burnaby|Estimate-Propane|DPRO|Res,2014,CONSUMPTION_TOTAL,13163.121484000001,LINEAR_INTERPOLATION
Burnaby|Estimate-Propane|DPRO|Res,2015,CONSUMPTION_TOTAL,14485.627498000002,LINEAR_INTERPOLATION
Burnaby|Estimate-Propane|DPRO|Res,2016,CONSUMPTION_TOTAL,15808.133512,LINEAR_INTERPOLATION
Burnaby|Estimate-Propane|DPRO|Res,2017,CONSUMPTION_TOTAL,17130.639526,LINEAR_INTERPOLATION
Burnaby|Estimate-Propane|DPRO|Res,2014,CONNECTION_TOTAL,1.0,LINEAR_INTERPOLATION
Burnaby|Estimate-Propane|DPRO|Res,2015,CONNECTION_TOTAL,1.0,LINEAR_INTERPOLATION
Burnaby|Estimate-Propane|DPRO|Res,2016,CONNECTION_TOTAL,1.0,LINEAR_INTERPOLATION
Burnaby|Estimate-Propane|DPRO|Res,2017,CONNECTION_TOTAL,1.0,LINEAR_INTERPOLATION
Burnaby|Estimate-Propane|DPRO|Res,2014,EMISSIONS NET IMPORTS (TCO2e),802.03974212,LINEAR_INTERPOLATION
Burnaby|Estimate-Propane|DPRO|Res,2015,EMISSIONS NET IMPORTS (TCO2e),883.65026084,LINEAR_INTERPOLATION
Burnaby|Estimate-Propane|DPRO|Res,2016,EMISSIONS NET IMPORTS (TCO2e),965.2607795600001,LINEAR_INTERPOLATION
Burnaby|Estimate-Propane|DPRO|Res,2017,EMISSIONS NET IMPORTS (TCO2e),1046.87129828,LINEAR_INTERPOLATION
Vancouver|Estimate-Propane|DPRO|Res,2015,CONSUMPTION_TOTAL,35016.043635,LINEAR_INTERPOLATION
Vancouver|Estimate-Propane|DPRO|Res,2016,CONSUMPTION_TOTAL,41940.734039999996,LINEAR_INTERPOLATION
Vancouver|Estimate-Propane|DPRO|Res,2017,CONSUMPTION_TOTAL,48865.424445,LINEAR_INTERPOLATION
Vancouver|Estimate-Propane|DPRO|Res,2015,CONNECTION_TOTAL,1.0,LINEAR_INTERPOLATION
Vancouver|Estimate-Propane|DPRO|Res,2016,CONNECTION_TOTAL,1.0,LINEAR_INTERPOLATION
Vancouver|Estimate-Propane|DPRO|Res,2017,CONNECTION_TOTAL,1.0,LINEAR_INTERPOLATION
Vancouver|Estimate-Propane|DPRO|Res,2015,EMISSIONS NET IMPORTS (TCO2e),2134.8363915,LINEAR_INTERPOLATION
Vancouver|Estimate-Propane|DPRO|Res,2016,EMISSIONS NET IMPORTS (TCO2e),2560.485296,LINEAR_INTERPOLATION
Vancouver|Estimate-Propane|DPRO|Res,2017,EMISSIONS NET IMPORTS (TCO2e),2986.1342004999997,LINEAR_INTERPOLATION
Richmond|Estimate-Propane|DPRO|Res,2014,CONSUMPTION_TOTAL,11263.518522,LINEAR_INTERPOLATION
Richmond|Estimate-Propane|DPRO|Res,2015,CONSUMPTION_TOTAL,12394.800134,LINEAR_INTERPOLATION
Richmond|Estimate-Propane|DPRO|Res,2016,CONSUMPTION_TOTAL,13526.081746,LINEAR_INTERPOLATION
Richmond|Estimate-Propane|DPRO|Res,2017,CONSUMPTION_TOTAL,14657.363357999999,LINEAR_INTERPOLATION
Richmond|Estimate-Propane|DPRO|Res,2014,CONNECTION_TOTAL,1.0,LINEAR_INTERPOLATION
Richmond|Estimate-Propane|DPRO|Res,2015,CONNECTION_TOTAL,1.0,LINEAR_INTERPOLATION
Richmond|Estimate-Propane|DPRO|Res,2016,CONNECTION_TOTAL,1.0,LINEAR_INTERPOLATION
Richmond|Estimate-Propane|DPRO|Res,2017,CONNECTION_TOTAL,1.0,LINEAR_INTERPOLATION
Richmond|Estimate-Propane|DPRO|Res,2014,EMISSIONS NET IMPORTS (TCO2e),686.2952908,LINEAR_INTERPOLATION
Richmond|Estimate-Propane|DPRO|Res,2015,EMISSIONS NET IMPORTS (TCO2e),756.1057719999999,LINEAR_INTERPOLATION
Richmond|Estimate-Propane|DPRO|Res,2016,EMISSIONS NET IMPORTS (TCO2e),825.9162531999999,LINEAR_INTERPOLATION
Richmond|Estimate-Propane|DPRO|Res,2017,EMISSIONS NET IMPORTS (TCO2e),895.7267343999999,LINEAR_INTERPOLATION
Delta|Estimate-Propane|DPRO|Res,2014,CONSUMPTION_TOTAL,6575.872829,LINEAR_INTERPOLATION
Delta|Estimate-Propane|DPRO|Res,2015,CONSUMPTION_TOTAL,7189.340174999999,LINEAR_INTERPOLATION
Delta|Estimate-Propane|DPRO|Res,2016,CONSUMPTION_TOTAL,7802.807521,LINEAR_INTERPOLATION
Delta|Estimate-Propane|DPRO|Res,2017,CONSUMPTION_TOTAL,8416.274867,LINEAR_INTERPOLATION
Delta|Estimate-Propane|DPRO|Res,2014,CONNECTION_TOTAL,1.0,LINEAR_INTERPOLATION
Delta|Estimate-Propane|DPRO|Res,2015,CONNECTION_TOTAL,1.0,LINEAR_INTERPOLATION
Delta|Estimate-Propane|DPRO|Res,2016,CONNECTION_TOTAL,1.0,LINEAR_INTERPOLATION
Delta|Estimate-Propane|DPRO|Res,2017,CONNECTION_TOTAL,1.0,LINEAR_INTERPOLATION
Delta|Estimate-Propane|DPRO|Res,2014,EMISSIONS NET IMPORTS (TCO2e),400.66159286,LINEAR_INTERPOLATION
Delta|Estimate-Propane|DPRO|Res,2015,EMISSIONS NET IMPORTS (TCO2e),438.54718272,LINEAR_INTERPOLATION
Delta|Estimate-Propane|DPRO|Res,2016,EMISSIONS NET IMPORTS (TCO2e),476.43277258,LINEAR_INTERPOLATION
Delta|Estimate-Propane|DPRO|Res,2017,EMISSIONS NET IMPORTS (TCO2e),514.31836244,LINEAR_INTERPOLATION
Highlands|Estimate-Propane|DPRO|Res,2016,CONSUMPTION_TOTAL,53.34691607333333,LINEAR_INTERPOLATION
Highlands|Estimate-Propane|DPRO|Res,2017,CONSUMPTION_TOTAL,57.74024389666667,LINEAR_INTERPOLATION
Highlands|Estimate-Propane|DPRO|Res,2016,CONNECTION_TOTAL,1.0,LINEAR_INTERPOLATION
Highlands|Estimate-Propane|DPRO|Res,2017,CONNECTION_TOTAL,1.0,LINEAR_INTERPOLATION
Highlands|Estimate-Propane|DPRO|Res,2016,EMISSIONS NET IMPORTS (TCO2e),3.2522548959999997,LINEAR_INTERPOLATION
Highlands|Estimate-Propane|DPRO|Res,2017,EMISSIONS NET IMPORTS (TCO2e),3.525982564,LINEAR_INTERPOLATION
