GROUP_KEY,YEAR,CONNECTION_TOTAL,CONSUMPTION_TOTAL,EMISSIONS NET IMPORTS (TCO2e)
Burnaby|Estimate-Heating Oil|OIL|Res,2014,1.0,9943.992151,674.00565218
Burnaby|Estimate-Heating Oil|OIL|Res,2015,1.0,9309.840112,632.12587596
Burnaby|Estimate-Heating Oil|OIL|Res,2016,1.0,8675.688073000001,590.24609974
Burnaby|Estimate-Heating Oil|OIL|Res,2017,1.0,8041.536034000001,548.3663235199999
Burnaby|Estimate-Propane|DPRO|Res,2014,1.0,13163.121484000001,802.03974212
Burnaby|Estimate-Propane|DPRO|Res,2015,1.0,14485.627498000002,883.65026084
Burnaby|Estimate-Propane|DPRO|Res,2016,1.0,15808.133512,965.2607795600001
Burnaby|Estimate-Propane|DPRO|Res,2017,1.0,17130.639526,1046.87129828
Burnaby|Estimate-Wood|WOOD|Res,2014,1.0,110317.876016,5503.2134076
Burnaby|Estimate-Wood|WOOD|Res,2015,1.0,107603.819732,5170.4092602
Burnaby|Estimate-Wood|WOOD|Res,2016,1.0,104889.763448,4837.6051128
Burnaby|Estimate-Wood|WOOD|Res,2017,1.0,102175.707164,4504.8009654
Delta|Estimate-Heating Oil|OIL|Res,2014,1.0,4986.2812558,337.958527
Delta|Estimate-Heating Oil|OIL|Res,2015,1.0,4645.8812176,315.4291034
Delta|Estimate-Heating Oil|OIL|Res,2016,1.0,4305.4811794,292.8996798
Delta|Estimate-Heating Oil|OIL|Res,2017,1.0,3965.0811412,270.3702562
Delta|Estimate-Propane|DPRO|Res,2014,1.0,6575.872829,400.66159286
Delta|Estimate-Propane|DPRO|Res,2015,1.0,7189.340174999999,438.54718272
Delta|Estimate-Propane|DPRO|Res,2016,1.0,7802.807521,476.43277258
Delta|Estimate-Propane|DPRO|Res,2017,1.0,8416.274867,514.31836244
Delta|Estimate-Wood|WOOD|Res,2014,1.0,55268.252516,2759.3059332000003
Delta|Estimate-Wood|WOOD|Res,2015,1.0,53618.668712,2579.8538964
Delta|Estimate-Wood|WOOD|Res,2016,1.0,51969.084908000004,2400.4018596
Delta|Estimate-Wood|WOOD|Res,2017,1.0,50319.501104,2220.9498228
Golden|Cal-gas|PPRO|CSMI,2012,2.0,228.8,13.937401320000001
Golden|Cal-gas|PPRO|CSMI,2013,1.0,232.2,14.13883158
Golden|Cal-gas|PPRO|CSMI,2014,1.0,235.6,14.34026184
Golden|Cal-gas|PPRO|Res,2013,24.0,1341.0,81.65751365
Grand Forks|City of Grand Forks|ELEC|CSMI,2013,322.0,20804040.5,531.3547333
Grand Forks|City of Grand Forks|ELEC|Res,2013,1879.0,18297239.5,463.65963469999997
Grand Forks|Fortis Electric|ELEC|CSMI,2013,379.0,88504240.91,2192.9528014999996
Grand Forks|Fortis Electric|ELEC|Res,2013,153.0,1815851.3605,45.835991315
Highlands|Estimate-Heating Oil|OIL|Res,2016,1.0,316.48054876666663,21.470001659999998
Highlands|Estimate-Heating Oil|OIL|Res,2017,1.0,269.4453282333333,18.33874647
Highlands|Estimate-Propane|DPRO|Res,2016,1.0,53.34691607333333,3.2522548959999997
Highlands|Estimate-Propane|DPRO|Res,2017,1.0,57.74024389666667,3.525982564
Highlands|Estimate-Wood|WOOD|Res,2016,1.0,699.4396218,33.55613048666667
Highlands|Estimate-Wood|WOOD|Res,2017,1.0,745.7187305,33.38854996333333
Ladysmith|Fortis Gas|NG|CSMI,2020,104.0,119637.90685,6015.669263
Lake Country|Fortis Electric|ELEC|CSMI,2012,17.0,902903.5036363637,24.79995560890909
Lake Country|Fortis Electric|ELEC|CSMI,2013,24.0,859238.2254545455,22.593981028363636
Lake Country|Fortis Electric|ELEC|CSMI,2014,30.0,815572.9472727273,20.388006447818185
Lake Country|Fortis Electric|ELEC|CSMI,2015,36.0,771907.6690909091,18.182031867272727
Lake Country|Fortis Electric|ELEC|CSMI,2016,42.0,728242.3909090909,15.976057286727276
Lake Country|Fortis Electric|ELEC|CSMI,2017,48.0,684577.1127272728,13.770082706181821
Lake Country|Fortis Electric|ELEC|CSMI,2018,54.0,640911.8345454545,11.564108125636366
Lake Country|Fortis Electric|ELEC|CSMI,2019,61.0,597246.5563636364,9.358133545090912
Lake Country|Fortis Electric|ELEC|CSMI,2020,67.0,553581.2781818181,7.152158964545457
Lake Country|Fortis Electric|ELEC|CSMI,2022,73.0,509916.0,4.946184384
Lake Country|Fortis Electric|ELEC|Res,2012,95.0,1656935.7703636363,43.49581473818182
Lake Country|Fortis Electric|ELEC|Res,2013,102.0,1638998.1555454545,40.27475985727273
Lake Country|Fortis Electric|ELEC|Res,2014,110.0,1621060.5407272726,37.05370497636363
Lake Country|Fortis Electric|ELEC|Res,2015,117.0,1603122.9259090908,33.83265009545455
Lake Country|Fortis Electric|ELEC|Res,2016,124.0,1585185.3110909092,30.611595214545453
Lake Country|Fortis Electric|ELEC|Res,2017,131.0,1567247.6962727273,27.390540333636363
Lake Country|Fortis Electric|ELEC|Res,2018,138.0,1549310.0814545455,24.169485452727272
Lake Country|Fortis Electric|ELEC|Res,2019,145.0,1531372.4666363636,20.948430571818182
Lake Country|Fortis Electric|ELEC|Res,2020,153.0,1513434.8518181818,17.727375690909092
Lake Country|Fortis Electric|ELEC|Res,2022,159.7636933,1495497.237,14.50632081
Langley City|Fortis Gas|NG|CSMI,2022,1591.0,1037135.789,52113.90645
Nelson|Nelson Electric|ELEC|CSMI,2013,1011.0,48694139.155,1230.7963359999999
Nelson|Nelson Electric|ELEC|Res,2013,4945.0,44770720.345,1136.80719925
New Westminster|New Westminster Electrical Utility|ELEC|CSMI,2013,2578.0,253398403.0,6431.3510504999995
New Westminster|New Westminster Electrical Utility|ELEC|Res,2013,29195.0,191066178.5,4832.4824260000005
North Vancouver City|Estimate-Heating Oil|OIL|Res,2014,1.0,2528.2829708,171.3717179
North Vancouver City|Estimate-Heating Oil|OIL|Res,2015,1.0,2374.5915516,161.2384052
North Vancouver City|Estimate-Heating Oil|OIL|Res,2016,1.0,2220.9001324,151.1050925
North Vancouver City|Estimate-Heating Oil|OIL|Res,2017,1.0,2067.2087131999997,140.9717798
North Vancouver City|Estimate-Propane|DPRO|Res,2014,1.0,3355.0324628,204.42880876
North Vancouver City|Estimate-Propane|DPRO|Res,2015,1.0,3708.0045566,226.20055662
North Vancouver City|Estimate-Propane|DPRO|Res,2016,1.0,4060.9766504,247.97230448
North Vancouver City|Estimate-Propane|DPRO|Res,2017,1.0,4413.9487442,269.74405234
North Vancouver City|Estimate-Wood|WOOD|Res,2014,1.0,28065.121194,1399.274214
North Vancouver City|Estimate-Wood|WOOD|Res,2015,1.0,27472.214828,1318.889109
North Vancouver City|Estimate-Wood|WOOD|Res,2016,1.0,26879.308461999997,1238.504004
North Vancouver City|Estimate-Wood|WOOD|Res,2017,1.0,26286.402095999998,1158.118899
North Vancouver District|Estimate-Heating Oil|OIL|Res,2014,1.0,4312.5038263999995,292.28629026
North Vancouver District|Estimate-Heating Oil|OIL|Res,2015,1.0,4008.8645198,272.17093942
North Vancouver District|Estimate-Heating Oil|OIL|Res,2016,1.0,3705.2252132,252.05558858
North Vancouver District|Estimate-Heating Oil|OIL|Res,2017,1.0,3401.5859066000003,231.94023774
North Vancouver District|Estimate-Propane|DPRO|Res,2014,1.0,5677.1633842,345.8992493
North Vancouver District|Estimate-Propane|DPRO|Res,2015,1.0,6187.2601444,377.4140137
North Vancouver District|Estimate-Propane|DPRO|Res,2016,1.0,6697.3569046,408.92877810000005
North Vancouver District|Estimate-Propane|DPRO|Res,2017,1.0,7207.4536648,440.44354250000004
North Vancouver District|Estimate-Wood|WOOD|Res,2014,1.0,47779.801246,2386.3662096
North Vancouver District|Estimate-Wood|WOOD|Res,2015,1.0,46234.166112,2225.9820742
North Vancouver District|Estimate-Wood|WOOD|Res,2016,1.0,44688.530978,2065.5979388
North Vancouver District|Estimate-Wood|WOOD|Res,2017,1.0,43142.895844,1905.2138034
Penticton|City of Penticton |ELEC|CSMI,2013,1752.0,157808290.0,3889.261189
Penticton|City of Penticton |ELEC|Res,2013,15446.0,185936070.0,4779.827727
Penticton|Fortis Electric|ELEC|CSMI,2013,262.0,15299438.780000001,387.22480674999997
Penticton|Fortis Electric|ELEC|Res,2013,53.0,714418.7026,18.123783095
Port Alberni|BC Hydro|ELEC|Res,2020,8734.0,97863060.58500001,847.1405771
Port Alice|Port Alice Gas|PPRO|CSMI,2013,14.0,4933.5,300.5170544
Port Alice|Port Alice Gas|PPRO|Res,2013,226.0,7620.0,464.124438
Richmond|Estimate-Heating Oil|OIL|Res,2014,1.0,8509.0955144,576.7479907
Richmond|Estimate-Heating Oil|OIL|Res,2015,1.0,7966.2744838,540.8993825
Richmond|Estimate-Heating Oil|OIL|Res,2016,1.0,7423.4534532,505.0507743
Richmond|Estimate-Heating Oil|OIL|Res,2017,1.0,6880.6324226,469.2021661
Richmond|Estimate-Propane|DPRO|Res,2014,1.0,11263.518522,686.2952908
Richmond|Estimate-Propane|DPRO|Res,2015,1.0,12394.800134,756.1057719999999
Richmond|Estimate-Propane|DPRO|Res,2016,1.0,13526.081746,825.9162531999999
Richmond|Estimate-Propane|DPRO|Res,2017,1.0,14657.363357999999,895.7267343999999
Richmond|Estimate-Wood|WOOD|Res,2014,1.0,94398.858732,4709.1099544
Richmond|Estimate-Wood|WOOD|Res,2015,1.0,92074.171254,4424.2301388000005
Richmond|Estimate-Wood|WOOD|Res,2016,1.0,89749.483776,4139.3503232
Richmond|Estimate-Wood|WOOD|Res,2017,1.0,87424.796298,3854.4705076
Summerland|City of Summerland |ELEC|CSMI,2013,576.0,33850480.5,859.16893175
Summerland|City of Summerland |ELEC|Res,2013,5043.0,61636999.5,1549.4751365
Summerland|Fortis Electric|ELEC|CSMI,2012,4.0,25727476.272727273,377.96178759090907
Summerland|Fortis Electric|ELEC|CSMI,2013,4.0,34628087.90909091,450.03044963636364
Summerland|Fortis Electric|ELEC|CSMI,2014,4.0,43528699.54545455,522.0991116818182
Summerland|Fortis Electric|ELEC|CSMI,2015,4.0,52429311.18181819,594.1677737272727
Summerland|Fortis Electric|ELEC|CSMI,2016,4.0,61329922.81818182,666.2364357727272
Summerland|Fortis Electric|ELEC|CSMI,2017,4.0,70230534.45454545,738.3050978181817
Summerland|Fortis Electric|ELEC|CSMI,2018,4.0,79131146.0909091,810.3737598636362
Summerland|Fortis Electric|ELEC|CSMI,2019,4.0,88031757.72727273,882.4424219090907
Summerland|Fortis Electric|ELEC|CSMI,2020,4.0,96932369.36363637,954.5110839545453
Summerland|Fortis Electric|ELEC|CSMI,2022,4.0,105832981.0,1026.579746
Tofino|BC Hydro|ELEC|Res,2020,1332.0,22270900.025,193.38667985
Vancouver|Estimate-Heating Oil|OIL|Res,2015,1.0,32473.273805,2201.57716125
Vancouver|Estimate-Heating Oil|OIL|Res,2016,1.0,29113.86021,1978.1449535
Vancouver|Estimate-Heating Oil|OIL|Res,2017,1.0,25754.446615,1754.71274575
Vancouver|Estimate-Propane|DPRO|Res,2015,1.0,35016.043635,2134.8363915
Vancouver|Estimate-Propane|DPRO|Res,2016,1.0,41940.734039999996,2560.485296
Vancouver|Estimate-Propane|DPRO|Res,2017,1.0,48865.424445,2986.1342004999997
Vancouver|Estimate-Wood|WOOD|Res,2015,1.0,289370.827,14212.5285475
Vancouver|Estimate-Wood|WOOD|Res,2016,1.0,293149.3145,13679.472614999999
Vancouver|Estimate-Wood|WOOD|Res,2017,1.0,296927.802,13146.4166825
West Vancouver|Estimate-Heating Oil|OIL|Res,2014,1.0,3675.1489552000003,249.08756454000002
West Vancouver|Estimate-Heating Oil|OIL|Res,2015,1.0,3414.4891834,231.81573128000002
West Vancouver|Estimate-Heating Oil|OIL|Res,2016,1.0,3153.8294116,214.54389802
West Vancouver|Estimate-Heating Oil|OIL|Res,2017,1.0,2893.1696398000004,197.27206476
West Vancouver|Estimate-Propane|DPRO|Res,2014,1.0,4836.0415144,294.65022622000004
West Vancouver|Estimate-Propane|DPRO|Res,2015,1.0,5266.5467788,321.25044534
West Vancouver|Estimate-Propane|DPRO|Res,2016,1.0,5697.052043199999,347.85066446
West Vancouver|Estimate-Propane|DPRO|Res,2017,1.0,6127.5573076,374.45088358
West Vancouver|Estimate-Wood|WOOD|Res,2014,1.0,40714.155374,2033.6621845999998
West Vancouver|Estimate-Wood|WOOD|Res,2015,1.0,39372.534448,1895.9180792
West Vancouver|Estimate-Wood|WOOD|Res,2016,1.0,38030.913522,1758.1739737999999
West Vancouver|Estimate-Wood|WOOD|Res,2017,1.0,36689.292596,1620.4298684
