CSD Code 2011,CSD Name 2011,Census Population 2011,GNR 2011,Income 2011,Education 2011,Housing 2011,Labour Force Activity 2011,CWB 2011,Community Type / Type de communauté 2011
5901003,Elkford,2523.0,49.0,86.0,61.0,98.0,89.0,84.0,Non-Indigenous Community / Communauté non-Autochtone
5901006,Sparwood,3667.0,41.0,86.0,60.0,96.0,87.0,82.0,Non-Indigenous Community / Communauté non-Autochtone
5901012,Fernie,4448.0,46.0,83.0,70.0,96.0,91.0,85.0,Non-Indigenous Community / Communauté non-Autochtone
5901022,Cranbrook,19319.0,29.1,74.0,59.0,96.0,87.0,79.0,Non-Indigenous Community / Communauté non-Autochtone
5901028,Kimberley,6652.0,36.6,74.0,65.0,92.0,83.0,78.0,Non-Indigenous Community / Communauté non-Autochtone
5901039,Invermere,2955.0,46.9,83.0,66.0,93.0,88.0,82.0,Non-Indigenous Community / Communauté non-Autochtone
5901040,Radium Hot Springs,777.0,56.2,70.0,61.0,99.0,78.0,77.0,Non-Indigenous Community / Communauté non-Autochtone
5901043,Canal Flats,715.0,51.0,71.0,56.0,96.0,91.0,79.0,Non-Indigenous Community / Communauté non-Autochtone
5903004,Creston,5306.0,32.4,71.0,58.0,92.0,84.0,76.0,Non-Indigenous Community / Communauté non-Autochtone
5903011,Salmo,1139.0,53.0,63.0,51.0,95.0,82.0,73.0,Non-Indigenous Community / Communauté non-Autochtone
5903015,Nelson,10230.0,28.3,75.0,70.0,94.0,85.0,81.0,Non-Indigenous Community / Communauté non-Autochtone
5903023,Kaslo,1026.0,46.8,68.0,66.0,90.0,74.0,74.0,Non-Indigenous Community / Communauté non-Autochtone
5903032,New Denver,504.0,47.3,71.0,61.0,94.0,78.0,76.0,Non-Indigenous Community / Communauté non-Autochtone
5903045,Castlegar,7816.0,24.1,75.0,61.0,95.0,84.0,79.0,Non-Indigenous Community / Communauté non-Autochtone
5903050,Nakusp,1569.0,41.3,67.0,54.0,93.0,81.0,74.0,Non-Indigenous Community / Communauté non-Autochtone
5905005,Fruitvale,2016.0,40.5,78.0,57.0,92.0,81.0,77.0,Non-Indigenous Community / Communauté non-Autochtone
5905009,Montrose,1030.0,37.5,83.0,60.0,95.0,86.0,81.0,Non-Indigenous Community / Communauté non-Autochtone
5905014,Trail,7681.0,28.2,76.0,58.0,93.0,83.0,78.0,Non-Indigenous Community / Communauté non-Autochtone
5905018,Warfield,1700.0,31.7,81.0,67.0,92.0,89.0,82.0,Non-Indigenous Community / Communauté non-Autochtone
5905023,Rossland,3556.0,48.7,80.0,73.0,95.0,85.0,83.0,Non-Indigenous Community / Communauté non-Autochtone
5905032,Grand Forks,3985.0,45.8,70.0,56.0,95.0,79.0,75.0,Non-Indigenous Community / Communauté non-Autochtone
5905037,Midway,674.0,48.9,66.0,58.0,97.0,72.0,73.0,Non-Indigenous Community / Communauté non-Autochtone
5905042,Greenwood,708.0,54.9,64.0,53.0,95.0,67.0,70.0,Non-Indigenous Community / Communauté non-Autochtone
5907005,Osoyoos,4845.0,38.5,75.0,58.0,96.0,81.0,77.0,Non-Indigenous Community / Communauté non-Autochtone
5907009,Keremeos,1330.0,61.8,58.0,42.0,92.0,60.0,63.0,Non-Indigenous Community / Communauté non-Autochtone
5907014,Oliver,4824.0,50.2,71.0,56.0,93.0,83.0,76.0,Non-Indigenous Community / Communauté non-Autochtone
5907024,Princeton,2724.0,48.6,76.0,48.0,96.0,79.0,75.0,Non-Indigenous Community / Communauté non-Autochtone
5907035,Summerland,11280.0,28.2,76.0,63.0,97.0,85.0,80.0,Non-Indigenous Community / Communauté non-Autochtone
5907041,Penticton,32877.0,27.7,72.0,60.0,96.0,86.0,78.0,Non-Indigenous Community / Communauté non-Autochtone
5909009,Hope,5969.0,39.7,69.0,56.0,94.0,79.0,75.0,Non-Indigenous Community / Communauté non-Autochtone
5909020,Chilliwack,77936.0,22.2,72.0,60.0,96.0,86.0,78.0,Non-Indigenous Community / Communauté non-Autochtone
5909027,Harrison Hot Springs,1468.0,42.4,74.0,64.0,97.0,79.0,79.0,Non-Indigenous Community / Communauté non-Autochtone
5909032,Kent,5664.0,36.1,71.0,58.0,95.0,87.0,78.0,Non-Indigenous Community / Communauté non-Autochtone
5909052,Abbotsford,133497.0,32.3,72.0,60.0,93.0,87.0,78.0,Non-Indigenous Community / Communauté non-Autochtone
5909056,Mission,36426.0,28.8,72.0,60.0,96.0,87.0,79.0,Non-Indigenous Community / Communauté non-Autochtone
5915001,Langley Township,104177.0,25.4,78.0,66.0,97.0,89.0,82.0,Non-Indigenous Community / Communauté non-Autochtone
5915002,Langley City,25081.0,24.1,73.0,60.0,95.0,87.0,79.0,Non-Indigenous Community / Communauté non-Autochtone
5915004,Surrey,468251.0,26.5,72.0,63.0,92.0,86.0,78.0,Non-Indigenous Community / Communauté non-Autochtone
5915007,White Rock,19339.0,25.0,84.0,71.0,95.0,87.0,84.0,Non-Indigenous Community / Communauté non-Autochtone
5915011,Delta,99863.0,22.2,79.0,67.0,95.0,88.0,82.0,Non-Indigenous Community / Communauté non-Autochtone
5915015,Richmond,190473.0,20.5,73.0,71.0,92.0,84.0,80.0,Non-Indigenous Community / Communauté non-Autochtone
5915022,Vancouver,603502.0,24.5,81.0,72.0,92.0,86.0,83.0,Non-Indigenous Community / Communauté non-Autochtone
5915025,Burnaby,223218.0,23.6,74.0,71.0,92.0,85.0,80.0,Non-Indigenous Community / Communauté non-Autochtone
5915029,New Westminster,65976.0,26.5,77.0,69.0,91.0,87.0,81.0,Non-Indigenous Community / Communauté non-Autochtone
5915034,Coquitlam,126456.0,22.5,76.0,71.0,94.0,86.0,82.0,Non-Indigenous Community / Communauté non-Autochtone
5915036,Belcarra,644.0,26.4,100.0,78.0,99.0,85.0,91.0,Non-Indigenous Community / Communauté non-Autochtone
5915038,Anmore,2092.0,28.5,94.0,75.0,97.0,88.0,88.0,Non-Indigenous Community / Communauté non-Autochtone
5915039,Port Coquitlam,56342.0,21.8,76.0,68.0,95.0,89.0,82.0,Non-Indigenous Community / Communauté non-Autochtone
5915043,Port Moody,32975.0,24.6,82.0,75.0,95.0,88.0,85.0,Non-Indigenous Community / Communauté non-Autochtone
5915046,North Vancouver District,84412.0,20.9,86.0,77.0,96.0,89.0,87.0,Non-Indigenous Community / Communauté non-Autochtone
5915051,North Vancouver City,48196.0,25.8,81.0,73.0,93.0,89.0,84.0,Non-Indigenous Community / Communauté non-Autochtone
5915055,West Vancouver,42694.0,27.9,99.0,82.0,96.0,83.0,90.0,Non-Indigenous Community / Communauté non-Autochtone
5915062,Bowen Island,3402.0,51.0,85.0,83.0,89.0,89.0,87.0,Non-Indigenous Community / Communauté non-Autochtone
5915065,Lions Bay,1318.0,48.7,93.0,83.0,97.0,84.0,89.0,Non-Indigenous Community / Communauté non-Autochtone
5915070,Pitt Meadows,17736.0,24.4,76.0,65.0,96.0,90.0,82.0,Non-Indigenous Community / Communauté non-Autochtone
5915075,Maple Ridge,76052.0,26.7,76.0,64.0,96.0,88.0,81.0,Non-Indigenous Community / Communauté non-Autochtone
5917005,North Saanich,11089.0,20.6,88.0,74.0,97.0,86.0,86.0,Non-Indigenous Community / Communauté non-Autochtone
5917010,Sidney,11178.0,21.4,79.0,65.0,96.0,86.0,82.0,Non-Indigenous Community / Communauté non-Autochtone
5917015,Central Saanich,15936.0,18.7,83.0,69.0,96.0,89.0,84.0,Non-Indigenous Community / Communauté non-Autochtone
5917021,Saanich,109752.0,21.4,80.0,72.0,96.0,88.0,84.0,Non-Indigenous Community / Communauté non-Autochtone
5917030,Oak Bay,18015.0,18.9,90.0,80.0,97.0,87.0,88.0,Non-Indigenous Community / Communauté non-Autochtone
5917034,Victoria,80017.0,24.6,78.0,73.0,94.0,87.0,83.0,Non-Indigenous Community / Communauté non-Autochtone
5917040,Esquimalt,16209.0,27.8,76.0,64.0,95.0,88.0,81.0,Non-Indigenous Community / Communauté non-Autochtone
5917041,Colwood,16093.0,16.9,78.0,65.0,97.0,89.0,82.0,Non-Indigenous Community / Communauté non-Autochtone
5917042,Metchosin,4803.0,29.8,83.0,68.0,96.0,88.0,84.0,Non-Indigenous Community / Communauté non-Autochtone
5917044,Langford,29228.0,24.0,77.0,65.0,98.0,90.0,82.0,Non-Indigenous Community / Communauté non-Autochtone
5917047,View Royal,9381.0,18.4,81.0,69.0,96.0,89.0,84.0,Non-Indigenous Community / Communauté non-Autochtone
5917049,Highlands,2120.0,33.0,85.0,68.0,98.0,89.0,85.0,Non-Indigenous Community / Communauté non-Autochtone
5917052,Sooke,11435.0,30.5,74.0,64.0,97.0,87.0,80.0,Non-Indigenous Community / Communauté non-Autochtone
5919008,North Cowichan,28807.0,22.6,74.0,62.0,96.0,85.0,79.0,Non-Indigenous Community / Communauté non-Autochtone
5919012,Duncan,4932.0,29.5,70.0,58.0,95.0,82.0,76.0,Non-Indigenous Community / Communauté non-Autochtone
5919016,Lake Cowichan,2974.0,28.0,72.0,57.0,95.0,79.0,76.0,Non-Indigenous Community / Communauté non-Autochtone
5919021,Ladysmith,7921.0,26.9,75.0,63.0,96.0,86.0,80.0,Non-Indigenous Community / Communauté non-Autochtone
5921007,Nanaimo,83810.0,20.5,74.0,65.0,96.0,85.0,80.0,Non-Indigenous Community / Communauté non-Autochtone
5921008,Lantzville,3601.0,30.0,80.0,68.0,95.0,85.0,82.0,Non-Indigenous Community / Communauté non-Autochtone
5921018,Parksville,11977.0,20.3,74.0,62.0,97.0,81.0,78.0,Non-Indigenous Community / Communauté non-Autochtone
5921023,Qualicum Beach,8687.0,24.6,79.0,67.0,98.0,79.0,81.0,Non-Indigenous Community / Communauté non-Autochtone
5923008,Port Alberni,17743.0,24.6,69.0,54.0,94.0,78.0,74.0,Non-Indigenous Community / Communauté non-Autochtone
5923019,Ucluelet,1627.0,52.5,74.0,62.0,92.0,89.0,79.0,Non-Indigenous Community / Communauté non-Autochtone
5924025,Gold River,1267.0,52.7,76.0,58.0,97.0,89.0,80.0,Non-Indigenous Community / Communauté non-Autochtone
5924034,Campbell River,31186.0,22.0,74.0,59.0,95.0,84.0,78.0,Non-Indigenous Community / Communauté non-Autochtone
5924039,Sayward,317.0,41.5,79.0,52.0,92.0,73.0,74.0,Non-Indigenous Community / Communauté non-Autochtone
5926005,Comox,13627.0,19.5,78.0,67.0,97.0,87.0,82.0,Non-Indigenous Community / Communauté non-Autochtone
5926010,Courtenay,24099.0,20.5,73.0,60.0,96.0,83.0,78.0,Non-Indigenous Community / Communauté non-Autochtone
5926014,Cumberland,3398.0,37.0,68.0,58.0,94.0,86.0,76.0,Non-Indigenous Community / Communauté non-Autochtone
5927008,Powell River,13165.0,23.2,73.0,59.0,96.0,82.0,78.0,Non-Indigenous Community / Communauté non-Autochtone
5929005,Gibsons,4437.0,26.3,77.0,67.0,93.0,86.0,81.0,Non-Indigenous Community / Communauté non-Autochtone
5929011,Sechelt,9291.0,41.4,80.0,68.0,98.0,87.0,83.0,Non-Indigenous Community / Communauté non-Autochtone
5931006,Squamish,17158.0,29.2,76.0,66.0,94.0,90.0,81.0,Non-Indigenous Community / Communauté non-Autochtone
5931012,Pemberton,2369.0,50.6,78.0,72.0,93.0,94.0,84.0,Non-Indigenous Community / Communauté non-Autochtone
5931020,Whistler,9824.0,46.3,85.0,77.0,94.0,91.0,87.0,Non-Indigenous Community / Communauté non-Autochtone
5931026,Lillooet,2322.0,31.0,73.0,59.0,91.0,77.0,75.0,Non-Indigenous Community / Communauté non-Autochtone
5933006,Merritt,7113.0,45.0,74.0,58.0,93.0,82.0,77.0,Non-Indigenous Community / Communauté non-Autochtone
5933019,Ashcroft,1628.0,32.2,75.0,56.0,95.0,82.0,77.0,Non-Indigenous Community / Communauté non-Autochtone
5933024,Cache Creek,1040.0,39.1,71.0,43.0,97.0,86.0,74.0,Non-Indigenous Community / Communauté non-Autochtone
5933028,Clinton,636.0,57.9,69.0,46.0,96.0,77.0,72.0,Non-Indigenous Community / Communauté non-Autochtone
5933035,Logan Lake,2073.0,48.9,76.0,57.0,98.0,83.0,78.0,Non-Indigenous Community / Communauté non-Autochtone
5933042,Kamloops,85678.0,26.8,77.0,64.0,96.0,86.0,81.0,Non-Indigenous Community / Communauté non-Autochtone
5933054,Chase,2495.0,45.0,72.0,51.0,95.0,84.0,75.0,Non-Indigenous Community / Communauté non-Autochtone
5935010,Kelowna,117312.0,28.1,77.0,65.0,97.0,87.0,81.0,Non-Indigenous Community / Communauté non-Autochtone
5935016,Lake Country,11708.0,24.0,74.0,62.0,96.0,88.0,80.0,Non-Indigenous Community / Communauté non-Autochtone
5935018,Peachland,5200.0,33.1,77.0,65.0,98.0,82.0,80.0,Non-Indigenous Community / Communauté non-Autochtone
5937005,Lumby,1731.0,50.5,66.0,58.0,95.0,80.0,75.0,Non-Indigenous Community / Communauté non-Autochtone
5937010,Coldstream,10314.0,24.9,78.0,68.0,97.0,86.0,82.0,Non-Indigenous Community / Communauté non-Autochtone
5937014,Vernon,38150.0,26.9,74.0,61.0,95.0,84.0,78.0,Non-Indigenous Community / Communauté non-Autochtone
5937024,Spallumcheen,5055.0,45.4,72.0,58.0,91.0,86.0,77.0,Non-Indigenous Community / Communauté non-Autochtone
5937028,Armstrong,4815.0,30.4,70.0,58.0,95.0,86.0,77.0,Non-Indigenous Community / Communauté non-Autochtone
5937033,Enderby,2932.0,44.3,69.0,54.0,95.0,82.0,75.0,Non-Indigenous Community / Communauté non-Autochtone
5939007,Golden,3701.0,54.9,78.0,61.0,96.0,87.0,81.0,Non-Indigenous Community / Communauté non-Autochtone
5939019,Revelstoke,7139.0,43.0,75.0,62.0,95.0,84.0,79.0,Non-Indigenous Community / Communauté non-Autochtone
5939032,Salmon Arm,17464.0,22.8,71.0,61.0,94.0,86.0,78.0,Non-Indigenous Community / Communauté non-Autochtone
5939045,Sicamous,2441.0,50.4,71.0,46.0,95.0,76.0,72.0,Non-Indigenous Community / Communauté non-Autochtone
5941005,One Hundred Mile House,1886.0,52.9,70.0,54.0,95.0,79.0,75.0,Non-Indigenous Community / Communauté non-Autochtone
5941009,Williams Lake,10832.0,22.9,73.0,58.0,93.0,85.0,77.0,Non-Indigenous Community / Communauté non-Autochtone
5941013,Quesnel,10007.0,20.4,72.0,53.0,94.0,82.0,75.0,Non-Indigenous Community / Communauté non-Autochtone
5943008,Alert Bay,445.0,47.9,71.0,51.0,90.0,92.0,76.0,Non-Indigenous Community / Communauté non-Autochtone
5943012,Port McNeill,2505.0,35.1,77.0,55.0,97.0,89.0,80.0,Non-Indigenous Community / Communauté non-Autochtone
5943017,Port Alice,805.0,51.7,82.0,57.0,93.0,86.0,79.0,Non-Indigenous Community / Communauté non-Autochtone
5943023,Port Hardy,4008.0,36.9,74.0,58.0,94.0,87.0,78.0,Non-Indigenous Community / Communauté non-Autochtone
5947007,Port Edward,544.0,54.6,64.0,63.0,71.0,85.0,71.0,Non-Indigenous Community / Communauté non-Autochtone
5947012,Prince Rupert,12508.0,27.7,72.0,54.0,91.0,82.0,75.0,Non-Indigenous Community / Communauté non-Autochtone
5947023,Masset,884.0,51.0,71.0,55.0,89.0,82.0,74.0,Non-Indigenous Community / Communauté non-Autochtone
5947026,Queen Charlotte,944.0,60.6,83.0,69.0,89.0,89.0,83.0,Non-Indigenous Community / Communauté non-Autochtone
5947030,Port Clements,378.0,51.1,69.0,47.0,91.0,89.0,74.0,Non-Indigenous Community / Communauté non-Autochtone
5949005,Kitimat,8335.0,17.6,80.0,56.0,95.0,82.0,78.0,Non-Indigenous Community / Communauté non-Autochtone
5949011,Terrace,11486.0,20.9,74.0,59.0,94.0,86.0,78.0,Non-Indigenous Community / Communauté non-Autochtone
5949024,New Hazelton,666.0,39.7,67.0,64.0,93.0,76.0,75.0,Non-Indigenous Community / Communauté non-Autochtone
5949032,Stewart,494.0,62.1,84.0,61.0,83.0,87.0,79.0,Non-Indigenous Community / Communauté non-Autochtone
5951007,Vanderhoof,4480.0,26.4,76.0,57.0,95.0,85.0,78.0,Non-Indigenous Community / Communauté non-Autochtone
5951009,Fraser Lake,1167.0,41.1,75.0,48.0,94.0,88.0,76.0,Non-Indigenous Community / Communauté non-Autochtone
5951013,Fort St. James,1691.0,36.9,69.0,53.0,91.0,84.0,74.0,Non-Indigenous Community / Communauté non-Autochtone
5951022,Burns Lake,2029.0,27.2,68.0,54.0,91.0,81.0,74.0,Non-Indigenous Community / Communauté non-Autochtone
5951032,Granisle,303.0,44.3,70.0,50.0,88.0,74.0,71.0,Non-Indigenous Community / Communauté non-Autochtone
5951034,Houston,3147.0,25.0,79.0,57.0,93.0,87.0,79.0,Non-Indigenous Community / Communauté non-Autochtone
5951038,Telkwa,1350.0,43.9,72.0,61.0,96.0,88.0,79.0,Non-Indigenous Community / Communauté non-Autochtone
5951043,Smithers,5404.0,26.6,74.0,60.0,97.0,88.0,80.0,Non-Indigenous Community / Communauté non-Autochtone
5953007,Valemount,1020.0,33.1,72.0,50.0,94.0,85.0,76.0,Non-Indigenous Community / Communauté non-Autochtone
5953012,McBride,586.0,36.7,58.0,47.0,90.0,78.0,68.0,Non-Indigenous Community / Communauté non-Autochtone
5953023,Prince George,71974.0,22.0,76.0,60.0,95.0,86.0,79.0,Non-Indigenous Community / Communauté non-Autochtone
5953033,Mackenzie,3507.0,49.3,75.0,57.0,93.0,88.0,78.0,Non-Indigenous Community / Communauté non-Autochtone
5955003,Tumbler Ridge,2710.0,35.5,82.0,53.0,92.0,88.0,79.0,Non-Indigenous Community / Communauté non-Autochtone
5955005,Pouce Coupe,738.0,54.2,74.0,47.0,96.0,84.0,75.0,Non-Indigenous Community / Communauté non-Autochtone
5955010,Chetwynd,2635.0,30.4,79.0,59.0,92.0,88.0,79.0,Non-Indigenous Community / Communauté non-Autochtone
5955014,Dawson Creek,11583.0,25.9,77.0,56.0,93.0,89.0,79.0,Non-Indigenous Community / Communauté non-Autochtone
5955025,Hudson's Hope,970.0,49.2,80.0,56.0,96.0,89.0,80.0,Non-Indigenous Community / Communauté non-Autochtone
5955030,Taylor,1373.0,39.1,77.0,48.0,95.0,85.0,76.0,Non-Indigenous Community / Communauté non-Autochtone
5955034,Fort St. John,18609.0,16.8,81.0,58.0,95.0,90.0,81.0,Non-Indigenous Community / Communauté non-Autochtone
