ORG_NAME,2016 EMISSIONS tCO2e,2021 EMISSIONS tCO2e,emissions_percent_change
Abbotsford,926180.582000217,1045920.864111394,12.928394790201825
Alert Bay,1602.7056007429999,1271.1132675019999,-20.68953481458334
Anmore,11972.111511849,11346.476952846,-5.2257662182965685
Armstrong,36938.412982625,34174.237767963,-7.4831997139731055
Ashcroft,19076.397754036,18992.356237581,-0.4405523387517899
Barriere,11122.428307148999,12372.154432995,11.236090638972536
Belcarra,3810.28199775,3681.323393489,-3.3844897657745783
Bowen Island,16206.590860409,13861.460218588,-14.470227958613483
Burnaby,1902974.3429885658,1843036.8247849261,-3.1496755815167496
Burns Lake,26518.719097515,40317.978698396,52.03592055158536
Cache Creek,32515.354583418,30644.167461093,-5.754779999475262
Campbell River,206094.690897221,636105.6246875069,208.64726399222556
Canal Flats,4846.053628992,5494.212616707,13.374985861430094
Castlegar,171908.191307626,222786.960159919,29.59647732041258
Central Saanich,90331.916781492,87697.086108915,-2.9168324623848148
Chase,15615.485482079,15307.035794305,-1.9752808078108768
Chetwynd,498407.75857035205,401233.038427234,-19.497031992811863
Chilliwack,497445.571073042,647252.4755657731,30.11523535521323
Clearwater,16935.175217871998,14398.026465173,-14.981532343530164
Clinton,7452.618830908,6561.613522619,-11.9556001521742
Coldstream,119663.354339892,158748.37350041402,32.662479984895675
Colwood,76949.038478484,77018.01186672601,0.08963515283078856
Comox,307790.151880402,299928.67363015097,-2.5541682221547393
Coquitlam,642869.6140806029,596484.8510591489,-7.215267607225603
Courtenay,118702.889482014,122488.94828616,3.1895253945942637
Cranbrook,152314.454016136,157557.911797968,3.4425214702713047
Creston,39681.903487083,38766.048570748,-2.3079913911718646
Cumberland,19038.107459404,20514.646719905002,7.75570399342218
Dawson Creek,1434304.762123134,1221043.0298132978,-14.868648417101737
Delta,1915963.848568617,2211028.627248965,15.400331217146194
Duncan,28161.74923177,32033.2901876,13.747515908785992
Elkford,1019133.672534027,1494884.532477043,46.68188999781397
Enderby,20659.921211077,20359.157981693003,-1.4557811054126346
Esquimalt,70717.68893469899,64509.909086845,-8.778256107303338
Fernie,50206.334842926,48258.340772532,-3.879976653321609
Fort St. James,51471.278538176004,122210.69543211801,137.43473817436828
Fort St. John,1139814.856900846,842328.180313856,-26.099561238906425
Fraser Lake,9545.15977926,7423.246459406,-22.23025458897561
Fruitvale,16040.901499921,16227.049501849,1.160458481270005
Gibsons,108978.48050605299,110676.923781948,1.5585125320229407
Gold River,5415.22641055,4950.374777119,-8.584158780976749
Golden,26943.473239138,21962.310017577,-18.4874577132297
Grand Forks,71255.889599006,59384.243539306,-16.660582201005322
Granisle,1584.772294011,1815.090197729,14.533185908688115
Greenwood,11399.948527528999,8009.530696449,-29.74064157300972
Harrison Hot Springs,11544.681593893001,11311.895302131,-2.0163942146758007
Hazelton,1110.1498635809999,890.101667177,-19.821485695110795
Highlands,15328.115224857,14686.429375105,-4.186332372498102
Hope,41241.998715148,75510.012592854,83.09009006665698
Houston,47473.607071112,47054.239238366,-0.883370484399506
Hudson's Hope,9985.799842576,8534.203204867,-14.536608590129081
Invermere,19557.251845148,19433.37869339,-0.6333873119741519
Kamloops,2305832.5643793917,2217470.94983719,-3.832091536359402
Kaslo,7374.624276248,7082.991968813,-3.954537838277147
Kelowna,712451.4370012151,722368.5674357021,1.3919728306295915
Kent,38448.644236235996,40180.363417396,4.503979829613717
Keremeos,8405.077727966,9585.0441972,14.038733577774408
Kimberley,88227.945648572,105963.094813758,20.101509827541868
Kitimat,1031791.441766135,673927.85899817,-34.68371303365376
Ladysmith,35262.678399871,44134.151822364,25.15825179781424
Lake Country,80066.917095347,90461.089908422,12.981857164173297
Lake Cowichan,15273.789891872,16636.019173357,8.918737858309246
Langford,164238.026240781,171503.835063808,4.423950402554732
Langley City,167561.36595197802,171022.651988998,2.0656826335564484
Langley Township,846128.476781896,878148.429788813,3.7842897249717216
Lantzville,18968.421659843,18575.346115343,-2.07226279312505
Lillooet,12409.495982297,10842.885773784,-12.624285553159257
Lions Bay,2075.292069872,1736.484490426,-16.325778157428072
Logan Lake,197397.264684478,195386.181447137,-1.0187999517397224
Lumby,20933.382823958,22627.300688494,8.091945190040343
Lytton,1012.649034826,845.830720553,-16.473458082312188
Mackenzie,397453.77846260904,317779.844645082,-20.046087906300393
Maple Ridge,397200.99564841,408876.41959387204,2.939424642277776
Masset,21458.291640104002,22057.536531728998,2.792602979190806
McBride,4026.366680577,3929.302102309,-2.410723760859505
Merritt,77778.34105928199,258304.016395671,232.10275878575746
Metchosin,26916.117137468,25308.160365795,-5.9739551713968435
Midway,4538.381146398,4766.786316506,5.032745438079375
Mission,209212.767248149,211243.550023972,0.9706782251076816
Montrose,5451.507621517,5218.210046868,-4.279505612872646
Nakusp,11621.920827824,10139.89538917,-12.75198360589317
Nanaimo,1847726.799144048,1740285.402253837,-5.814788037927615
Nelson,66224.061724255,72204.567497213,9.030714240784155
New Denver,2216.459114309,2652.707467879,19.682219751028608
New Hazelton,3170.086789644,2918.951431168,-7.922034163115213
New Westminster,356585.183899852,319385.701816245,-10.432144621593304
North Cowichan,1961209.665479058,1750845.292511959,-10.726256181065366
North Saanich,61518.201985331,55455.643671522,-9.85490166837876
North Vancouver City,164155.006584721,145634.928295712,-11.282067281603586
North Vancouver District,475639.178142359,448973.397248874,-5.606304551620415
Oak Bay,71904.977399626,63568.888768337,-11.59320110061305
Oliver,32506.343177138,34631.764342979004,6.53848128735635
One Hundred Mile House,25819.667760873,25729.403533712,-0.3495948437329794
Osoyoos,34072.354561752,34606.105070620004,1.5665207636315437
Parksville,62893.765583827,66962.16780513199,6.468689199221951
Peachland,32673.239841813,33197.679566968,1.6051047514543002
Pemberton,12943.395063091,13514.657561062,4.413544477213672
Penticton,199882.197780243,209336.937149023,4.730155798654386
Pitt Meadows,110353.224247314,101608.555960514,-7.9242526409579295
Port Alberni,540827.68418646,524799.313894291,-2.963674153677935
Port Alice,3867.487218209,3420.0011150670002,-11.570461074444781
Port Clements,2972.568819391,2200.309180207,-25.979537770372485
Port Coquitlam,304510.987110193,285197.89578511904,-6.342329880558682
Port Edward,1494.1430179039999,6434.243764655001,330.6310498764053
Port Hardy,20770.295697564998,16687.164401342,-19.65851307885656
Port McNeill,13749.470742501,12774.600543378001,-7.090237998104007
Port Moody,180790.00870072,142863.34334500998,-20.978297212482506
Pouce Coupe,7955.694753497,5871.160900679,-26.201782715478412
Powell River,981007.994408433,828652.709539894,-15.530483516641695
Prince George,9382306.22877501,5594125.257057346,-40.375797584814734
Prince Rupert,71632.278313079,99146.858272923,38.41086812789568
Princeton,52031.976539572,46417.478861177995,-10.790475495629117
Qualicum Beach,44250.060615231996,41875.626751996,-5.365944882838542
Queen Charlotte,2880.925609877,2686.279524886,-6.756373171305533
Quesnel,1620475.348139486,1608350.7412927921,-0.7482129771745377
Radium Hot Springs,4759.567810838,5377.547626572999,12.983948129235587
Revelstoke,49830.830237195,52261.041700464004,4.876923486326011
Richmond,1768293.859349054,1571563.881830087,-11.125412016721448
Rossland,22107.203736126998,22656.517879984,2.484774422010358
Saanich,391635.19331931,368084.87909229903,-6.0133294016326655
Salmo,12610.018827727,12598.089629779999,-0.09460095270255849
Salmon Arm,117801.074295593,124229.13422873401,5.456707395563608
Sayward,1397.531285946,1306.1023072970002,-6.542177593334583
Sechelt,56733.390720924,49738.077275074,-12.330152238318513
Sechelt IGD,4903.545649106,4472.2890764290005,-8.794790617593726
Sicamous,12145.841395729,12406.501258206,2.1460832064599535
Sidney,61683.765441316,45812.990914643,-25.729256982166493
Silverton,803.3080081520001,490.50663539,-38.93915778103541
Slocan,1467.509247346,1459.47535109,-0.5474511503439783
Smithers,56941.341386824,69172.33151753701,21.47998243951311
Sooke,54159.226852724,56307.476954005,3.9665449935664037
Spallumcheen,55770.827841393,356716.918867389,539.6120206102344
Sparwood,1395036.8115185362,1561839.1750016822,11.95684315323386
Squamish,76860.29042530799,107363.011589876,39.68593014127396
Stewart,4065.959360162,4010.2570815530003,-1.3699664378047383
Summerland,66423.849210579,70548.578787387,6.2097117614061235
Sun Peaks Mountain Resort,8267.964238433,9611.249493964,16.246868234950043
Surrey,2647518.57050387,2682291.466217026,1.3134146102151112
Tahsis,1740.568855258,1673.164796681,-3.8725304301166963
Taylor,977631.628558978,1099355.6964341342,12.450913444215853
Telkwa,9469.30852331,8365.927946905,-11.652176858414498
Terrace,79561.85811639001,105373.82817409199,32.44264358424358
Tofino,8740.259067148,7409.224353526,-15.22877872836696
Trail,591468.0016861539,561133.824178102,-5.12862528853217
Tumbler Ridge,83457.883094551,180851.525259373,116.69795416986905
Ucluelet,8612.277868813,8204.048467567001,-4.740086275250007
Valemount,7819.625571244,7393.324688684001,-5.451678966927571
Vancouver,3709082.6131638484,4236821.878595657,14.228296332867242
Vanderhoof,50634.585651835,47535.840377143,-6.119819555746076
Vernon,261996.922750517,279512.66975666303,6.6854781431250485
Victoria,346802.88708934205,314242.74020748003,-9.388660848568426
View Royal,45725.385426711,46234.582501833,1.1135982132685238
Warfield,8801.637692105,9071.466792152,3.065669247997273
Wells,1022.162363049,1139.167937958,11.446867849837973
West Kelowna,224272.059339362,237364.011169951,5.837531375577483
West Vancouver,233998.845879625,221269.159579613,-5.440063711493888
Whistler,100302.99690039101,97262.052451672,-3.0317583149972167
White Rock,93900.88722124201,88810.711656838,-5.4207960276359595
Williams Lake,706504.329912812,730098.060212624,3.3395025763994526
Zeballos,405.68210340400003,417.90897889,3.013905563840908
