Municipality_Name,n_years,corr_elec_ef_vs_res_elec_em,corr_ng_ef_vs_res_polluting_em,corr_prov_wellbeing_vs_local_cwb,corr_total_em_pct_vs_res_em_pct,corr_csmi_elec_em_pct_vs_csmi_em_pct,corr_csmi_em_pct_vs_total_em_pct,corr_csmi_ng_em_pct_vs_total_em_pct,corr_csmi_ng_em_pct_vs_csmi_em_pct
Abbotsford,16,,,,,,,,
Alert Bay,16,,,,,,,,
Anmore,16,,,,,,,,
Armstrong,16,,,,,,,,
Ashcroft,16,,,,,,,,
Belcarra,16,,,,,,,,
Bowen Island,16,,,,,,,,
Burnaby,16,,,,,,,,
Burns Lake,16,,,,,,,,
Cache Creek,16,,,,,,,,
Campbell River,16,,,,,,,,
Canal Flats,16,,,,,,,,
Castlegar,16,,,,,,,,
Central Saanich,16,,,,,,,,
Chase,16,,,,,,,,
Chetwynd,16,,,,,,,,
Chilliwack,16,,,,,,,,
Clinton,16,,,,,,,,
Coldstream,16,,,,,,,,
Colwood,16,,,,,,,,
Comox,16,,,,,,,,
Coquitlam,16,,,,,,,,
Courtenay,16,,,,,,,,
Cranbrook,16,,,,,,,,
Creston,16,,,,,,,,
Cumberland,16,,,,,,,,
Dawson Creek,16,,,,,,,,
Delta,16,,,,,,,,
Duncan,16,,,,,,,,
Elkford,16,,,,,,,,
Enderby,16,,,,,,,,
Esquimalt,16,,,,,,,,
Fernie,16,,,,,,,,
Fort St. James,16,,,,,,,,
Fort St. John,16,,,,,,,,
Fraser Lake,16,,,,,,,,
Fruitvale,16,,,,,,,,
Gibsons,16,,,,,,,,
Gold River,16,,,,,,,,
Golden,16,,,,,,,,
Grand Forks,16,,,,,,,,
Granisle,16,,,,,,,,
Greenwood,16,,,,,,,,
Harrison Hot Springs,16,,,,,,,,
Highlands,16,,,,,,,,
Hope,16,,,,,,,,
Houston,16,,,,,,,,
Hudson's Hope,16,,,,,,,,
Invermere,16,,,,,,,,
Kamloops,16,,,,,,,,
Kaslo,16,,,,,,,,
Kelowna,16,,,,,,,,
Kent,16,,,,,,,,
Keremeos,16,,,,,,,,
Kimberley,16,,,,,,,,
Kitimat,16,,,,,,,,
Ladysmith,16,,,,,,,,
Lake Country,16,,,,,,,,
Lake Cowichan,16,,,,,,,,
Langford,16,,,,,,,,
Langley City,16,,,,,,,,
Langley Township,16,,,,,,,,
Lantzville,16,,,,,,,,
Lillooet,16,,,,,,,,
Lions Bay,16,,,,,,,,
Logan Lake,16,,,,,,,,
Lumby,16,,,,,,,,
Mackenzie,16,,,,,,,,
Maple Ridge,16,,,,,,,,
Masset,16,,,,,,,,
McBride,16,,,,,,,,
Merritt,16,,,,,,,,
Metchosin,16,,,,,,,,
Midway,16,,,,,,,,
Mission,16,,,,,,,,
Montrose,16,,,,,,,,
Nakusp,16,,,,,,,,
Nanaimo,16,,,,,,,,
Nelson,16,,,,,,,,
New Denver,16,,,,,,,,
New Hazelton,16,,,,,,,,
New Westminster,16,,,,,,,,
North Cowichan,16,,,,,,,,
North Saanich,16,,,,,,,,
North Vancouver City,16,,,,,,,,
North Vancouver District,16,,,,,,,,
Oak Bay,16,,,,,,,,
Oliver,16,,,,,,,,
One Hundred Mile House,16,,,,,,,,
Osoyoos,16,,,,,,,,
Parksville,16,,,,,,,,
Peachland,16,,,,,,,,
Pemberton,16,,,,,,,,
Penticton,16,,,,,,,,
Pitt Meadows,16,,,,,,,,
Port Alberni,16,,,,,,,,
Port Alice,16,,,,,,,,
Port Clements,16,,,,,,,,
Port Coquitlam,16,,,,,,,,
Port Edward,16,,,,,,,,
Port Hardy,16,,,,,,,,
Port McNeill,16,,,,,,,,
Port Moody,16,,,,,,,,
Pouce Coupe,16,,,,,,,,
Powell River,16,,,,,,,,
Prince George,16,,,,,,,,
Prince Rupert,16,,,,,,,,
Princeton,16,,,,,,,,
Qualicum Beach,16,,,,,,,,
Queen Charlotte,16,,,,,,,,
Quesnel,16,,,,,,,,
Radium Hot Springs,16,,,,,,,,
Revelstoke,16,,,,,,,,
Richmond,16,,,,,,,,
Rossland,16,,,,,,,,
Saanich,16,,,,,,,,
Salmo,16,,,,,,,,
Salmon Arm,16,,,,,,,,
Sayward,16,,,,,,,,
Sechelt,16,,,,,,,,
Sicamous,16,,,,,,,,
Sidney,16,,,,,,,,
Smithers,16,,,,,,,,
Sooke,16,,,,,,,,
Spallumcheen,16,,,,,,,,
Sparwood,16,,,,,,,,
Squamish,16,,,,,,,,
Stewart,16,,,,,,,,
Summerland,16,,,,,,,,
Surrey,16,,,,,,,,
Taylor,16,,,,,,,,
Telkwa,16,,,,,,,,
Terrace,16,,,,,,,,
Tofino,16,,,,,,,,
Trail,16,,,,,,,,
Tumbler Ridge,16,,,,,,,,
Ucluelet,16,,,,,,,,
Valemount,16,,,,,,,,
Vancouver,16,,,,,,,,
Vanderhoof,16,,,,,,,,
Vernon,16,,,,,,,,
Victoria,16,,,,,,,,
View Royal,16,,,,,,,,
Warfield,16,,,,,,,,
West Vancouver,16,,,,,,,,
Whistler,16,,,,,,,,
White Rock,16,,,,,,,,
Williams Lake,16,,,,,,,,
