Municipality_Name,Remoteness,Latitude,Utility_Residential_Electricity_Energy_Share,CSMI_Polluting_Per_Capita,Cluster
Abbotsford,0.1378538012635194,49.0522222179353,0.4109020866429686,3.6296062856785825,0
Alert Bay,0.5325554317607689,50.5838888850092,0.7234549406153661,0.0,2
Anmore,0.105959006336152,49.314444440231,0.32503802084226563,0.7637779600843622,0
Armstrong,0.2829336796167592,50.4483333294198,0.35024688488145866,2.806928524040552,0
Ashcroft,0.4044100646591584,50.7213888850433,0.3496903940890449,4.6503265726300524,1
Belcarra,0.1120445628119629,49.3136111068975,0.3817112421497683,0.533348838369434,0
Bowen Island,0.1039479275357976,49.3797222180267,0.7506583069694585,0.0,0
Burnaby,0.0616573711358567,49.2427777735444,0.4418401279461344,3.3650493671963373,0
Burns Lake,0.5233367879529361,54.2302777746707,0.34389583171002747,5.49937557199165,3
Cache Creek,0.3931487179114488,50.811944440621,0.3673831693132668,3.4317098004246174,1
Campbell River,0.309898567771169,50.0230555515328,0.5746607165080059,4.943201973554953,1
Canal Flats,0.4636481697535576,50.1602777737907,0.6824738384829148,0.0,2
Castlegar,0.3872457284439764,49.3244444402338,0.39054872118034367,5.65911016587728,1
Central Saanich,0.1432195822924783,48.5944444400255,0.6573164100218081,2.3469278549639654,0
Chase,0.3197060111776335,50.819166662845,0.39762896200954556,2.5847135033029396,0
Chetwynd,0.4966159873195825,55.6958333304683,0.296196717423706,4.929831931356695,3
Chilliwack,0.1623506349116649,49.1577777735206,0.41292970446671573,3.352334401359294,0
Clinton,0.421087581466413,51.0916666629107,0.39658296328139014,2.9769663569269897,1
Coldstream,0.2654368562207453,50.2238888849182,0.31468756376981843,4.450783545328115,1
Colwood,0.1453187929516917,48.4236111066417,0.6239379993255353,1.8019651283645077,0
Coquitlam,0.1048461331628368,49.2841666624448,0.39077770300238923,2.833878250548048,0
Courtenay,0.2856192151710963,49.6894444403333,0.6056574954900289,2.34695615540206,0
Cranbrook,0.3856091533176329,49.5080555513953,0.2881529377016165,3.246852246913915,1
Creston,0.4275335754054798,49.0974999957259,0.3611460976035488,3.711424051178231,1
Cumberland,0.2867328324621562,49.6186111069809,0.5934485766297224,2.6653276606517435,0
Dawson Creek,0.3845752091947351,55.7605555527003,0.2079148769292646,4.020414389561665,3
Delta,0.0929989989662117,49.0847222179445,0.310899955703192,4.698556672261828,0
Duncan,0.1595946759035486,48.7786111067459,0.6025937025062531,3.975782644209192,0
Enderby,0.2914559594184815,50.5505555516676,0.37469129163776294,2.7763682966156296,0
Esquimalt,0.1441767372535548,48.4297222177547,0.6646401229828115,2.9971763171147026,0
Fernie,0.4276168342809352,49.5041666625054,0.26930251096177027,3.6972682149599096,1
Fort St. James,0.458461115916876,54.4444444413748,0.37939637447694435,3.4117084446979202,3
Fort St. John,0.3906082217625837,56.2524999972181,0.2900241754570168,3.5259470945966127,3
Fraser Lake,0.4627779214696563,54.0602777746402,0.35042848856027525,2.867756993718413,3
Fruitvale,0.3897349429556863,49.1149999957308,0.3941386725253326,3.6801389963168076,1
Gibsons,0.1320828246740967,49.400277773588,0.5216440487554045,5.923524785223645,1
Gold River,0.4284475955080753,49.7813888848023,0.7982028390297374,0.0,2
Golden,0.4756548274214301,51.2977777740704,0.7567273855770381,0.0,2
Grand Forks,0.4249027046575018,49.0311111068182,0.40893369503914406,4.7023668422624265,1
Granisle,0.583326970536276,54.8847222192275,0.529714339976889,1.5183418082862916,3
Greenwood,0.3680282416630147,49.0883333290566,0.4312958887774548,4.818048828370649,1
Harrison Hot Springs,0.1887081957745102,49.2988888846711,0.4498934985791677,3.3621853259335,0
Highlands,0.1475909392320913,48.480555551103,0.9661444848713014,2.1571775402408324,0
Hope,0.2029254451295166,49.3799999958047,0.39973366853694364,2.6921571991453663,0
Houston,0.5122720578622184,54.3983333302558,0.4096273176456585,4.236223201214576,3
Hudson's Hope,0.496126136525443,56.0258333305181,0.3091382588643628,3.372395714996188,3
Invermere,0.4601227091834103,50.5058333294342,0.7834576965367009,0.0,2
Kamloops,0.2856524326707023,50.6758333294765,0.35070016040625496,3.8517951718498553,1
Kaslo,0.4737918987583936,49.9105555515033,0.7007652307044266,0.0,2
Kelowna,0.2333077341125506,49.8880555514974,0.42383641596415733,2.990742589506626,0
Kent,0.1826682118507885,49.2380555513208,0.4741515284077407,3.237633088034471,0
Keremeos,0.3244644107920751,49.2047222179782,0.4944835710092085,2.9728620959459713,1
Kimberley,0.4098314730095229,49.6849999958877,0.2618811427370608,5.022390206352069,1
Kitimat,0.4488766778831426,54.0533333301945,0.451153089133435,5.0425794077653805,3
Ladysmith,0.1620777461721745,48.9933333290297,0.49146930965456304,2.927002170059178,0
Lake Country,0.2538915531675944,50.0302777737569,0.4314810426808374,2.0308431964547062,0
Lake Cowichan,0.1775588964177851,48.8258333289817,0.8229523833985499,0.0,0
Langford,0.1482914603210748,48.4497222177606,0.6826383300439972,2.3030051822729525,0
Langley City,0.1222149711110205,49.1024999957273,0.40983350061591783,3.605742119727286,0
Langley Township,0.1251251143155644,49.1202777735101,0.4081406018574898,3.3750345774366215,0
Lantzville,0.1750321249737492,49.2505555513243,0.6731711743102547,1.1591301871643303,0
Lillooet,0.4240817599982917,50.6938888850365,0.8637601436464829,0.0,2
Lions Bay,0.1127580610292763,49.4586111069374,0.8768383754903298,0.0,0
Logan Lake,0.331523971904952,50.4944444405425,0.256222045735161,4.895300127700145,1
Lumby,0.2926812524158554,50.2508333293695,0.34520891730257797,4.301623305856548,1
Mackenzie,0.4633294187564081,55.3244444415213,0.22761853207522967,4.86586996959313,3
Maple Ridge,0.121497089968188,49.2199999957603,0.4027263705872106,2.3944589570948906,0
Masset,0.6447275903290663,54.0111111079648,0.7409892443373415,0.0,2
McBride,0.6793526587117666,53.3041666633877,0.6729399283303562,0.0,2
Merritt,0.3151140935184279,50.1124999960006,0.3378143758982,3.7533417066760295,1
Metchosin,0.15940584803837,48.379166662184,0.8188998459823446,1.743812858285357,0
Midway,0.3563714986433743,49.008333329034,0.4277552698705494,2.5348757081869633,1
Mission,0.1423366003002659,49.1591666624099,0.42489779219032886,2.3776394851254476,0
Montrose,0.3874173742136539,49.0788888846095,0.3524158297271104,1.1551182338376442,0
Nakusp,0.4681022954814694,50.2391666626999,0.8455934102854397,0.0,2
Nanaimo,0.1532741190811812,49.1638888846334,0.5669002462957871,3.540990456639802,0
Nelson,0.402821771349012,49.4933333291691,0.3460287454370615,3.2639397983742278,1
New Denver,0.4745951230229501,49.9913888848579,0.7386755577105582,0.0,2
New Hazelton,0.5142678901278059,55.2433333303973,0.7143584408765876,0.0,2
New Westminster,0.0931794329885621,49.2066666624232,0.4937465467932406,3.2862694324401667,0
North Cowichan,0.1572377019015465,48.8247222178703,0.634541843360139,4.700977247072266,1
North Saanich,0.1468720113553997,48.6563888844881,0.7516497804163111,2.329923970787336,0
North Vancouver City,0.0626364385448485,49.3205555513438,0.49526546068276484,0.0,0
North Vancouver District,0.0748130291334692,49.3361111069036,0.3372728067890294,3.532710421874883,0
Oak Bay,0.1451152079124541,48.4258333288646,0.4712284477644787,2.052235669445746,0
Oliver,0.3155406174444419,49.1824999957498,0.4890754432161667,3.665746801359313,1
One Hundred Mile House,0.434028991798023,51.6427777741498,0.2891833907857839,4.186563731875194,1
Osoyoos,0.3319244231337762,49.0324999957075,0.4544982095039713,0.0,0
Parksville,0.187105716369001,49.3180555513431,0.5263702491424914,2.643428756654958,0
Peachland,0.2608881888228441,49.7738888848004,0.37025445954412567,1.7551018999213008,0
Pemberton,0.2201981782580954,50.3205555516096,0.9286389968622282,0.0,2
Penticton,0.2823474546459147,49.5008333291712,0.46322971584912864,3.008524029101837,1
Pitt Meadows,0.1158879170043847,49.2205555513159,0.4016365965700448,3.2306583035065675,0
Port Alberni,0.2832467626905667,49.2344444402087,0.5575850348929089,3.8545749111455505,1
Port Alice,0.5700724425108703,50.4266666627476,0.6382836187132594,1.8703674644214172,2
Port Clements,0.6343823660086061,53.6855555523492,0.7678487312030835,0.0,2
Port Coquitlam,0.106255569636412,49.2619444402164,0.3970350183347432,2.9728636852832233,0
Port Edward,0.429338668961478,54.2205555524467,0.5430507696488037,2.788288372486528,3
Port Hardy,0.5132040875594177,50.7244444405996,0.736951404726233,0.0,2
Port McNeill,0.5255839331351538,50.5894444405662,0.7329983365306197,0.0,2
Port Moody,0.0917391171590704,49.2822222179998,0.39287339850589265,3.0011865020346202,0
Pouce Coupe,0.3839154383169506,55.7147222193601,0.23008477903077254,2.7939897221446515,3
Prince George,0.3172649901532312,53.9130555523913,0.27546139283411647,5.046570522308025,3
Prince Rupert,0.4326080013761921,54.3127777746853,0.5312877963071924,3.3076293609238396,3
Princeton,0.3390611305445248,49.4602777736045,0.33841234736644127,4.925533783800046,1
Qualicum Beach,0.1949231487404975,49.3480555513514,0.5502114227961515,2.0225015491726706,0
Queen Charlotte,0.6171676628799778,53.2538775271079,0.7408481293304973,0.0,2
Quesnel,0.3967781537011823,52.9797222188793,0.27897186475974656,6.067728263816917,1
Radium Hot Springs,0.4590086361479585,50.6199999961294,0.7004212873574268,0.0,2
Revelstoke,0.4051875970896775,50.9988888851107,0.5877922460196554,3.1586123367173284,1
Richmond,0.0614406287659238,49.1633333290778,0.3933718509868293,3.625478730084175,0
Rossland,0.3867487714258445,49.0769444401645,0.31205039034573645,2.4865961396702856,1
Saanich,0.1411715155658525,48.4566666622071,0.6738540547074429,2.12615467990223,0
Salmo,0.4053180930673086,49.1933333290861,0.46452628292111775,2.4915610318331898,1
Salmon Arm,0.3013373478816191,50.7013888850384,0.33294588153719507,0.0,0
Sayward,0.4089180663126175,50.3788888849577,0.6934910912425855,0.0,2
Sechelt,0.1563961421616692,49.4716666624965,0.5327686357846497,2.2296812482589026,0
Sicamous,0.3168689312085887,50.8361111072937,0.8724832017001926,0.0,2
Sidney,0.1460016033062234,48.6505555511531,0.6702421080699195,2.121935412069272,0
Smithers,0.4753381654848576,54.7791666636544,0.36139917114183456,4.406047482710085,3
Sooke,0.1765927560080269,48.3827777732962,0.7857866276144698,1.2343994257103212,0
Spallumcheen,0.2846719223412303,50.4024999960749,0.44066953955645655,4.253135677966731,1
Sparwood,0.3872255636978471,49.733333329234,0.27565862630051596,6.384081944517403,1
Squamish,0.1571332513952856,49.6980555514467,0.5821073679933311,2.5186777536589102,0
Stewart,0.6318054017158921,55.9383333305051,0.813852882599233,0.0,2
Summerland,0.2759914942701718,49.6022222180876,0.41318265065152865,2.6128209300548004,0
Surrey,0.107315398152434,49.1116666623965,0.35495123953443514,2.5889260102271145,0
Taylor,0.3733698420668179,56.1591666638711,0.22454151240277595,4.271058720158525,3
Telkwa,0.4730933345559958,54.6966666636404,0.7672553692060247,0.46755405754477297,2
Terrace,0.4132816773803979,54.5163888858318,0.43192754566928426,3.821700964464253,3
Tofino,0.41316159111774,49.153055551297,1.0,0.0,2
Trail,0.3805621684980724,49.0944444401694,0.32419693315642256,5.433514145399924,1
Tumbler Ridge,0.4880836193163248,55.1261111081561,0.298490943586758,5.48780506194992,3
Ucluelet,0.3901291124401334,48.9427777734597,0.9282295266334724,0.0,2
Valemount,0.6584008756881428,52.8294444410713,0.7314904402428652,0.0,2
Vancouver,0.0619361279363075,49.2611111068828,0.4654672153427824,3.3334964963414686,0
Vanderhoof,0.4289060282165833,54.0174999968548,0.45272037404507653,3.3011387514355017,3
Vernon,0.2648520284742509,50.2658333293734,0.37589735687864523,3.0793186358462274,0
Victoria,0.1439338418239929,48.4283333288653,0.6318888968170256,3.116255752706724,0
View Royal,0.1439384546141112,48.4519444399834,0.5746464785550331,2.669828514952494,0
Warfield,0.3826878661673635,49.0941666623916,0.28947943090441514,1.7874012122772027,1
West Vancouver,0.063003124895402,49.3311111069022,0.3025828550047376,2.74698438899886,0
Whistler,0.1994519127269842,50.117222218224,0.6531141666074891,3.823874659113019,0
White Rock,0.1156021973630565,49.023611106816,0.44931305194349136,2.967969029693743,0
Williams Lake,0.4293527968866465,52.1291666631466,0.3063287193858356,4.841358832244679,1
