Municipality_Name,Emissions_Type,Emissions_Change_%,Wellbeing_Change_%,Tapio_Index,Decoupling_Category
Abbotsford,Transportation,21.885832626633494,2.564102564102564,-19.321730062530932,Expansive Negative Decoupling
Alert Bay,Transportation,12.767207238560307,2.631578947368421,-10.135628291191885,Expansive Negative Decoupling
Anmore,Transportation,14.163476660943273,0.0,-14.163476660943273,Strong Negative Decoupling
Armstrong,Transportation,-1.3713638234945225,5.194805194805195,6.566169018299718,Strong Decoupling
Ashcroft,Transportation,-12.03711641302752,-1.2987012987012987,10.738415114326223,Recessive Decoupling
Belcarra,Transportation,-2.074496055322218,-1.098901098901099,0.9755949564211188,Recessive Decoupling
Bowen Island,Transportation,-4.619448663877551,3.4482758620689653,8.067724525946517,Strong Decoupling
Burnaby,Transportation,-6.0916695886149475,3.75,9.841669588614948,Strong Decoupling
Burns Lake,Transportation,0.30710842368496877,9.45945945945946,9.15235103577449,Weak Decoupling
Cache Creek,Transportation,107.23146258248417,0.0,-107.23146258248417,Strong Negative Decoupling
Campbell River,Transportation,12.387963852648596,3.8461538461538463,-8.54181000649475,Expansive Negative Decoupling
Canal Flats,Transportation,29.087871032977798,-2.5316455696202533,-31.61951660259805,Strong Negative Decoupling
Castlegar,Transportation,8.68195640581992,2.5316455696202533,-6.150310836199666,Expansive Negative Decoupling
Central Saanich,Transportation,14.865504381060857,3.571428571428571,-11.294075809632286,Expansive Negative Decoupling
Chase,Transportation,-5.585011279287538,2.666666666666667,8.251677945954205,Strong Decoupling
Chetwynd,Transportation,8.463079019109998,2.5316455696202533,-5.931433449489744,Expansive Negative Decoupling
Chilliwack,Transportation,17.04484103955276,3.8461538461538463,-13.198687193398914,Expansive Negative Decoupling
Clinton,Transportation,20.548323595326377,1.3888888888888888,-19.159434706437487,Expansive Negative Decoupling
Coldstream,Transportation,4.8427496578488,3.6585365853658534,-1.1842130724829465,Expansive Negative Decoupling
Colwood,Transportation,18.960764937070252,2.4390243902439024,-16.52174054682635,Expansive Negative Decoupling
Comox,Transportation,15.124849897934755,2.4390243902439024,-12.685825507690852,Expansive Negative Decoupling
Coquitlam,Transportation,-8.876307214983228,2.4390243902439024,11.315331605227131,Strong Decoupling
Courtenay,Transportation,10.11657986981615,5.128205128205128,-4.988374741611022,Expansive Negative Decoupling
Cranbrook,Transportation,1.6660008337924952,3.79746835443038,2.1314675206378846,Weak Decoupling
Creston,Transportation,6.295481923245201,3.9473684210526314,-2.3481135021925694,Expansive Negative Decoupling
Cumberland,Transportation,73.3307348810445,9.210526315789473,-64.12020856525504,Expansive Negative Decoupling
Dawson Creek,Transportation,16.251070147266155,1.2658227848101267,-14.985247362456029,Expansive Negative Decoupling
Delta,Transportation,-7.936642956629498,2.4390243902439024,10.375667346873401,Strong Decoupling
Duncan,Transportation,0.990937351541842,2.631578947368421,1.6406415958265788,Weak Decoupling
Elkford,Transportation,81.89504678168905,1.1904761904761905,-80.70457059121286,Expansive Negative Decoupling
Enderby,Transportation,-1.9181035924540113,2.666666666666667,4.5847702591206785,Strong Decoupling
Esquimalt,Transportation,6.4907391094797555,3.7037037037037033,-2.7870354057760522,Expansive Negative Decoupling
Fernie,Transportation,19.31585860935235,1.1764705882352942,-18.139388021117057,Expansive Negative Decoupling
Fort St. James,Transportation,-10.720739061619655,8.108108108108109,18.828847169727766,Strong Decoupling
Fort St. John,Transportation,5.160294017348792,1.2345679012345678,-3.925726116114224,Expansive Negative Decoupling
Fraser Lake,Transportation,11.765657626220262,2.631578947368421,-9.134078678851841,Expansive Negative Decoupling
Fruitvale,Transportation,19.552187498825024,6.493506493506493,-13.058681005318531,Expansive Negative Decoupling
Gibsons,Transportation,21.046293542194032,3.7037037037037033,-17.34258983849033,Expansive Negative Decoupling
Gold River,Transportation,23.069154311589358,-2.5,-25.569154311589358,Strong Negative Decoupling
Golden,Transportation,5.619387905288649,2.4691358024691357,-3.1502521028195134,Expansive Negative Decoupling
Grand Forks,Transportation,-5.506547108102717,5.333333333333334,10.839880441436051,Strong Decoupling
Granisle,Transportation,11.529057010950417,-1.4084507042253522,-12.93750771517577,Strong Negative Decoupling
Greenwood,Transportation,-9.65976865930458,1.4285714285714286,11.08834008787601,Strong Decoupling
Harrison Hot Springs,Transportation,7.1154557042790225,3.79746835443038,-3.3179873498486425,Expansive Negative Decoupling
Hazelton,Transportation,26.181138130904685,-2.2988505747126435,-28.47998870561733,Strong Negative Decoupling
Highlands,Transportation,52.50234228134683,0.0,-52.50234228134683,Strong Negative Decoupling
Hope,Transportation,4.176592788983361,2.666666666666667,-1.5099261223166938,Expansive Negative Decoupling
Houston,Transportation,22.690932305834703,0.0,-22.690932305834703,Strong Negative Decoupling
Hudson's Hope,Transportation,30.1519570093376,1.25,-28.9019570093376,Expansive Negative Decoupling
Invermere,Transportation,201.20890270389725,2.4390243902439024,-198.76987831365335,Expansive Negative Decoupling
Kamloops,Transportation,2.5355377046494185,2.4691358024691357,-0.06640190218028286,Expansive Negative Decoupling
Kaslo,Transportation,0.03371236791519931,8.108108108108109,8.074395740192909,Weak Decoupling
Kelowna,Transportation,10.458169446620563,3.7037037037037033,-6.754465742916859,Expansive Negative Decoupling
Kent,Transportation,35.59905047193092,3.8461538461538463,-31.752896625777076,Expansive Negative Decoupling
Keremeos,Transportation,-6.843733896534901,22.22222222222222,29.06595611875712,Strong Decoupling
Kimberley,Transportation,2.3634660429225836,6.41025641025641,4.046790367333826,Weak Decoupling
Kitimat,Transportation,-8.690305233966827,3.8461538461538463,12.536459080120673,Strong Decoupling
Ladysmith,Transportation,24.67874315052958,2.5,-22.17874315052958,Expansive Negative Decoupling
Lake Country,Transportation,21.986229811548647,5.0,-16.986229811548647,Expansive Negative Decoupling
Lake Cowichan,Transportation,14.19595461510294,3.9473684210526314,-10.248586194050308,Expansive Negative Decoupling
Langford,Transportation,39.024633553642,2.4390243902439024,-36.5856091633981,Expansive Negative Decoupling
Langley City,Transportation,-19.497778184187375,2.5316455696202533,22.029423753807627,Strong Decoupling
Langley Township,Transportation,3.445815956286819,2.4390243902439024,-1.0067915660429168,Expansive Negative Decoupling
Lantzville,Transportation,0.036419963490204085,1.2195121951219512,1.1830922316317471,Weak Decoupling
Lillooet,Transportation,13.634187991118887,5.333333333333334,-8.300854657785553,Expansive Negative Decoupling
Lions Bay,Transportation,-66.72976208211703,2.247191011235955,68.97695309335299,Strong Decoupling
Logan Lake,Transportation,-23.87009800195142,2.564102564102564,26.43420056605398,Strong Decoupling
Lumby,Transportation,34.35214060747381,4.0,-30.352140607473807,Expansive Negative Decoupling
Lytton,Transportation,6.467208460010644,3.9473684210526314,-2.5198400389580127,Expansive Negative Decoupling
Mackenzie,Transportation,1.5745354402863336,3.8461538461538463,2.2716184058675126,Weak Decoupling
Maple Ridge,Transportation,25.52797333788299,2.4691358024691357,-23.058837535413854,Expansive Negative Decoupling
Masset,Transportation,-10.499960192883083,5.405405405405405,15.905365598288489,Strong Decoupling
McBride,Transportation,2.1434019277064333,13.23529411764706,11.091892189940626,Weak Decoupling
Merritt,Transportation,7.049558984251029,1.2987012987012987,-5.750857685549731,Expansive Negative Decoupling
Metchosin,Transportation,18.06063131265413,1.1904761904761905,-16.87015512217794,Expansive Negative Decoupling
Midway,Transportation,0.6957082040723132,8.21917808219178,7.523469878119466,Weak Decoupling
Mission,Transportation,20.689513665439772,1.2658227848101267,-19.423690880629646,Expansive Negative Decoupling
Montrose,Transportation,13.563748008056125,1.2345679012345678,-12.329180106821557,Expansive Negative Decoupling
Nakusp,Transportation,-17.648912089143565,8.108108108108109,25.757020197251673,Strong Decoupling
Nanaimo,Transportation,-9.736373132318498,2.5,12.236373132318498,Strong Decoupling
Nelson,Transportation,12.505107468809525,4.938271604938271,-7.566835863871254,Expansive Negative Decoupling
New Denver,Transportation,-24.040792654218066,-2.631578947368421,21.409213706849645,Recessive Decoupling
New Hazelton,Transportation,34.63479394218049,-1.3333333333333335,-35.96812727551382,Strong Negative Decoupling
New Westminster,Transportation,18.808356367572493,3.7037037037037033,-15.10465266386879,Expansive Negative Decoupling
North Cowichan,Transportation,0.8045070680895084,3.79746835443038,2.9929612863408717,Weak Decoupling
North Saanich,Transportation,7.518401636600169,3.488372093023256,-4.030029543576913,Expansive Negative Decoupling
North Vancouver City,Transportation,15.256359873391828,3.571428571428571,-11.684931301963257,Expansive Negative Decoupling
North Vancouver District,Transportation,-9.095978047989663,2.2988505747126435,11.394828622702306,Strong Decoupling
Oak Bay,Transportation,1.7217789851904721,3.4090909090909087,1.6873119239004366,Weak Decoupling
Oliver,Transportation,-27.657409171419612,5.263157894736842,32.92056706615645,Strong Decoupling
One Hundred Mile House,Transportation,13.811670636479043,0.0,-13.811670636479043,Strong Negative Decoupling
Osoyoos,Transportation,17.638109700108693,3.896103896103896,-13.742005804004798,Expansive Negative Decoupling
Parksville,Transportation,8.486334123160502,5.128205128205128,-3.358128994955374,Expansive Negative Decoupling
Peachland,Transportation,10.848842951997065,2.5,-8.348842951997065,Expansive Negative Decoupling
Pemberton,Transportation,9.609969831179962,3.571428571428571,-6.0385412597513906,Expansive Negative Decoupling
Penticton,Transportation,2.8670645036831557,3.8461538461538463,0.9790893424706906,Weak Decoupling
Pitt Meadows,Transportation,13.516406134378489,2.4390243902439024,-11.077381744134586,Expansive Negative Decoupling
Port Alberni,Transportation,-8.438247960370573,4.054054054054054,12.492302014424627,Strong Decoupling
Port Alice,Transportation,-25.515963930173214,-2.5316455696202533,22.98431836055296,Recessive Decoupling
Port Clements,Transportation,-22.675508282106165,5.405405405405405,28.08091368751157,Strong Decoupling
Port Coquitlam,Transportation,-0.8124535329817809,2.4390243902439024,3.2514779232256834,Strong Decoupling
Port Edward,Transportation,-16.935591120351898,9.859154929577464,26.794746049929362,Strong Decoupling
Port Hardy,Transportation,12.415991993752682,0.0,-12.415991993752682,Strong Negative Decoupling
Port McNeill,Transportation,5.881415438670209,1.25,-4.631415438670209,Expansive Negative Decoupling
Port Moody,Transportation,0.6379634920560112,3.5294117647058822,2.891448272649871,Weak Decoupling
Pouce Coupe,Transportation,-5.460993280587632,2.666666666666667,8.127659947254298,Strong Decoupling
Powell River,Transportation,3.048138282219796,2.564102564102564,-0.48403571811723234,Expansive Negative Decoupling
Prince George,Transportation,1.4073984732023894,3.79746835443038,2.3900698812279906,Weak Decoupling
Prince Rupert,Transportation,25.868055834849567,6.666666666666667,-19.2013891681829,Expansive Negative Decoupling
Princeton,Transportation,5.744984575664076,5.333333333333334,-0.41165124233074213,Expansive Negative Decoupling
Qualicum Beach,Transportation,4.225451529238305,3.7037037037037033,-0.521747825534602,Expansive Negative Decoupling
Queen Charlotte,Transportation,-15.619150222890068,-4.819277108433735,10.799873114456332,Recessive Decoupling
Quesnel,Transportation,-0.004344052262120119,4.0,4.0043440522621205,Strong Decoupling
Radium Hot Springs,Transportation,6.484889366666955,9.090909090909092,2.6060197242421363,Weak Decoupling
Revelstoke,Transportation,22.46670638345161,6.329113924050633,-16.137592459400977,Expansive Negative Decoupling
Richmond,Transportation,-12.309211381689291,2.5,14.809211381689291,Strong Decoupling
Rossland,Transportation,21.579715976277157,6.024096385542169,-15.555619590734988,Expansive Negative Decoupling
Saanich,Transportation,-3.473283689564368,2.380952380952381,5.854236070516749,Strong Decoupling
Salmo,Transportation,80.3668399830602,5.47945205479452,-74.88738792826568,Expansive Negative Decoupling
Salmon Arm,Transportation,5.741118758771533,5.128205128205128,-0.6129136305664051,Expansive Negative Decoupling
Sayward,Transportation,-5.177871380832326,2.7027027027027026,7.880574083535029,Strong Decoupling
Sechelt,Transportation,15.577634456941988,0.0,-15.577634456941988,Strong Negative Decoupling
Sechelt IGD,Transportation,-38.550244671953934,0.0,38.550244671953934,Recessive Decoupling
Sicamous,Transportation,-20.821175885871494,6.944444444444445,27.76562033031594,Strong Decoupling
Sidney,Transportation,13.166392925599546,3.6585365853658534,-9.507856340233692,Expansive Negative Decoupling
Silverton,Transportation,-2.236631022354258,26.153846153846157,28.390477176200413,Strong Decoupling
Slocan,Transportation,-1.5105333048188074,-2.7777777777777777,-1.2672444729589702,Recessive Coupling
Smithers,Transportation,22.35211217419205,5.0,-17.35211217419205,Expansive Negative Decoupling
Sooke,Transportation,12.646981287377605,2.5,-10.146981287377605,Expansive Negative Decoupling
Spallumcheen,Transportation,-1.6674237277749513,3.896103896103896,5.563527623878848,Strong Decoupling
Sparwood,Transportation,-28.474571841211237,2.4390243902439024,30.913596231455138,Strong Decoupling
Squamish,Transportation,54.45812481402162,7.4074074074074066,-47.05071740661422,Expansive Negative Decoupling
Stewart,Transportation,2.424826300849776,-1.2658227848101267,-3.690649085659903,Strong Negative Decoupling
Summerland,Transportation,6.45922598340722,2.5,-3.9592259834072197,Expansive Negative Decoupling
Surrey,Transportation,6.727592048867767,3.8461538461538463,-2.881438202713921,Expansive Negative Decoupling
Tahsis,Transportation,-25.60187527001766,-11.688311688311687,13.913563581705974,Recessive Decoupling
Taylor,Transportation,29.428592410861803,3.9473684210526314,-25.481223989809173,Expansive Negative Decoupling
Telkwa,Transportation,17.959770670432235,2.5316455696202533,-15.428125100811982,Expansive Negative Decoupling
Terrace,Transportation,22.163589093081615,5.128205128205128,-17.035383964876488,Expansive Negative Decoupling
Tofino,Transportation,2.96748838246581,2.4096385542168677,-0.5578498282489424,Expansive Negative Decoupling
Trail,Transportation,1.2564738268461269,2.564102564102564,1.307628737256437,Weak Decoupling
Tumbler Ridge,Transportation,-17.08335433282782,5.063291139240507,22.14664547206833,Strong Decoupling
Ucluelet,Transportation,19.328444882724856,6.329113924050633,-12.999330958674223,Expansive Negative Decoupling
Valemount,Transportation,0.8943658090869664,6.578947368421052,5.684581559334086,Weak Decoupling
Vancouver,Transportation,-26.743308401838732,3.614457831325301,30.357766233164032,Strong Decoupling
Vanderhoof,Transportation,39.90786949438034,3.8461538461538463,-36.061715648226496,Expansive Negative Decoupling
Vernon,Transportation,0.8441830558377676,3.8461538461538463,3.0019707903160784,Weak Decoupling
Victoria,Transportation,-9.892482258899623,3.614457831325301,13.506940090224923,Strong Decoupling
View Royal,Transportation,9.9995129982936,2.380952380952381,-7.618560617341219,Expansive Negative Decoupling
Warfield,Transportation,3.9734809211743083,1.2195121951219512,-2.7539687260523573,Expansive Negative Decoupling
Wells,Transportation,12.228405738974065,4.285714285714286,-7.942691453259779,Expansive Negative Decoupling
West Vancouver,Transportation,-17.581288872239423,0.0,17.581288872239423,Recessive Decoupling
Whistler,Transportation,28.46121671092274,0.0,-28.46121671092274,Strong Negative Decoupling
White Rock,Transportation,2.686141006510011,2.380952380952381,-0.30518862555762993,Expansive Negative Decoupling
Williams Lake,Transportation,-0.22003258004347878,2.5974025974025974,2.817435177446076,Strong Decoupling
Zeballos,Transportation,-46.69971279387368,0.0,46.69971279387368,Recessive Decoupling
