YEAR,ORG_NAME,EMISSIONS NET IMPORTS (TCO2e)
2007,Abbotsford,369133.3000236
2007,Alert Bay,835.51009909
2007,Anmore,4442.247270865
2007,Armstrong,11999.0557411
2007,Ashcroft,14440.81309009
2007,Belcarra,1589.790797157
2007,Bowen Island,4565.0930596
2007,Burnaby,605120.9732551
2007,Burns Lake,8451.31857745
2007,Cache Creek,3969.19763251
2007,Campbell River,902524.0084444
2007,Canal Flats,760.7849495500001
2007,Castlegar,84430.4926711
2007,Central Saanich,21762.0330734
2007,Chase,6731.92083944
2007,Chetwynd,38503.31321647
2007,Chilliwack,185679.2698513
2007,Clinton,3018.97815577
2007,Coldstream,85985.12947720001
2007,Colwood,18099.368363999998
2007,Comox,21275.6458586
2007,Coquitlam,277108.460032
2007,Courtenay,38211.463424
2007,Cranbrook,65723.1955778
2007,Creston,20937.5666989
2007,Cumberland,5744.3878393800005
2007,Dawson Creek,55965.1446194
2007,Delta,488819.0552508
2007,Duncan,15775.378566860001
2007,Elkford,39060.3705068
2007,Enderby,7157.1631624
2007,Esquimalt,29341.0836527
2007,Fernie,41823.8874559
2007,Fort St. James,20603.76576614
2007,Fort St. John,75633.36158710001
2007,Fraser Lake,9110.73833229
2007,Fruitvale,5585.055943259999
2007,Gibsons,91252.12528955001
2007,Gold River,1693.23798498
2007,Golden,4037.7980209999996
2007,Grand Forks,34225.63563055
2007,Granisle,1235.90655983
2007,Greenwood,3001.89370709
2007,Harrison Hot Springs,5935.948035358
2007,Hazelton,450.37068959
2007,Highlands,1593.245708773
2007,Hope,15547.92743421
2007,Houston,17168.267247789998
2007,Hudson's Hope,3189.79979591
2007,Invermere,2935.1382256
2007,Kamloops,347595.28104800003
2007,Kaslo,1170.6531118
2007,Kelowna,295242.93697903
2007,Kent,13173.9742364
2007,Keremeos,3160.63151943
2007,Kimberley,68766.9444713
2007,Kitimat,204953.13040179998
2007,Ladysmith,14607.8091214
2007,Lake Country,21525.2522504
2007,Lake Cowichan,2596.17649899
2007,Langford,28266.7130651
2007,Langley City,73792.14638867999
2007,Langley Township,326834.7027512
2007,Lantzville,4180.182531779999
2007,Lillooet,1812.23142988
2007,Lions Bay,876.82958234
2007,Logan Lake,18968.4534002
2007,Lumby,8960.22503708
2007,Lytton,283.10426317
2007,Mackenzie,203277.78658296
2007,Maple Ridge,164340.3432109
2007,Masset,1238.91914608
2007,McBride,796.52193787
2007,Merritt,39554.4624386
2007,Metchosin,4622.09559983
2007,Midway,1675.16009375
2007,Mission,72743.6425035
2007,Montrose,1671.1740712800001
2007,Nakusp,1345.75191808
2007,Nanaimo,239754.025024
2007,Nelson,33334.8815451
2007,New Denver,636.84334546
2007,New Hazelton,821.4546415
2007,New Westminster,221274.64302350002
2007,North Cowichan,116580.08564800001
2007,North Saanich,13730.68062442
2007,North Vancouver City,47048.315633000006
2007,North Vancouver District,336109.5824546
2007,Oak Bay,28582.2532074
2007,Oliver,13379.34548917
2007,One Hundred Mile House,12004.07522291
2007,Osoyoos,8495.8046232
2007,Parksville,23590.8125822
2007,Peachland,11417.4578697
2007,Pemberton,1162.13164154
2007,Penticton,78159.516472
2007,Pitt Meadows,43550.120447400004
2007,Port Alberni,78064.3426207
2007,Port Alice,1634.12282907
2007,Port Clements,474.34011605
2007,Port Coquitlam,136331.6104083
2007,Port Edward,1215.6425416700001
2007,Port Hardy,5301.0973924
2007,Port McNeill,2564.5809755699997
2007,Port Moody,141932.4020135
2007,Pouce Coupe,2851.09730518
2007,Powell River,141724.9414054
2007,Prince George,532811.666315
2007,Prince Rupert,48196.4259812
2007,Princeton,24157.811638350002
2007,Qualicum Beach,16200.646568
2007,Queen Charlotte,961.5591005499999
2007,Quesnel,214260.534935
2007,Radium Hot Springs,1840.65658479
2007,Revelstoke,18729.447761699997
2007,Richmond,525212.3068898999
2007,Rossland,8449.2576703
2007,Saanich,127579.684248
2007,Salmo,2156.89209742
2007,Salmon Arm,30783.5748789
2007,Sayward,426.53529288
2007,Sechelt,17253.7202656
2007,Sechelt IGD,676.33274672
2007,Sicamous,2487.9954318
2007,Sidney,14593.8001628
2007,Silverton,277.23098730000004
2007,Slocan,848.49548858
2007,Smithers,23216.80592051
2007,Sooke,7875.2411597
2007,Spallumcheen,21959.57412405
2007,Sparwood,63476.8978804
2007,Squamish,25961.760401
2007,Stewart,723.6239719499999
2007,Summerland,25842.2550377
2007,Surrey,912719.192488
2007,Tahsis,916.8490919599999
2007,Taylor,7739.23697291
2007,Telkwa,2552.0507110999997
2007,Terrace,37868.0774312
2007,Tofino,1743.54392908
2007,Trail,75128.1428878
2007,Tumbler Ridge,48392.5975029
2007,Ucluelet,1379.5874161699999
2007,Valemount,1287.54782744
2007,Vancouver,1643271.6559559999
2007,Vanderhoof,18137.80136578
2007,Vernon,104786.57650940001
2007,Victoria,147935.280284
2007,View Royal,14363.10433232
2007,Warfield,25295.52316281
2007,Wells,498.51631662
2007,West Vancouver,151684.3412198
2007,Whistler,51917.748994500005
2007,White Rock,44621.78147201
2007,Williams Lake,73906.1933248
2007,Zeballos,200.84167777000002
2010,Abbotsford,341601.81452729995
2010,Alert Bay,533.83126999
2010,Anmore,4255.11146111
2010,Armstrong,11304.114372
2010,Ashcroft,11896.684592889998
2010,Belcarra,1442.9061722200001
2010,Bowen Island,3692.9548331
2010,Burnaby,609729.0941328
2010,Burns Lake,7479.39379498
2010,Cache Creek,3557.50678528
2010,Campbell River,717069.4583785001
2010,Canal Flats,825.3954894999999
2010,Castlegar,92053.26006480001
2010,Central Saanich,19446.8725729
2010,Chase,6425.894372999999
2010,Chetwynd,39507.85505379
2010,Chilliwack,174314.629816
2010,Clinton,2647.46524621
2010,Coldstream,33625.7576697
2010,Colwood,17018.7858358
2010,Comox,19607.2654907
2010,Coquitlam,246614.325614
2010,Courtenay,36008.3509846
2010,Cranbrook,62149.300915
2010,Creston,19737.26559067
2010,Cumberland,5349.422111409999
2010,Dawson Creek,54058.1603697
2010,Delta,460992.4229078
2010,Duncan,15985.3393528
2010,Elkford,62344.269057859994
2010,Enderby,6710.476382520001
2010,Esquimalt,27736.3129146
2010,Fernie,39978.7406199
2010,Fort St. James,14055.36906431
2010,Fort St. John,73437.15470459999
2010,Fraser Lake,8324.25274809
2010,Fruitvale,5410.18194635
2010,Gibsons,91860.87880264
2010,Gold River,1605.0393732100001
2010,Golden,3395.543082
2010,Grand Forks,24894.63802233
2010,Granisle,860.13862201
2010,Greenwood,1297.65184336
2010,Harrison Hot Springs,5358.12117117
2010,Hazelton,381.51921811
2010,Highlands,1476.474381028
2010,Hope,14414.884243260001
2010,Houston,12074.4275684
2010,Hudson's Hope,3070.52956938
2010,Invermere,3081.9090627
2010,Kamloops,324924.74020999996
2010,Kaslo,1043.34579265
2010,Kelowna,281113.1724774
2010,Kent,12917.2850296
2010,Keremeos,2999.44571911
2010,Kimberley,64383.0180361
2010,Kitimat,75511.8350979
2010,Ladysmith,14873.9566276
2010,Lake Country,21489.56952737
2010,Lake Cowichan,2334.96836473
2010,Langford,30143.4556133
2010,Langley City,67066.0195769
2010,Langley Township,298184.847665
2010,Lantzville,3865.27156542
2010,Lillooet,1514.67483589
2010,Lions Bay,766.9600057600001
2010,Logan Lake,19742.09784277
2010,Lumby,8353.3217057
2010,Lytton,276.11508695
2010,Mackenzie,78486.6097153
2010,Maple Ridge,150786.2269638
2010,Masset,1186.1390180600001
2010,McBride,760.53647392
2010,Merritt,42234.4209197
2010,Metchosin,4397.23854296
2010,Midway,1275.07654831
2010,Mission,65756.5359744
2010,Montrose,1509.20385825
2010,Nakusp,1211.60704172
2010,Nanaimo,185762.919598
2010,Nelson,30099.6021527
2010,New Denver,598.33094025
2010,New Hazelton,645.95925192
2010,New Westminster,170868.9181162
2010,North Cowichan,132984.3916689
2010,North Saanich,13678.846125099999
2010,North Vancouver City,42309.9230339
2010,North Vancouver District,275043.5198308
2010,Oak Bay,26365.994166
2010,Oliver,12560.75469032
2010,One Hundred Mile House,10548.68015874
2010,Osoyoos,7681.92473171
2010,Parksville,23029.6769043
2010,Peachland,10425.2698475
2010,Pemberton,1091.97999084
2010,Penticton,70232.799569
2010,Pitt Meadows,39575.96819056
2010,Port Alberni,54127.3670318
2010,Port Alice,1325.72028856
2010,Port Clements,387.03059826000003
2010,Port Coquitlam,115786.1971411
2010,Port Edward,993.29641284
2010,Port Hardy,4365.3965896
2010,Port McNeill,2192.46831726
2010,Port Moody,111412.9548066
2010,Pouce Coupe,2722.50098334
2010,Powell River,94958.0853126
2010,Prince George,483494.824482
2010,Prince Rupert,35596.274776499995
2010,Princeton,23221.406249289998
2010,Qualicum Beach,14197.9613742
2010,Queen Charlotte,899.6490976
2010,Quesnel,172012.9960868
2010,Radium Hot Springs,1938.3076118
2010,Revelstoke,17446.4282876
2010,Richmond,475818.51780770003
2010,Rossland,8119.74412274
2010,Saanich,117796.415694
2010,Salmo,2093.96053103
2010,Salmon Arm,28484.7719691
2010,Sayward,394.59019231999997
2010,Sechelt,16239.380922699998
2010,Sechelt IGD,563.98162316
2010,Sicamous,2408.4217073
2010,Sidney,13304.4987131
2010,Silverton,249.54886711
2010,Slocan,430.07222975
2010,Smithers,21744.1867604
2010,Sooke,8433.6165965
2010,Spallumcheen,19154.515036099998
2010,Sparwood,111757.7765826
2010,Squamish,25516.656281199997
2010,Stewart,790.88097354
2010,Summerland,21936.6997438
2010,Surrey,842893.896557
2010,Tahsis,801.8583819
2010,Taylor,4447.26848773
2010,Telkwa,2192.87757627
2010,Terrace,30164.2498098
2010,Tofino,1444.38504163
2010,Trail,70512.3439704
2010,Tumbler Ridge,49857.13767341
2010,Ucluelet,1376.36421127
2010,Valemount,1280.34866528
2010,Vancouver,1540695.005378
2010,Vanderhoof,16600.29646315
2010,Vernon,101456.7774572
2010,Victoria,136628.17097900002
2010,View Royal,14052.972001799999
2010,Warfield,26750.14310605
2010,Wells,371.53318994
2010,West Vancouver,138206.6755039
2010,Whistler,50044.6117578
2010,White Rock,40789.55382524
2010,Williams Lake,56114.0334536
2010,Zeballos,234.24715958500002
2012,Abbotsford,372688.52062
2012,Alert Bay,489.17858020999995
2012,Anmore,4826.8694369
2012,Armstrong,11741.10344542
2012,Ashcroft,12502.156186229999
2012,Belcarra,1537.0204338099998
2012,Bowen Island,3660.4627445
2012,Burnaby,627960.7026166001
2012,Burns Lake,6861.629869830001
2012,Cache Creek,3331.91120531
2012,Campbell River,77110.074991
2012,Canal Flats,782.2749074999999
2012,Castlegar,107210.41178479999
2012,Central Saanich,19095.6990839
2012,Chase,6293.14922082
2012,Chetwynd,35149.44197396
2012,Chilliwack,193704.214096
2012,Clinton,2710.92331013
2012,Coldstream,36052.4277486
2012,Colwood,16498.2999147
2012,Comox,19225.1634152
2012,Coquitlam,261839.61974700002
2012,Courtenay,35620.4908431
2012,Cranbrook,60815.2804509
2012,Creston,19324.21471622
2012,Cumberland,5223.94807169
2012,Dawson Creek,56854.8479
2012,Delta,574800.5544354001
2012,Duncan,15348.892436380002
2012,Elkford,134104.64159794
2012,Enderby,6956.63744443
2012,Esquimalt,30943.863198299998
2012,Fernie,42859.3298738
2012,Fort St. James,16814.58954163
2012,Fort St. John,74600.0791911
2012,Fraser Lake,10203.381684099999
2012,Fruitvale,5440.68592288
2012,Gibsons,96692.99566515
2012,Gold River,1478.7885519299998
2012,Golden,3415.0217455
2012,Grand Forks,26666.11512804
2012,Granisle,764.33124607
2012,Greenwood,3447.9603213200003
2012,Harrison Hot Springs,5523.487504139
2012,Hazelton,380.88154951
2012,Highlands,1428.245320791
2012,Hope,14372.258133899999
2012,Houston,11672.811133480001
2012,Hudson's Hope,3388.00605089
2012,Invermere,3226.9040985
2012,Kamloops,358982.58251200005
2012,Kaslo,1041.80827961
2012,Kelowna,288733.39019217
2012,Kent,13504.904264699999
2012,Keremeos,3291.10024501
2012,Kimberley,71262.4770679
2012,Kitimat,59715.1859754
2012,Ladysmith,16383.9412369
2012,Lake Country,21528.1827173
2012,Lake Cowichan,2406.60080612
2012,Langford,31355.3610639
2012,Langley City,72312.73006274
2012,Langley Township,319129.42287999997
2012,Lantzville,3800.79748331
2012,Lillooet,1435.53249525
2012,Lions Bay,798.27573689
2012,Logan Lake,17185.3357959
2012,Lumby,8521.47658144
2012,Lytton,282.67055096999997
2012,Mackenzie,127516.62694701999
2012,Maple Ridge,151946.1287299
2012,Masset,995.52777325
2012,McBride,755.6905375199999
2012,Merritt,42623.8151774
2012,Metchosin,4437.580468
2012,Midway,1531.65600809
2012,Mission,68324.634932
2012,Montrose,1480.95022085
2012,Nakusp,1178.03682542
2012,Nanaimo,188984.138046
2012,Nelson,30287.0311396
2012,New Denver,558.61597663
2012,New Hazelton,607.8884537600001
2012,New Westminster,167802.4998909
2012,North Cowichan,161599.86357
2012,North Saanich,14267.1513236
2012,North Vancouver City,43489.865063000005
2012,North Vancouver District,281550.5748863
2012,Oak Bay,28924.2096934
2012,Oliver,13759.26013194
2012,One Hundred Mile House,11051.56197385
2012,Osoyoos,7846.228332379999
2012,Parksville,21880.6000892
2012,Peachland,10391.5988426
2012,Pemberton,1083.91786992
2012,Penticton,76705.93701422
2012,Pitt Meadows,43302.72253811
2012,Port Alberni,43710.3826713
2012,Port Alice,1261.4232926089999
2012,Port Clements,312.91806628
2012,Port Coquitlam,120424.8367569
2012,Port Edward,964.39374058
2012,Port Hardy,4276.6549127
2012,Port McNeill,1986.42519719
2012,Port Moody,95936.1283344
2012,Pouce Coupe,2644.53300243
2012,Powell River,133131.5760272
2012,Prince George,554090.0833310001
2012,Prince Rupert,34459.9062642
2012,Princeton,26937.923066119998
2012,Qualicum Beach,13291.7758426
2012,Queen Charlotte,804.19608578
2012,Quesnel,200322.3140185
2012,Radium Hot Springs,1993.5287365999998
2012,Revelstoke,18339.4700205
2012,Richmond,575036.8984533
2012,Rossland,8090.40313165
2012,Saanich,120733.1360913
2012,Salmo,2157.4004293899998
2012,Salmon Arm,28863.7251782
2012,Sayward,369.35115631
2012,Sechelt,15936.198531600001
2012,Sechelt IGD,947.6570857
2012,Sicamous,2473.8022718
2012,Sidney,13226.1744107
2012,Silverton,232.66372515999998
2012,Slocan,322.2711137
2012,Smithers,21162.58168396
2012,Sooke,8759.754693
2012,Spallumcheen,22619.89014739
2012,Sparwood,122382.0697394
2012,Squamish,26237.4393389
2012,Stewart,729.22178278
2012,Summerland,21678.3003492
2012,Surrey,891336.8107789999
2012,Tahsis,744.2865508799999
2012,Taylor,4359.57058303
2012,Telkwa,2043.7987590500002
2012,Terrace,30255.307776100002
2012,Tofino,1495.44756106
2012,Trail,76337.3516464
2012,Tumbler Ridge,52447.89457771999
2012,Ucluelet,1402.89513871
2012,Valemount,1288.0426382800001
2012,Vancouver,1595910.7089510001
2012,Vanderhoof,14936.015202960001
2012,Vernon,101909.5863091
2012,Victoria,173821.70084499998
2012,View Royal,14568.63323289
2012,Warfield,26018.127330719995
2012,Wells,334.57361418
2012,West Vancouver,142530.1884106
2012,Whistler,49364.7010799
2012,White Rock,42441.20545413
2012,Williams Lake,64347.620052800004
2012,Zeballos,250.65514046500002
2013,Abbotsford,365256.37421000004
2013,Alert Bay,478.78793352
2013,Anmore,4709.85380861
2013,Armstrong,11471.63824692
2013,Ashcroft,12858.399424240002
2013,Belcarra,1462.6416251299997
2013,Bowen Island,3403.2149403
2013,Burnaby,611334.6214268
2013,Burns Lake,6359.73655031
2013,Cache Creek,3286.8149827400002
2013,Campbell River,133469.5464321
2013,Canal Flats,670.8360232599999
2013,Castlegar,114909.1975857
2013,Central Saanich,20221.5357781
2013,Chase,5977.566817360001
2013,Chetwynd,23469.11950616
2013,Chilliwack,186460.89146
2013,Clinton,2494.63809987
2013,Coldstream,36109.1799394
2013,Colwood,17231.077782
2013,Comox,17487.8079697
2013,Coquitlam,256734.987179
2013,Courtenay,33488.5546212
2013,Cranbrook,59801.2475714
2013,Creston,19148.64035885
2013,Cumberland,4905.24079101
2013,Dawson Creek,58279.657106700004
2013,Delta,518694.42989260005
2013,Duncan,15250.09043443
2013,Elkford,158366.52035451998
2013,Enderby,6946.04111055
2013,Esquimalt,32210.2096705
2013,Fernie,43568.8876533
2013,Fort St. James,18731.4060553
2013,Fort St. John,76646.1555159
2013,Fraser Lake,6876.63735347
2013,Fruitvale,5461.118678379999
2013,Gibsons,98464.28648945
2013,Gold River,1324.97646865
2013,Golden,2931.4427944
2013,Grand Forks,30701.233207139998
2013,Granisle,656.136823473
2013,Greenwood,4522.06192985
2013,Harrison Hot Springs,5570.106650919
2013,Hazelton,335.587206
2013,Highlands,1602.1839779949999
2013,Hope,13663.5024781
2013,Houston,10869.98505628
2013,Hudson's Hope,2966.0737198
2013,Invermere,3017.5041103000003
2013,Kamloops,341499.724195
2013,Kaslo,901.5289495300001
2013,Kelowna,285539.02817122
2013,Kent,12830.6284285
2013,Keremeos,3197.96406301
2013,Kimberley,66878.1586769
2013,Kitimat,57755.009957400005
2013,Ladysmith,15600.552356
2013,Lake Country,21679.009786399998
2013,Lake Cowichan,2160.8248859699997
2013,Langford,32681.193754800002
2013,Langley City,71502.15239113
2013,Langley Township,316143.00202
2013,Lantzville,3436.01887146
2013,Lillooet,1138.24102615
2013,Lions Bay,742.17008111
2013,Logan Lake,15938.475904379999
2013,Lumby,8486.969855700001
2013,Lytton,251.49914607
2013,Mackenzie,144885.61718287
2013,Maple Ridge,145597.450164
2013,Masset,794.70163577
2013,McBride,639.5205174299999
2013,Merritt,41766.93
2013,Metchosin,4253.49036325
2013,Midway,1510.834369174
2013,Mission,66555.036222
2013,Montrose,1429.64364251
2013,Nakusp,835.2332737999999
2013,Nanaimo,186235.072606
2013,Nelson,27151.9467744
2013,New Denver,405.04686821
2013,New Hazelton,531.30376183
2013,New Westminster,140101.34428320001
2013,North Cowichan,137906.4735836
2013,North Saanich,14511.832740400001
2013,North Vancouver City,41023.0764295
2013,North Vancouver District,269631.024272
2013,Oak Bay,33196.7178032
2013,Oliver,13618.274193340001
2013,One Hundred Mile House,10458.62269059
2013,Osoyoos,7680.60254334
2013,Parksville,20792.629400499998
2013,Peachland,10677.064901900001
2013,Pemberton,922.94530126
2013,Penticton,69183.36841569
2013,Pitt Meadows,41363.602657
2013,Port Alberni,40701.0166645
2013,Port Alice,350.398836506
2013,Port Clements,257.60731849
2013,Port Coquitlam,116799.48539819999
2013,Port Edward,859.1943698700001
2013,Port Hardy,3808.5347379
2013,Port McNeill,1789.7383198100001
2013,Port Moody,121345.7614409
2013,Pouce Coupe,2802.73692747
2013,Powell River,81782.467935
2013,Prince George,531862.181657
2013,Prince Rupert,30708.0663376
2013,Princeton,28322.55204461
2013,Qualicum Beach,12379.1316303
2013,Queen Charlotte,678.67366438
2013,Quesnel,211144.3644738
2013,Radium Hot Springs,2158.073707
2013,Revelstoke,17911.1005261
2013,Richmond,526724.0405085
2013,Rossland,7986.475738319999
2013,Saanich,126240.153137
2013,Salmo,2076.9197125700002
2013,Salmon Arm,27904.1603397
2013,Sayward,320.93019615000003
2013,Sechelt,14951.4941315
2013,Sechelt IGD,826.3009887999999
2013,Sicamous,2206.9735462
2013,Sidney,13704.8206993
2013,Silverton,160.37774976999998
2013,Slocan,273.7345933
2013,Smithers,19470.134056259998
2013,Sooke,8640.606304500001
2013,Spallumcheen,21775.16855484
2013,Sparwood,145247.1143194
2013,Squamish,25564.016085699997
2013,Stewart,560.38342835
2013,Summerland,19471.9663592
2013,Surrey,871303.568283
2013,Tahsis,671.62290506
2013,Taylor,4450.96522793
2013,Telkwa,1966.86917169
2013,Terrace,28478.129622800003
2013,Tofino,1391.05764419
2013,Trail,77545.1039271
2013,Tumbler Ridge,43377.24321245
2013,Ucluelet,1292.98160184
2013,Valemount,1099.2001007600002
2013,Vancouver,1530347.765818
2013,Vanderhoof,13769.77131406
2013,Vernon,100879.8020216
2013,Victoria,132559.4166241
2013,View Royal,15452.7743747
2013,Warfield,28837.932983299997
2013,Wells,287.65687587
2013,West Vancouver,137271.6346829
2013,Whistler,46194.1187553
2013,White Rock,41188.28176395
2013,Williams Lake,63506.9352739
2013,Zeballos,226.969967618
2014,Abbotsford,348246.09531
2014,Alert Bay,447.91766901000005
2014,Anmore,4576.72924957
2014,Armstrong,11390.75221132
2014,Ashcroft,12648.56768285
2014,Belcarra,1387.69230171
2014,Bowen Island,3023.1050114
2014,Burnaby,616339.8157
2014,Burns Lake,10280.455701480001
2014,Cache Creek,3248.78576206
2014,Campbell River,93130.579134
2014,Canal Flats,575.89317192
2014,Castlegar,109691.57499099999
2014,Central Saanich,18791.5700735
2014,Chase,5665.20665548
2014,Chetwynd,23507.88276539
2014,Chilliwack,183939.75653800002
2014,Clinton,2431.2526351
2014,Coldstream,35114.342868299995
2014,Colwood,16247.8359866
2014,Comox,16270.193224
2014,Coquitlam,243555.131967
2014,Courtenay,30970.4865667
2014,Cranbrook,59354.711536200004
2014,Creston,18963.60736691
2014,Cumberland,4674.95057075
2014,Dawson Creek,78907.4380905
2014,Delta,478612.23589400004
2014,Duncan,13983.85418456
2014,Elkford,133587.97142728002
2014,Enderby,6904.52665277
2014,Esquimalt,28398.454240500003
2014,Fernie,44679.685363900004
2014,Fort St. James,19682.796634799997
2014,Fort St. John,80595.0197503
2014,Fraser Lake,7245.11037709
2014,Fruitvale,5470.41665421
2014,Gibsons,108750.93588482
2014,Gold River,1117.70843899
2014,Golden,2731.8211032
2014,Grand Forks,34115.97085755
2014,Granisle,582.131370209
2014,Greenwood,6424.020159322
2014,Harrison Hot Springs,5182.3930368
2014,Hazelton,294.80880300900003
2014,Highlands,1250.83869019
2014,Hope,13450.5874137
2014,Houston,11126.8779791
2014,Hudson's Hope,3128.68809489
2014,Invermere,2670.5269488999998
2014,Kamloops,349952.489911
2014,Kaslo,824.88210797
2014,Kelowna,288318.70893662
2014,Kent,12525.7761402
2014,Keremeos,3142.4197061
2014,Kimberley,63246.2170903
2014,Kitimat,56212.01982363
2014,Ladysmith,13483.68110524
2014,Lake Country,21277.4761426
2014,Lake Cowichan,1899.5117186100001
2014,Langford,30796.3544812
2014,Langley City,67254.78656
2014,Langley Township,300995.53203
2014,Lantzville,3143.19522548
2014,Lillooet,1172.00774327
2014,Lions Bay,621.1744301
2014,Logan Lake,19694.79159138
2014,Lumby,9168.23938549
2014,Lytton,224.64273972
2014,Mackenzie,134562.58612005
2014,Maple Ridge,138134.774469
2014,Masset,711.7173782299999
2014,McBride,588.79822831
2014,Merritt,40038.55565956
2014,Metchosin,3902.75888624
2014,Midway,1461.328118396
2014,Mission,63972.808559
2014,Montrose,1441.511006446
2014,Nakusp,863.30540847
2014,Nanaimo,221714.3436818
2014,Nelson,29457.0951178
2014,New Denver,484.50132204
2014,New Hazelton,461.47380828
2014,New Westminster,140325.145844
2014,North Cowichan,135170.8082231
2014,North Saanich,13749.5096529
2014,North Vancouver City,36026.673093000005
2014,North Vancouver District,251385.016283
2014,Oak Bay,27327.2066676
2014,Oliver,13417.570057140001
2014,One Hundred Mile House,10618.82492517
2014,Osoyoos,7320.12771647
2014,Parksville,19738.0228536
2014,Peachland,10167.93526836
2014,Pemberton,834.23017125
2014,Penticton,73172.65212617
2014,Pitt Meadows,38912.80586
2014,Port Alberni,37896.928900700004
2014,Port Alice,978.125672809
2014,Port Clements,208.73018962999998
2014,Port Coquitlam,110040.160015
2014,Port Edward,813.44471719
2014,Port Hardy,3274.58703963
2014,Port McNeill,1537.67064101
2014,Port Moody,92062.433909
2014,Pouce Coupe,3055.1782073
2014,Powell River,76183.7500587
2014,Prince George,578313.9920670999
2014,Prince Rupert,30637.4183882
2014,Princeton,28033.804639100003
2014,Qualicum Beach,11695.29236402
2014,Queen Charlotte,628.9989726599999
2014,Quesnel,201375.76275199998
2014,Radium Hot Springs,1812.20577894
2014,Revelstoke,17563.220708
2014,Richmond,468907.13561
2014,Rossland,8092.71931846
2014,Saanich,107382.0977758
2014,Salmo,2023.7436390680002
2014,Salmon Arm,27873.4881746
2014,Sayward,268.523951119
2014,Sechelt,13975.22024933
2014,Sechelt IGD,718.818100704
2014,Sicamous,1931.21271841
2014,Sidney,12824.71717411
2014,Silverton,174.084066277
2014,Slocan,254.88866793999998
2014,Smithers,16864.366759949997
2014,Sooke,7930.8100589999995
2014,Spallumcheen,21175.662987940002
2014,Sparwood,147742.06141729
2014,Squamish,25057.0451866
2014,Stewart,508.88126840999996
2014,Summerland,21645.4331361
2014,Surrey,813216.7526499999
2014,Tahsis,607.5196737
2014,Taylor,4321.64129912
2014,Telkwa,1913.59153514
2014,Terrace,28989.013873
2014,Tofino,1214.34320928
2014,Trail,89176.63810593
2014,Tumbler Ridge,43400.371656020005
2014,Ucluelet,1178.1153863700001
2014,Valemount,1018.47577433
2014,Vancouver,1442262.257106
2014,Vanderhoof,14256.16963455
2014,Vernon,100556.24976460001
2014,Victoria,128883.5724917
2014,View Royal,14681.991911449999
2014,Warfield,22115.86755369
2014,Wells,240.69844351
2014,West Vancouver,126011.68433599999
2014,Whistler,44996.3201932
2014,White Rock,37936.6047276
2014,Williams Lake,68031.3985104
2014,Zeballos,187.694482727
2015,Abbotsford,328809.755914
2015,Alert Bay,394.33589441
2015,Anmore,4166.44708733
2015,Armstrong,9878.66149087
2015,Ashcroft,12317.773854149998
2015,Belcarra,1248.3180306900001
2015,Bowen Island,2374.25254596
2015,Burnaby,548199.771582
2015,Burns Lake,8113.11533134
2015,Cache Creek,2966.31177679
2015,Campbell River,71019.9733619
2015,Canal Flats,427.81793307
2015,Castlegar,118012.93410566001
2015,Central Saanich,14960.643731799999
2015,Chase,5012.34621468
2015,Chetwynd,33746.96341519
2015,Chilliwack,170039.939764
2015,Clinton,1987.246278446
2015,Coldstream,37376.962084
2015,Colwood,13194.3284588
2015,Comox,14614.3088264
2015,Coquitlam,227375.771962
2015,Courtenay,29033.478945699997
2015,Cranbrook,53502.653023399995
2015,Creston,17451.30482271
2015,Cumberland,4213.87858866
2015,Dawson Creek,70066.7068949
2015,Delta,513247.684602
2015,Duncan,13993.011040170002
2015,Elkford,158001.71321376
2015,Enderby,6288.040648380001
2015,Esquimalt,23335.434757400002
2015,Fernie,29828.601687699997
2015,Fort St. James,18440.72030157
2015,Fort St. John,70756.197802
2015,Fraser Lake,4667.6137659999995
2015,Fruitvale,5287.75408554
2015,Gibsons,108798.71475377999
2015,Gold River,919.5034419699999
2015,Golden,2100.52187471
2015,Grand Forks,28516.1172403
2015,Granisle,318.9719976
2015,Greenwood,6109.969459146
2015,Harrison Hot Springs,4905.7312688
2015,Hazelton,228.45523236
2015,Highlands,1210.312575258
2015,Hope,12042.8934029
2015,Houston,18076.26483728
2015,Hudson's Hope,2464.09266402
2015,Invermere,2178.7777613000003
2015,Kamloops,329338.6557446
2015,Kaslo,650.45228905
2015,Kelowna,252992.637087176
2015,Kent,11198.779198
2015,Keremeos,2796.17104106
2015,Kimberley,61752.6851579
2015,Kitimat,64145.21515915
2015,Ladysmith,12730.67817949
2015,Lake Country,19227.0439494
2015,Lake Cowichan,1433.35056721
2015,Langford,25648.283025599998
2015,Langley City,62773.948088
2015,Langley Township,280017.897299
2015,Lantzville,2819.79309883
2015,Lillooet,893.89359797
2015,Lions Bay,479.73126396
2015,Logan Lake,16994.96911264
2015,Lumby,8842.70509356
2015,Lytton,178.88976952000002
2015,Mackenzie,142475.46124529
2015,Maple Ridge,126762.79174
2015,Masset,534.52678124
2015,McBride,476.08554928
2015,Merritt,42462.265480710004
2015,Metchosin,3150.45564184
2015,Midway,1205.3293245090001
2015,Mission,58103.637955000006
2015,Montrose,1315.7252224029999
2015,Nakusp,654.2488607099999
2015,Nanaimo,214068.72278299998
2015,Nelson,26597.505508000002
2015,New Denver,360.78984359
2015,New Hazelton,361.81197027
2015,New Westminster,129873.62467699999
2015,North Cowichan,118067.0090491
2015,North Saanich,11120.5401569
2015,North Vancouver City,32028.500025999998
2015,North Vancouver District,226583.89720200002
2015,Oak Bay,24146.2661884
2015,Oliver,12663.926565119998
2015,One Hundred Mile House,9399.09322478
2015,Osoyoos,6656.84790517
2015,Parksville,19044.631088500002
2015,Peachland,8841.58867577
2015,Pemberton,649.3222098699999
2015,Penticton,64244.470195306
2015,Pitt Meadows,36931.645942
2015,Port Alberni,40368.0250687
2015,Port Alice,729.1371898430001
2015,Port Clements,147.685150849
2015,Port Coquitlam,104211.228758
2015,Port Edward,675.80162621
2015,Port Hardy,2711.63603795
2015,Port McNeill,1249.65350495
2015,Port Moody,75350.57359
2015,Pouce Coupe,2690.36114408
2015,Powell River,68725.7796751
2015,Prince George,536526.8412629999
2015,Prince Rupert,31506.612019199998
2015,Princeton,26756.273432410002
2015,Qualicum Beach,11440.524415299999
2015,Queen Charlotte,488.34972278
2015,Quesnel,208165.09320869998
2015,Radium Hot Springs,1341.62751134
2015,Revelstoke,16421.949159
2015,Richmond,455214.55161699996
2015,Rossland,6631.88441478
2015,Saanich,94308.088573
2015,Salmo,1799.288409424
2015,Salmon Arm,24968.470991399998
2015,Sayward,221.686866701
2015,Sechelt,12776.3257406
2015,Sechelt IGD,591.4829361750001
2015,Sicamous,1537.8982331900002
2015,Sidney,10185.95402874
2015,Silverton,138.387795571
2015,Slocan,208.74655255
2015,Smithers,14492.66331845
2015,Sooke,6491.0169167
2015,Spallumcheen,22099.83753847
2015,Sparwood,130651.10047515
2015,Squamish,23838.8226356
2015,Stewart,367.46996264999996
2015,Summerland,18803.30475393
2015,Surrey,741918.59476
2015,Tahsis,511.85616438
2015,Taylor,3930.55637949
2015,Telkwa,1699.1300891
2015,Terrace,25942.6674164
2015,Tofino,853.13239153
2015,Trail,94960.13290478
2015,Tumbler Ridge,47956.27305954
2015,Ucluelet,909.04666412
2015,Valemount,819.70004451
2015,Vancouver,1309081.83736
2015,Vanderhoof,11043.87566591
2015,Vernon,92625.26468149999
2015,Victoria,135648.9440366
2015,View Royal,11956.50798717
2015,Warfield,2713.37901398
2015,Wells,177.9031467
2015,West Vancouver,115333.29193100001
2015,Whistler,42320.3982721
2015,White Rock,34969.4366737
2015,Williams Lake,64409.4459208
2015,Zeballos,164.22775185
2016,Abbotsford,356918.00734999997
2016,Alert Bay,407.92096456999997
2016,Anmore,4551.117951480001
2016,Armstrong,10115.20881743
2016,Ashcroft,12334.160649409998
2016,Belcarra,1324.09814152
2016,Bowen Island,2758.84062562
2016,Burnaby,551958.177181
2016,Burns Lake,6375.67824486
2016,Cache Creek,2960.527759938
2016,Campbell River,58116.3105125
2016,Canal Flats,404.74667991999996
2016,Castlegar,140581.74969408
2016,Central Saanich,16009.33741014
2016,Chase,5032.826641879999
2016,Chetwynd,21287.23186746
2016,Chilliwack,185014.092095
2016,Clinton,2032.4821607089998
2016,Coldstream,58183.98563618
2016,Colwood,13904.56594206
2016,Comox,15932.1682595
2016,Coquitlam,244233.10376099998
2016,Courtenay,30182.4608901
2016,Cranbrook,55439.4835409
2016,Creston,17332.42154518
2016,Cumberland,4459.54980875
2016,Dawson Creek,61384.9672424
2016,Delta,571856.882581
2016,Duncan,14314.505315440001
2016,Elkford,162892.37587942998
2016,Enderby,6580.76161426
2016,Esquimalt,23756.43021906
2016,Fernie,27804.67166625
2016,Fort St. James,21197.0485389
2016,Fort St. John,69252.1515738
2016,Fraser Lake,2316.72948091
2016,Fruitvale,5012.61617655
2016,Gibsons,91072.56727858
2016,Gold River,889.3665043999999
2016,Golden,2070.06932124
2016,Grand Forks,27589.29415884
2016,Granisle,314.82436986700003
2016,Greenwood,8708.068949924
2016,Harrison Hot Springs,5039.534278900001
2016,Hazelton,230.016162981
2016,Highlands,1188.79832706
2016,Hope,12630.0903602
2016,Houston,21267.857730850003
2016,Hudson's Hope,2827.4121608
2016,Invermere,2299.130549
2016,Kamloops,365398.9481791
2016,Kaslo,645.62906715
2016,Kelowna,261100.994235818
2016,Kent,12481.9155483
2016,Keremeos,2944.6670148900002
2016,Kimberley,62233.4534562
2016,Kitimat,82550.42280828001
2016,Ladysmith,14509.8928753
2016,Lake Country,20747.5442462
2016,Lake Cowichan,1442.37735462
2016,Langford,28053.395910400002
2016,Langley City,67526.85344800001
2016,Langley Township,301001.467418
2016,Lantzville,2799.2248763000002
2016,Lillooet,807.96770653
2016,Lions Bay,469.54769294
2016,Logan Lake,17929.05227698
2016,Lumby,9197.28180347
2016,Lytton,174.796529894
2016,Mackenzie,127612.28667139
2016,Maple Ridge,136632.071236
2016,Masset,511.6257966
2016,McBride,495.14363577000006
2016,Merritt,38357.64616743
2016,Metchosin,3105.64809011
2016,Midway,1213.708317769
2016,Mission,63064.425108
2016,Montrose,1336.3005379049998
2016,Nakusp,648.4883648499999
2016,Nanaimo,230095.8920938
2016,Nelson,27255.82059254
2016,New Denver,340.32436504
2016,New Hazelton,352.06913013999997
2016,New Westminster,135797.91529
2016,North Cowichan,144157.40073649999
2016,North Saanich,11315.41177024
2016,North Vancouver City,33524.06252
2016,North Vancouver District,241321.389536
2016,Oak Bay,24465.7403156
2016,Oliver,12991.68508039
2016,One Hundred Mile House,9326.41291028
2016,Osoyoos,6881.83761416
2016,Parksville,19629.1006421
2016,Peachland,9452.47861438
2016,Pemberton,718.91341058
2016,Penticton,67022.327125824
2016,Pitt Meadows,42807.308846
2016,Port Alberni,48311.007465999995
2016,Port Alice,708.881508656
2016,Port Clements,125.809561271
2016,Port Coquitlam,110523.029996
2016,Port Edward,659.423393
2016,Port Hardy,2739.43748377
2016,Port McNeill,1195.94784018
2016,Port Moody,73663.27327199999
2016,Pouce Coupe,2630.97995986
2016,Powell River,83913.039644
2016,Prince George,571095.4695017
2016,Prince Rupert,29616.746121500004
2016,Princeton,30269.00317505
2016,Qualicum Beach,11558.16953063
2016,Queen Charlotte,488.17359353999996
2016,Quesnel,194450.0765448
2016,Radium Hot Springs,1209.5580644
2016,Revelstoke,15178.4693952
2016,Richmond,529819.725807
2016,Rossland,7347.07196579
2016,Saanich,95733.013329
2016,Salmo,1843.998944275
2016,Salmon Arm,25628.0055907
2016,Sayward,211.14050010699998
2016,Sechelt,14102.87761269
2016,Sechelt IGD,632.797774395
2016,Sicamous,1553.80692683
2016,Sidney,10636.45265708
2016,Silverton,139.618330867
2016,Slocan,214.06430167000002
2016,Smithers,16057.97794297
2016,Sooke,6697.297793
2016,Spallumcheen,22961.1852893
2016,Sparwood,156118.96169672997
2016,Squamish,25249.28334083
2016,Stewart,314.22751789999995
2016,Summerland,20127.44682637
2016,Surrey,804664.8968400001
2016,Tahsis,516.29718426
2016,Taylor,3733.18344358
2016,Telkwa,1664.6644123400001
2016,Terrace,26040.866530299998
2016,Tofino,678.989176524
2016,Trail,93973.38824221
2016,Tumbler Ridge,36682.69269549
2016,Ucluelet,860.66265854
2016,Valemount,847.0821272999999
2016,Vancouver,1372383.01621
2016,Vanderhoof,10687.48560696
2016,Vernon,94189.9325847
2016,Victoria,140449.2998555
2016,View Royal,12756.94753283
2016,Warfield,2767.54806866
2016,Wells,169.96167565599998
2016,West Vancouver,121354.840276
2016,Whistler,46867.4296747
2016,White Rock,37222.9061648
2016,Williams Lake,65270.6425759
2016,Zeballos,158.389300651
2017,Abbotsford,402045.249005
2017,Alert Bay,388.50360896999996
2017,Anmore,5362.8674798
2017,Armstrong,12299.46194821
2017,Ashcroft,13492.548923170001
2017,Belcarra,1572.5832160379998
2017,Bowen Island,2680.4355774100004
2017,Burnaby,600703.520288
2017,Burns Lake,7336.239495040001
2017,Cache Creek,3110.109846711
2017,Campbell River,51910.2617014
2017,Canal Flats,467.61352122000005
2017,Castlegar,129961.35214983
2017,Central Saanich,17540.55621431
2017,Chase,5227.03911423
2017,Chetwynd,21526.251369039997
2017,Chilliwack,216117.30538099998
2017,Clinton,1933.183367204
2017,Coldstream,67699.34942571
2017,Colwood,15217.04809004
2017,Comox,16809.3706207
2017,Coquitlam,276847.016915
2017,Courtenay,33512.839515600004
2017,Cranbrook,60989.101556199996
2017,Creston,18527.9647798
2017,Cumberland,5407.68321326
2017,Dawson Creek,73537.55023960001
2017,Delta,598804.804667
2017,Duncan,16065.680268760001
2017,Elkford,163116.93687052
2017,Enderby,7374.72257963
2017,Esquimalt,25843.2251869
2017,Fernie,30607.21472227
2017,Fort St. James,22962.68227642
2017,Fort St. John,76643.2853529
2017,Fraser Lake,2502.3580984
2017,Fruitvale,5344.390578537001
2017,Gibsons,107833.16757671999
2017,Gold River,777.9829803299999
2017,Golden,2127.30942801
2017,Grand Forks,30138.179788070003
2017,Granisle,251.122021389
2017,Greenwood,8034.643752825999
2017,Harrison Hot Springs,5280.471864429999
2017,Hazelton,208.998887251
2017,Highlands,1413.37238135
2017,Hope,14625.228819400001
2017,Houston,24138.54769228
2017,Hudson's Hope,3028.40733097
2017,Invermere,2301.55528341
2017,Kamloops,409212.8427004
2017,Kaslo,675.32035153
2017,Kelowna,304052.597068885
2017,Kent,14802.8687202
2017,Keremeos,3444.756504697
2017,Kimberley,73532.8611853
2017,Kitimat,88333.93520841999
2017,Ladysmith,14157.88066472
2017,Lake Country,24047.908322680003
2017,Lake Cowichan,1286.8256822800001
2017,Langford,30974.168123900003
2017,Langley City,77339.9501177
2017,Langley Township,345270.683969
2017,Lantzville,2771.0107457599997
2017,Lillooet,878.1554780399999
2017,Lions Bay,478.465568308
2017,Logan Lake,21428.235835630003
2017,Lumby,9679.73907193
2017,Lytton,172.010842791
2017,Mackenzie,119251.04878077998
2017,Maple Ridge,155278.504541
2017,Masset,497.94041150000004
2017,McBride,489.96994571
2017,Merritt,29895.6677143
2017,Metchosin,3158.03620529
2017,Midway,1263.728954413
2017,Mission,72031.582178
2017,Montrose,1470.6676132369998
2017,Nakusp,633.6438063400001
2017,Nanaimo,250992.6020359
2017,Nelson,31670.67463246
2017,New Denver,354.01004986
2017,New Hazelton,352.19017742
2017,New Westminster,150807.966319
2017,North Cowichan,165607.17285610002
2017,North Saanich,12141.06362116
2017,North Vancouver City,37490.571892
2017,North Vancouver District,274674.23138400004
2017,Oak Bay,25539.5650199
2017,Oliver,15758.834183769999
2017,One Hundred Mile House,10522.50939585
2017,Osoyoos,7907.6742896900005
2017,Parksville,20394.7665424
2017,Peachland,11608.28735872
2017,Pemberton,571.23087159
2017,Penticton,77877.20213973499
2017,Pitt Meadows,50490.1332449
2017,Port Alberni,51873.189567500005
2017,Port Alice,714.8617489449999
2017,Port Clements,131.8170002
2017,Port Coquitlam,122860.2414
2017,Port Edward,746.2791472810001
2017,Port Hardy,2492.91580031
2017,Port McNeill,1162.90821047
2017,Port Moody,73870.3172432
2017,Pouce Coupe,3008.14056993
2017,Powell River,159948.2054029
2017,Prince George,645772.2641641
2017,Prince Rupert,30472.2432428
2017,Princeton,28108.41718803
2017,Qualicum Beach,11703.86097541
2017,Queen Charlotte,490.69760162
2017,Quesnel,222482.8241585
2017,Radium Hot Springs,1256.04794487
2017,Revelstoke,18458.5359279
2017,Richmond,573745.679864
2017,Rossland,9022.272375879998
2017,Saanich,102850.37417489999
2017,Salmo,2121.533896511
2017,Salmon Arm,29323.529082800003
2017,Sayward,193.45756782400002
2017,Sechelt,15726.0411737
2017,Sechelt IGD,729.86890523
2017,Sicamous,1491.0386036300001
2017,Sidney,11081.47406281
2017,Silverton,142.86186329699999
2017,Slocan,225.96182540400002
2017,Smithers,17621.89543638
2017,Sooke,6939.8376077
2017,Spallumcheen,28537.449520989998
2017,Sparwood,158424.55738262
2017,Squamish,28047.15586747
2017,Stewart,289.90438058899997
2017,Summerland,26379.93325691
2017,Surrey,924588.2097599999
2017,Tahsis,475.16371924
2017,Taylor,4082.3509576999995
2017,Telkwa,1903.0152869800002
2017,Terrace,30041.328219
2017,Tofino,635.11008175
2017,Trail,104670.59916805
2017,Tumbler Ridge,31333.930750320003
2017,Ucluelet,769.5577842
2017,Valemount,851.69012937
2017,Vancouver,1520617.1584
2017,Vanderhoof,13379.34253122
2017,Vernon,106422.7890035
2017,Victoria,153068.7056276
2017,View Royal,14522.43009204
2017,Warfield,3490.62030917
2017,Wells,171.55645579
2017,West Vancouver,136694.79844900002
2017,Whistler,51637.09248427
2017,White Rock,41435.6017947
2017,Williams Lake,71990.75232316999
2017,Zeballos,145.605766482
2018,Abbotsford,389259.35760600003
2018,Alert Bay,341.01469448999995
2018,Anmore,4913.003227120001
2018,Armstrong,11598.364016840002
2018,Ashcroft,13075.766701479999
2018,Belcarra,1450.738315639
2018,Bowen Island,2573.61657357
2018,Burnaby,564019.4180732999
2018,Burns Lake,8071.44872437
2018,Cache Creek,3057.9082511409997
2018,Campbell River,53787.4230719
2018,Canal Flats,472.82560282
2018,Castlegar,127185.13869862
2018,Central Saanich,16562.7529308
2018,Chase,5103.80767236
2018,Chetwynd,22158.28394854
2018,Chilliwack,206202.31872799998
2018,Clinton,2031.386156113
2018,Coldstream,76365.10194478
2018,Colwood,14438.4347377
2018,Comox,20504.0045746
2018,Coquitlam,256157.40132099998
2018,Courtenay,31551.4425761
2018,Cranbrook,59485.0573022
2018,Creston,17611.601161669998
2018,Cumberland,5074.51754607
2018,Dawson Creek,93646.4458719
2018,Delta,641050.1061839
2018,Duncan,15008.72924517
2018,Elkford,190065.72685192002
2018,Enderby,6854.7455926600005
2018,Esquimalt,24495.109203000004
2018,Fernie,30656.55679996
2018,Fort St. James,19471.25934601
2018,Fort St. John,83319.5390646
2018,Fraser Lake,2523.31294673
2018,Fruitvale,5300.256752815
2018,Gibsons,89314.98967074
2018,Gold River,699.5650509000001
2018,Golden,1946.2826331200001
2018,Grand Forks,27090.733181429998
2018,Granisle,499.928740925
2018,Greenwood,7567.355163806
2018,Harrison Hot Springs,5216.15758101
2018,Hazelton,180.509779958
2018,Highlands,1280.922598362
2018,Hope,13611.3706825
2018,Houston,22380.943526670002
2018,Hudson's Hope,3221.73293323
2018,Invermere,2118.75344808
2018,Kamloops,385146.5881235
2018,Kaslo,631.56180426
2018,Kelowna,289816.940698332
2018,Kent,13699.3734971
2018,Keremeos,3301.7377495200003
2018,Kimberley,69733.3463206
2018,Kitimat,83510.2374006
2018,Ladysmith,13020.8013998
2018,Lake Country,23595.49626182
2018,Lake Cowichan,1199.6899142299999
2018,Langford,30919.130164000002
2018,Langley City,72299.3295574
2018,Langley Township,321989.38650300005
2018,Lantzville,2704.70856727
2018,Lillooet,866.1079445
2018,Lions Bay,466.59294549699996
2018,Logan Lake,20184.04502516
2018,Lumby,9863.40513854
2018,Lytton,159.67398842400002
2018,Mackenzie,123794.94334473
2018,Maple Ridge,141563.821023
2018,Masset,504.55165393
2018,McBride,466.23242507000003
2018,Merritt,27055.75565143
2018,Metchosin,2998.2122725
2018,Midway,1171.75036609
2018,Mission,66334.131078
2018,Montrose,1434.363216712
2018,Nakusp,594.06006447
2018,Nanaimo,218721.42875799997
2018,Nelson,30076.339757949998
2018,New Denver,323.77232842
2018,New Hazelton,357.46197593
2018,New Westminster,141000.92750999998
2018,North Cowichan,159274.7981112
2018,North Saanich,11596.670890399999
2018,North Vancouver City,35939.7125773
2018,North Vancouver District,260805.47331380003
2018,Oak Bay,24620.8323533
2018,Oliver,14431.67206975
2018,One Hundred Mile House,10215.571637210001
2018,Osoyoos,7429.055712339999
2018,Parksville,19624.546796799998
2018,Peachland,10710.6560838
2018,Pemberton,587.2336342
2018,Penticton,74340.216188846
2018,Pitt Meadows,45488.0840478
2018,Port Alberni,41048.9455898
2018,Port Alice,624.9945639700001
2018,Port Clements,152.457953112
2018,Port Coquitlam,112684.28134300001
2018,Port Edward,726.69389619
2018,Port Hardy,2220.2265174
2018,Port McNeill,1085.47369626
2018,Port Moody,67010.9785576
2018,Pouce Coupe,3214.29082465
2018,Powell River,149336.5152461
2018,Prince George,661558.240455
2018,Prince Rupert,33726.8354541
2018,Princeton,25904.229896020002
2018,Qualicum Beach,11208.2172743
2018,Queen Charlotte,519.6827604399999
2018,Quesnel,222476.90140089998
2018,Radium Hot Springs,1263.35774509
2018,Revelstoke,17767.00640443
2018,Richmond,584239.3998075
2018,Rossland,8820.35319825
2018,Saanich,96460.9320549
2018,Salmo,2016.173528636
2018,Salmon Arm,28596.018311499996
2018,Sayward,182.759143037
2018,Sechelt,14981.835052
2018,Sechelt IGD,691.055644796
2018,Sicamous,1370.60278277
2018,Sidney,10507.4148719
2018,Silverton,130.799324314
2018,Slocan,212.674748084
2018,Smithers,17035.96698554
2018,Sooke,6648.3363574
2018,Spallumcheen,25061.36122152
2018,Sparwood,133336.68695195
2018,Squamish,26698.70341863
2018,Stewart,309.42690322
2018,Summerland,22897.73005263
2018,Surrey,871006.40769
2018,Tahsis,439.51421500000004
2018,Taylor,4441.28473634
2018,Telkwa,1963.86508566
2018,Terrace,28349.483951
2018,Tofino,550.14411195
2018,Trail,106285.08685465
2018,Tumbler Ridge,22775.24716088
2018,Ucluelet,680.64401114
2018,Valemount,816.16972393
2018,Vancouver,1427045.974963
2018,Vanderhoof,14181.58519655
2018,Vernon,102993.86372
2018,Victoria,145648.23195699998
2018,View Royal,13882.4317108
2018,Warfield,3165.3992845599996
2018,Wells,175.15048215000002
2018,West Vancouver,128623.3239703
2018,Whistler,50186.13887547
2018,White Rock,38120.809477899995
2018,Williams Lake,74034.2901289
2018,Zeballos,139.715820253
2019,Abbotsford,411629.39038900007
2019,Alert Bay,328.93299315
2019,Anmore,5186.38097808
2019,Armstrong,11923.08113121
2019,Ashcroft,13121.3023689
2019,Belcarra,1508.12756114
2019,Bowen Island,2526.9141765599998
2019,Burnaby,599065.5504953
2019,Burns Lake,7873.049975740001
2019,Cache Creek,3153.169153586
2019,Campbell River,328387.36911729997
2019,Canal Flats,506.99090764
2019,Castlegar,138125.21254896
2019,Central Saanich,17256.3832271
2019,Chase,5231.976936579999
2019,Chetwynd,21003.84638966
2019,Chilliwack,223109.443028
2019,Clinton,1986.096630679
2019,Coldstream,79055.58125432
2019,Colwood,15272.3132784
2019,Comox,21533.952530799997
2019,Coquitlam,260850.904521
2019,Courtenay,32463.387225100003
2019,Cranbrook,62476.204522800006
2019,Creston,18323.62741848
2019,Cumberland,5283.00744424
2019,Dawson Creek,80898.79991540001
2019,Delta,660302.8923579999
2019,Duncan,15708.45044343
2019,Elkford,203235.92874592
2019,Enderby,6927.4887660800005
2019,Esquimalt,25184.5832134
2019,Fernie,27389.91767302
2019,Fort St. James,8626.46800053
2019,Fort St. John,77725.85587089999
2019,Fraser Lake,2363.4631035
2019,Fruitvale,5324.560672274
2019,Gibsons,102276.0549867
2019,Gold River,706.57277843
2019,Golden,1924.47481402
2019,Grand Forks,28347.72590401
2019,Granisle,474.681141534
2019,Greenwood,5941.240080476001
2019,Harrison Hot Springs,5476.47823092
2019,Hazelton,183.44848539900002
2019,Highlands,1453.19932176
2019,Hope,13966.236994800001
2019,Houston,21063.188072430003
2019,Hudson's Hope,3218.87203335
2019,Invermere,2225.13135368
2019,Kamloops,380196.3015059
2019,Kaslo,632.0832894600001
2019,Kelowna,313087.53755291
2019,Kent,13983.6361394
2019,Keremeos,3532.311882274
2019,Kimberley,76158.4331037
2019,Kitimat,81543.06215879999
2019,Ladysmith,12430.196137300001
2019,Lake Country,25399.847679209997
2019,Lake Cowichan,1174.8344880299999
2019,Langford,34745.3400715
2019,Langley City,76255.8028758
2019,Langley Township,338991.028902
2019,Lantzville,2820.3591633300002
2019,Lillooet,915.67262129
2019,Lions Bay,478.66842049400003
2019,Logan Lake,20491.24811248
2019,Lumby,9831.44299945
2019,Lytton,151.672817613
2019,Mackenzie,159757.59758551
2019,Maple Ridge,146116.294713
2019,Masset,511.16402194999995
2019,McBride,459.3677058899999
2019,Merritt,24716.94040309
2019,Metchosin,3118.04394429
2019,Midway,1168.3564723920001
2019,Mission,68432.3131906
2019,Montrose,1479.9537937939997
2019,Nakusp,598.02620071
2019,Nanaimo,223676.73756
2019,Nelson,31410.004610419997
2019,New Denver,304.93679650999997
2019,New Hazelton,363.24564942
2019,New Westminster,144638.18818
2019,North Cowichan,179922.6073966
2019,North Saanich,11897.3240946
2019,North Vancouver City,36860.0623171
2019,North Vancouver District,259371.30259099999
2019,Oak Bay,25192.2817196
2019,Oliver,15575.50894474
2019,One Hundred Mile House,10436.667614540002
2019,Osoyoos,7849.543439599999
2019,Parksville,20648.830291
2019,Peachland,11399.420649909998
2019,Pemberton,654.72103939
2019,Penticton,79717.124650885
2019,Pitt Meadows,44699.5058539
2019,Port Alberni,39550.1254801
2019,Port Alice,593.6575720049999
2019,Port Clements,159.801321678
2019,Port Coquitlam,115426.361918
2019,Port Edward,623.28984861
2019,Port Hardy,2201.9199869
2019,Port McNeill,1110.90968235
2019,Port Moody,65951.2785781
2019,Pouce Coupe,2895.49143507
2019,Powell River,120975.1099269
2019,Prince George,713209.576395
2019,Prince Rupert,53892.5043172
2019,Princeton,28644.760858060003
2019,Qualicum Beach,11596.1782611
2019,Queen Charlotte,509.09500263999996
2019,Quesnel,230043.1498828
2019,Radium Hot Springs,1316.44166866
2019,Revelstoke,19133.1170563
2019,Richmond,581932.555433
2019,Rossland,9593.77847337
2019,Saanich,99983.2854501
2019,Salmo,2104.112737756
2019,Salmon Arm,29031.6817344
2019,Sayward,184.015578892
2019,Sechelt,15531.2299436
2019,Sechelt IGD,738.675604628
2019,Sicamous,1303.26784694
2019,Sidney,10854.8264128
2019,Silverton,121.204538111
2019,Slocan,212.597508435
2019,Smithers,29487.745801970003
2019,Sooke,6846.4457075
2019,Spallumcheen,24562.99447006
2019,Sparwood,152708.69252669998
2019,Squamish,28192.089926930003
2019,Stewart,321.80462832
2019,Summerland,25138.629636229998
2019,Surrey,910947.12982
2019,Tahsis,430.11567104
2019,Taylor,4265.66098983
2019,Telkwa,1804.60273478
2019,Terrace,30342.875477
2019,Tofino,547.1184512
2019,Trail,106325.18093649
2019,Tumbler Ridge,35450.61387557
2019,Ucluelet,666.10472599
2019,Valemount,812.16924644
2019,Vancouver,1452213.780198
2019,Vanderhoof,13175.56312223
2019,Vernon,106362.1993702
2019,Victoria,147588.4608196
2019,View Royal,14833.0450759
2019,Warfield,3338.39685961
2019,Wells,186.49784137000003
2019,West Vancouver,129514.41582200001
2019,Whistler,53752.522163400005
2019,White Rock,38803.023882099995
2019,Williams Lake,75447.291279
2019,Zeballos,139.092841375
2020,Abbotsford,431473.11778
2020,Alert Bay,313.65718477
2020,Anmore,5587.59198425
2020,Armstrong,11555.08726945
2020,Ashcroft,13123.561100019999
2020,Belcarra,1611.805317472
2020,Bowen Island,2556.20413419
2020,Burnaby,568061.630558
2020,Burns Lake,15310.922207569998
2020,Cache Creek,2989.5947194660002
2020,Campbell River,68713.9517654
2020,Canal Flats,492.5427490000001
2020,Castlegar,131132.35963132
2020,Central Saanich,17733.0924272
2020,Chase,5209.68476647
2020,Chetwynd,22018.40133434
2020,Chilliwack,232174.703808
2020,Clinton,1795.1580682969998
2020,Coldstream,76294.80108531
2020,Colwood,15358.9793707
2020,Comox,21285.8305289
2020,Coquitlam,264474.62267099996
2020,Courtenay,31704.5097936
2020,Cranbrook,58807.8119971
2020,Creston,18365.488574140003
2020,Cumberland,5244.12364203
2020,Dawson Creek,87491.48779799999
2020,Delta,675037.971802
2020,Duncan,15814.64374668
2020,Elkford,186327.55804250998
2020,Enderby,6761.76078274
2020,Esquimalt,24358.063046900003
2020,Fernie,25266.07779003
2020,Fort St. James,4505.38530459
2020,Fort St. John,80058.03314059999
2020,Fraser Lake,2372.4507561709997
2020,Fruitvale,5863.24409124
2020,Gibsons,101744.43364806
2020,Gold River,641.41967317
2020,Golden,1884.17049537
2020,Grand Forks,27540.66882048
2020,Granisle,517.554201207
2020,Greenwood,4314.870537674
2020,Harrison Hot Springs,4973.4680914400005
2020,Hazelton,168.578690077
2020,Highlands,1568.1616590400001
2020,Hope,13944.5883911
2020,Houston,20030.68763832
2020,Hudson's Hope,3179.1240489039997
2020,Invermere,2059.74774062
2020,Kamloops,363271.1707269
2020,Kaslo,475.43363594
2020,Kelowna,307689.010998021
2020,Kent,14406.6211615
2020,Keremeos,3486.487021546
2020,Kimberley,77481.54253742
2020,Kitimat,84091.55022828
2020,Ladysmith,8750.286789830001
2020,Lake Country,25178.1698108
2020,Lake Cowichan,1007.53685346
2020,Langford,37761.5758552
2020,Langley City,77974.5273135
2020,Langley Township,347189.96863300004
2020,Lantzville,2942.6899441200003
2020,Lillooet,849.62597089
2020,Lions Bay,461.934682783
2020,Logan Lake,20353.20941264
2020,Lumby,9872.417103169999
2020,Lytton,143.061397225
2020,Mackenzie,123663.87517151999
2020,Maple Ridge,147304.370428
2020,Masset,474.06504487
2020,McBride,440.530574
2020,Merritt,26497.65638693
2020,Metchosin,2987.86145847
2020,Midway,1387.528360702
2020,Mission,70898.947972
2020,Montrose,1440.095831974
2020,Nakusp,370.024383838
2020,Nanaimo,241185.97891800004
2020,Nelson,29628.71571548
2020,New Denver,197.891351642
2020,New Hazelton,362.72483877999997
2020,New Westminster,149599.92696799999
2020,North Cowichan,176661.5045151
2020,North Saanich,11987.2191637
2020,North Vancouver City,59866.412076
2020,North Vancouver District,241714.745203
2020,Oak Bay,25893.7950955
2020,Oliver,15307.58359424
2020,One Hundred Mile House,9534.22038606
2020,Osoyoos,7803.22971185
2020,Parksville,20696.7276553
2020,Peachland,11013.80736203
2020,Pemberton,708.08952286
2020,Penticton,76043.52164604199
2020,Pitt Meadows,46166.4643508
2020,Port Alberni,41185.186416983
2020,Port Alice,582.476297154
2020,Port Clements,152.60079792800002
2020,Port Coquitlam,113717.74898100001
2020,Port Edward,615.943839155
2020,Port Hardy,2258.8533713
2020,Port McNeill,1197.54286843
2020,Port Moody,66254.5512959
2020,Pouce Coupe,2737.533918637
2020,Powell River,109273.2314498
2020,Prince George,712993.8491912
2020,Prince Rupert,33045.527526800004
2020,Princeton,27909.567086280003
2020,Qualicum Beach,11511.7718287
2020,Queen Charlotte,455.01394085
2020,Quesnel,216907.86568018
2020,Radium Hot Springs,1366.15839769
2020,Revelstoke,18858.721003000002
2020,Richmond,557042.1669620001
2020,Rossland,9122.157065559999
2020,Saanich,100859.0785358
2020,Salmo,2146.8587363789998
2020,Salmon Arm,29285.445920799997
2020,Sayward,172.39185487400002
2020,Sechelt,16335.94090236
2020,Sechelt IGD,782.699764631
2020,Sicamous,1164.48685608
2020,Sidney,11019.019353349999
2020,Silverton,68.131047993
2020,Slocan,158.731236566
2020,Smithers,30763.780268029997
2020,Sooke,6880.1320292
2020,Spallumcheen,24455.52088867
2020,Sparwood,119007.16881685
2020,Squamish,28460.280431209998
2020,Stewart,317.682569741
2020,Summerland,24539.89554716
2020,Surrey,926938.39343
2020,Tahsis,390.63219463999997
2020,Taylor,452.615130144
2020,Telkwa,1860.349697495
2020,Terrace,38753.541438809996
2020,Tofino,1110.5700144260002
2020,Trail,99528.806479
2020,Tumbler Ridge,45654.73424523
2020,Ucluelet,972.9598956000001
2020,Valemount,785.0518125000001
2020,Vancouver,1417224.5663700001
2020,Vanderhoof,11553.644192020001
2020,Vernon,103457.28868079999
2020,Victoria,144925.9460205
2020,View Royal,15443.75834833
2020,Warfield,3159.0822808399994
2020,Wells,170.017071072
2020,West Vancouver,135596.2458348
2020,Whistler,51634.7414983
2020,White Rock,40059.1287055
2020,Williams Lake,77749.66713851
2020,Zeballos,131.6854497
2021,Abbotsford,438694.2007591
2021,Alert Bay,306.754255711
2021,Anmore,5680.2262812690005
2021,Armstrong,11937.76593965
2021,Ashcroft,11471.000929722
2021,Belcarra,1667.158826823
2021,Bowen Island,2697.039258157
2021,Burnaby,566691.6580348001
2021,Burns Lake,23174.6144309
2021,Cache Creek,3021.369835893
2021,Campbell River,278018.362802
2021,Canal Flats,560.459652329
2021,Castlegar,131579.01797785
2021,Central Saanich,19194.8155499
2021,Chase,5274.506784818001
2021,Chetwynd,21530.139473099
2021,Chilliwack,244484.07381906
2021,Clinton,1555.904772308
2021,Coldstream,68517.743685698
2021,Colwood,16416.82982064
2021,Comox,23447.773410719998
2021,Coquitlam,271127.33217749
2021,Courtenay,34646.7496439
2021,Cranbrook,59895.33449042
2021,Creston,18573.21346456
2021,Cumberland,6132.32650768
2021,Dawson Creek,67734.3096297
2021,Delta,745152.52517911
2021,Duncan,16765.097320741
2021,Elkford,209456.48811469003
2021,Enderby,6660.47422008
2021,Esquimalt,25322.041823889
2021,Fernie,25656.55701313
2021,Fort St. James,4449.1469165809995
2021,Fort St. John,74956.15395998
2021,Fraser Lake,2316.7666611170002
2021,Fruitvale,6145.182020906
2021,Gibsons,94021.51046078799
2021,Gold River,609.16089272
2021,Golden,2034.45777324
2021,Grand Forks,29346.56291207
2021,Granisle,588.581916076
2021,Greenwood,5207.3336916299995
2021,Harrison Hot Springs,4993.858532204
2021,Hazelton,160.852182004
2021,Highlands,1328.3150677590002
2021,Hope,14760.52522727
2021,Houston,14632.794373908
2021,Hudson's Hope,3292.3822345030003
2021,Invermere,2133.1115065
2021,Kamloops,363380.463199
2021,Kaslo,708.34922234
2021,Kelowna,311944.233810093
2021,Kent,14788.7295351
2021,Keremeos,3550.982098399
2021,Kimberley,79382.289219678
2021,Kitimat,75240.56269877001
2021,Ladysmith,17707.482152
2021,Lake Country,26158.769629674
2021,Lake Cowichan,1262.259354638
2021,Langford,43696.880455348
2021,Langley City,82172.94615045
2021,Langley Township,348579.96409807005
2021,Lantzville,3169.010235893
2021,Lillooet,806.3171954879999
2021,Lions Bay,484.83054214599997
2021,Logan Lake,19340.783680478
2021,Lumby,10575.840080559
2021,Lytton,164.880186183
2021,Mackenzie,30279.765373622
2021,Maple Ridge,152554.28205792
2021,Masset,473.36288339
2021,McBride,450.053825543
2021,Merritt,26127.428970150002
2021,Metchosin,3091.3326068300003
2021,Midway,1229.284572686
2021,Mission,73419.22796726
2021,Montrose,1479.078648304
2021,Nakusp,613.017966928
2021,Nanaimo,245296.4724739
2021,Nelson,30649.36596674
2021,New Denver,310.62673759
2021,New Hazelton,368.469698596
2021,New Westminster,146691.4957319
2021,North Cowichan,198485.39072770003
2021,North Saanich,13063.863265570999
2021,North Vancouver City,38198.06666692
2021,North Vancouver District,270083.6968348
2021,Oak Bay,26770.170074229998
2021,Oliver,15448.523310240002
2021,One Hundred Mile House,10169.73542881
2021,Osoyoos,7990.57309996
2021,Parksville,22599.728436797
2021,Peachland,11174.672052818
2021,Pemberton,686.219525619
2021,Penticton,79223.84183869201
2021,Pitt Meadows,45240.92415756
2021,Port Alberni,58699.8857363
2021,Port Alice,911.2648108200001
2021,Port Clements,156.71257754500002
2021,Port Coquitlam,118471.813801454
2021,Port Edward,913.7934379080001
2021,Port Hardy,2172.0686885510004
2021,Port McNeill,1264.8390546379999
2021,Port Moody,67728.72143793001
2021,Pouce Coupe,2476.570062367
2021,Powell River,117740.96988328
2021,Prince George,736173.756735557
2021,Prince Rupert,30395.37086085
2021,Princeton,25892.104842310004
2021,Qualicum Beach,12644.677083132001
2021,Queen Charlotte,460.69443229
2021,Quesnel,232929.04131069
2021,Radium Hot Springs,1551.980451442
2021,Revelstoke,20004.334051140002
2021,Richmond,598033.9966245199
2021,Rossland,9304.802254769998
2021,Saanich,106344.5287194
2021,Salmo,2248.302199871
2021,Salmon Arm,30784.763929999997
2021,Sayward,189.030555497
2021,Sechelt,17954.810867909
2021,Sechelt IGD,842.142673901
2021,Sicamous,1155.15849073
2021,Sidney,11586.990404
2021,Silverton,107.670485197
2021,Slocan,221.85424382300002
2021,Smithers,30560.49082888
2021,Sooke,7455.15190333
2021,Spallumcheen,25604.873516409
2021,Sparwood,131166.846783491
2021,Squamish,30885.34658486
2021,Stewart,348.257694586
2021,Summerland,25884.24284087
2021,Surrey,962389.17163
2021,Tahsis,428.54760288
2021,Taylor,8931.727390722
2021,Telkwa,460.004739236
2021,Terrace,41409.006015463005
2021,Tofino,434.33726948599997
2021,Trail,103478.31254549
2021,Tumbler Ridge,34083.007793264
2021,Ucluelet,611.601686233
2021,Valemount,734.383823004
2021,Vancouver,1444195.49182
2021,Vanderhoof,11031.37959532
2021,Vernon,106925.8010976
2021,Victoria,148638.3503244
2021,View Royal,16454.9379908
2021,Warfield,3222.31514488
2021,Wells,179.931080918
2021,West Vancouver,138130.348167609
2021,Whistler,54438.44700849
2021,White Rock,41194.300610597
2021,Williams Lake,88584.62471963999
2021,Zeballos,145.555892367
2022,Abbotsford,454597.56134605
2022,Alert Bay,306.167039311
2022,Anmore,5533.299812609001
2022,Armstrong,13125.116057430001
2022,Ashcroft,10911.427065194
2022,Belcarra,1648.607924938
2022,Bowen Island,2918.237164902
2022,Burnaby,618819.17833268
2022,Burns Lake,22098.111379730002
2022,Cache Creek,3037.1985133010003
2022,Campbell River,54715.98565075
2022,Canal Flats,652.1103325460001
2022,Castlegar,132599.5809336
2022,Central Saanich,20167.86858282
2022,Chase,5608.405946357
2022,Chetwynd,19182.307800889
2022,Chilliwack,256640.08911154
2022,Clinton,1636.713983166
2022,Coldstream,71021.75781185999
2022,Colwood,17521.33690327
2022,Comox,23685.77466353
2022,Coquitlam,292895.89935044
2022,Courtenay,36987.55779935
2022,Cranbrook,64003.80352801
2022,Creston,19337.52349908
2022,Cumberland,5914.09831024
2022,Dawson Creek,88036.75234101
2022,Delta,695604.03814221
2022,Duncan,17864.097740217
2022,Elkford,202603.303027737
2022,Enderby,7030.144114084
2022,Esquimalt,26447.60489351
2022,Fernie,26821.21546408
2022,Fort St. James,5250.5947581499995
2022,Fort St. John,80311.07653019001
2022,Fraser Lake,2495.9045029920003
2022,Fruitvale,6558.177023572
2022,Gibsons,107058.9214849
2022,Gold River,631.98196023
2022,Golden,2346.7366557
2022,Grand Forks,28734.45360455
2022,Granisle,656.441276329
2022,Greenwood,5764.659089619001
2022,Harrison Hot Springs,5395.94394954
2022,Hazelton,168.23896299
2022,Highlands,1445.582554047
2022,Hope,15694.532802560001
2022,Houston,20379.764376012998
2022,Hudson's Hope,3140.763006092
2022,Invermere,2356.01802029
2022,Kamloops,390620.85718915
2022,Kaslo,732.66528038
2022,Kelowna,335875.021012197
2022,Kent,15667.2779954
2022,Keremeos,3792.428964202
2022,Kimberley,77480.69121486
2022,Kitimat,70296.81745712
2022,Ladysmith,18421.23105247
2022,Lake Country,28650.921318946
2022,Lake Cowichan,1285.42694479
2022,Langford,44039.07277932
2022,Langley City,20570.04229845
2022,Langley Township,426376.75131485
2022,Lantzville,3276.957781809
2022,Lillooet,926.89856229
2022,Lions Bay,532.2221654479999
2022,Logan Lake,18880.857157103
2022,Lumby,11362.602837102
2022,Lytton,169.100137013
2022,Mackenzie,30791.047203481
2022,Maple Ridge,155449.70587655998
2022,Masset,576.6043611499999
2022,McBride,479.29998631200004
2022,Merritt,26380.958029240002
2022,Metchosin,3150.17936608
2022,Midway,1245.457685657
2022,Mission,76139.20662228
2022,Montrose,1581.264931604
2022,Nakusp,684.494957591
2022,Nanaimo,335795.1810805
2022,Nelson,32736.87138149
2022,New Denver,336.70893287
2022,New Hazelton,409.670672562
2022,New Westminster,155360.3838109
2022,North Cowichan,197230.1227183
2022,North Saanich,14202.450205277
2022,North Vancouver City,39128.19252239
2022,North Vancouver District,269136.05744274
2022,Oak Bay,27442.75968389
2022,Oliver,16352.32008836
2022,One Hundred Mile House,10410.877962367
2022,Osoyoos,8405.667773309999
2022,Parksville,23529.43589153
2022,Peachland,11922.238499614
2022,Pemberton,799.602673363
2022,Penticton,82098.349813692
2022,Pitt Meadows,49025.22475841
2022,Port Alberni,66288.78585788999
2022,Port Alice,647.9680826929999
2022,Port Clements,196.772581366
2022,Port Coquitlam,126591.257079838
2022,Port Edward,787.655665538
2022,Port Hardy,2262.63680412
2022,Port McNeill,1437.833162465
2022,Port Moody,67091.66862717
2022,Pouce Coupe,2730.123935257
2022,Powell River,52407.00319648
2022,Prince George,751595.5950830639
2022,Prince Rupert,30081.85209425
2022,Princeton,23342.3023507
2022,Qualicum Beach,13022.382208296
2022,Queen Charlotte,558.70326032
2022,Quesnel,217373.30651805
2022,Radium Hot Springs,1829.601576545
2022,Revelstoke,20748.5186616
2022,Richmond,597272.1922263501
2022,Rossland,10181.731281710001
2022,Saanich,108745.3750502
2022,Salmo,2458.391376437
2022,Salmon Arm,32884.8672965
2022,Sayward,191.915170274
2022,Sechelt,11593.234146746
2022,Sechelt IGD,740.4624261739999
2022,Sicamous,1160.90091259
2022,Sidney,12677.4148887
2022,Silverton,113.434155711
2022,Slocan,257.404483433
2022,Smithers,29271.12215042
2022,Sooke,7702.6283176100005
2022,Spallumcheen,27110.719414289
2022,Sparwood,103288.035108708
2022,Squamish,33592.921392079996
2022,Stewart,427.432039378
2022,Summerland,27588.576608159998
2022,Surrey,990197.8526494501
2022,Tahsis,445.42156982000006
2022,Taylor,10755.022935089
2022,Telkwa,1978.478445629
2022,Terrace,45349.375139647
2022,Tofino,536.4980071370001
2022,Trail,109092.53429673
2022,Tumbler Ridge,43858.310000883
2022,Ucluelet,685.846880185
2022,Valemount,762.443538234
2022,Vancouver,1455268.47804775
2022,Vanderhoof,11966.433596840001
2022,Vernon,113150.58182579999
2022,Victoria,152513.01173270002
2022,View Royal,16550.1216173
2022,Warfield,3496.831911381
2022,Wells,199.430357386
2022,West Vancouver,135173.83394152502
2022,Whistler,57678.66970183
2022,White Rock,42636.687570592
2022,Williams Lake,86472.00365739
2022,Zeballos,151.410985717
