Year,ORG_NAME,Emissions tCO2e
2016,Abbotsford,569263.582000217
2016,Alert Bay,1194.7056007429999
2016,Anmore,7421.111511849
2016,Armstrong,26823.412982625003
2016,Ashcroft,6743.397754036
2016,Barriere,10252.428307148999
2016,Belcarra,2486.28199775
2016,Bowen Island,13447.590860409
2016,Burnaby,544861.162988566
2016,Burns Lake,20143.719097515
2016,Cache Creek,5480.124583418
2016,Campbell River,130351.310897221
2016,Canal Flats,4442.053628992
2016,Castlegar,31327.191307626
2016,Central Saanich,74321.916781492
2016,Chase,10583.485482079
2016,Chetwynd,28203.978570352003
2016,Chilliwack,312431.571073042
2016,Clearwater,15394.175217872
2016,Clinton,5419.618830908
2016,Coldstream,43256.244339892
2016,Colwood,63045.038478484
2016,Comox,291859.151880402
2016,Coquitlam,368046.534080603
2016,Courtenay,88521.889482014
2016,Cranbrook,96875.454016136
2016,Creston,22348.903487083
2016,Cumberland,14580.107459404
2016,Dawson Creek,77354.002123134
2016,Delta,409449.988568617
2016,Duncan,13847.74923177
2016,Elkford,11111.392534027
2016,Enderby,14078.921211076999
2016,Esquimalt,46961.688934699
2016,Fernie,22403.334842926
2016,Fort St. James,10505.328538176
2016,Fort St. John,140362.786900846
2016,Fraser Lake,7229.15977926
2016,Fruitvale,11027.901499921
2016,Gibsons,17906.480506052998
2016,Gold River,4526.22641055
2016,Golden,24874.473239138
2016,Grand Forks,19463.089599005998
2016,Granisle,1268.772294011
2016,Greenwood,2691.948527529
2016,Harrison Hot Springs,6505.681593893
2016,Hazelton,881.149863581
2016,Highlands,14139.115224857
2016,Hope,28610.998715148
2016,Houston,26205.607071111997
2016,Hudson's Hope,7159.799842576
2016,Invermere,17259.251845148
2016,Kamloops,327969.994379392
2016,Kaslo,6729.624276248
2016,Kelowna,451350.437001215
2016,Kent,25967.644236236
2016,Keremeos,5460.077727966
2016,Kimberley,25994.945648572
2016,Kitimat,33028.041766135
2016,Ladysmith,20751.678399871
2016,Lake Country,59317.917095347
2016,Lake Cowichan,13830.789891872
2016,Langford,134813.656240781
2016,Langley City,100034.365951978
2016,Langley Township,488515.756781896
2016,Lantzville,16169.421659843
2016,Lillooet,11602.495982297
2016,Lions Bay,1606.292069872
2016,Logan Lake,6820.144684478
2016,Lumby,11734.382823958
2016,Lytton,838.649034826
2016,Mackenzie,20621.738462609
2016,Maple Ridge,260568.99564841
2016,Masset,2732.0016401039998
2016,McBride,3531.366680577
2016,Merritt,27814.631059282
2016,Metchosin,23811.117137468
2016,Midway,3324.381146398
2016,Mission,146147.767248149
2016,Montrose,4115.507621517
2016,Nakusp,10973.920827824
2016,Nanaimo,305682.329144048
2016,Nelson,38968.061724255
2016,New Denver,1876.4591143090001
2016,New Hazelton,2818.086789644
2016,New Westminster,171792.083899852
2016,North Cowichan,124655.485479058
2016,North Saanich,50203.201985331
2016,North Vancouver City,130631.006584721
2016,North Vancouver District,234318.178142359
2016,Oak Bay,47437.977399626005
2016,Oliver,19513.343177138
2016,One Hundred Mile House,16493.667760873
2016,Osoyoos,27190.354561752
2016,Parksville,43264.765583827
2016,Peachland,23220.239841813
2016,Pemberton,12224.395063091
2016,Penticton,132858.197780243
2016,Pitt Meadows,67545.224247314
2016,Port Alberni,63327.83418646
2016,Port Alice,3158.487218209
2016,Port Clements,2847.568819391
2016,Port Coquitlam,193986.987110193
2016,Port Edward,836.143017904
2016,Port Hardy,18030.295697564998
2016,Port McNeill,12553.470742501
2016,Port Moody,85189.66870072001
2016,Pouce Coupe,5324.694753497
2016,Powell River,138951.154408433
2016,Prince George,335683.19877501
2016,Prince Rupert,42015.278313079
2016,Princeton,21762.976539572
2016,Qualicum Beach,32692.060615232
2016,Queen Charlotte,2392.925609877
2016,Quesnel,44846.968139486
2016,Radium Hot Springs,3550.567810838
2016,Revelstoke,34652.830237195
2016,Richmond,514427.569349054
2016,Rossland,14760.203736127
2016,Saanich,295901.19331931
2016,Salmo,10766.018827727
2016,Salmon Arm,74051.684295593
2016,Sayward,1186.531285946
2016,Sechelt,42630.390720924
2016,Sechelt IGD,4271.545649106
2016,Sicamous,10591.841395729
2016,Sidney,51047.765441316
2016,Silverton,664.3080081520001
2016,Slocan,1254.509247346
2016,Smithers,40883.341386824
2016,Sooke,47462.226852724
2016,Spallumcheen,32809.827841393
2016,Sparwood,16821.161518536
2016,Squamish,51610.290425308
2016,Stewart,3750.959360162
2016,Summerland,46296.849210579
2016,Sun Peaks Mountain Resort,2701.964238433
2016,Surrey,1623634.2005038701
2016,Tahsis,1224.568855258
2016,Taylor,10860.398558978
2016,Telkwa,7805.30852331
2016,Terrace,53519.85811639
2016,Tofino,8061.259067148
2016,Trail,28576.381686154
2016,Tumbler Ridge,15662.183094551001
2016,Ucluelet,7751.277868813
2016,Valemount,6972.625571244
2016,Vancouver,998810.793163848
2016,Vanderhoof,39947.585651835
2016,Vernon,167806.922750517
2016,Victoria,203760.927089342
2016,View Royal,32969.385426711
2016,Warfield,6032.637692105
2016,Wells,852.162363049
2016,West Kelowna,133862.059339362
2016,West Vancouver,112644.845879625
2016,Whistler,53434.996900391
2016,White Rock,56677.887221242
2016,Williams Lake,63652.619912812
2016,Zeballos,247.682103404
2021,Abbotsford,607226.864111394
2021,Alert Bay,964.113267502
2021,Anmore,5665.476952846
2021,Armstrong,22235.237767963
2021,Ashcroft,7521.356237581
2021,Barriere,11482.154432995
2021,Belcarra,2015.323393489
2021,Bowen Island,11164.460218588
2021,Burnaby,465549.374784926
2021,Burns Lake,17143.978698396
2021,Cache Creek,5325.487461093
2021,Campbell River,128960.15468750699
2021,Canal Flats,4933.212616707
2021,Castlegar,31585.960159919
2021,Central Saanich,68502.086108915
2021,Chase,10033.035794305
2021,Chetwynd,24637.368427234
2021,Chilliwack,320046.815565773
2021,Clearwater,13153.026465173
2021,Clinton,5005.613522619
2021,Coldstream,40982.833500414
2021,Colwood,60601.011866726
2021,Comox,276481.67363015097
2021,Coquitlam,297930.771059149
2021,Courtenay,87842.94828616
2021,Cranbrook,97661.911797968
2021,Creston,20191.048570748
2021,Cumberland,14382.646719905
2021,Dawson Creek,93828.249813298
2021,Delta,368588.357248965
2021,Duncan,15267.2901876
2021,Elkford,13062.702477043
2021,Enderby,13700.157981693
2021,Esquimalt,39186.909086845
2021,Fernie,22601.340772532
2021,Fort St. James,8180.065432118
2021,Fort St. John,209185.310313856
2021,Fraser Lake,5107.246459406
2021,Fruitvale,10082.049501849
2021,Gibsons,16654.923781948
2021,Gold River,4340.374777119
2021,Golden,19928.310017577
2021,Grand Forks,17565.693539306
2021,Granisle,1228.090197729
2021,Greenwood,2801.530696449
2021,Harrison Hot Springs,6318.895302131
2021,Hazelton,729.101667177
2021,Highlands,13357.429375105
2021,Hope,26342.922592854
2021,Houston,24271.669238366
2021,Hudson's Hope,5242.203204867
2021,Invermere,17300.37869339
2021,Kamloops,309441.04983719
2021,Kaslo,6374.991968813
2021,Kelowna,410424.567435702
2021,Kent,25391.363417395998
2021,Keremeos,6035.0441972
2021,Kimberley,26580.094813757998
2021,Kitimat,31978.37899817
2021,Ladysmith,26426.151822364
2021,Lake Country,64302.089908422
2021,Lake Cowichan,15373.019173356999
2021,Langford,126120.87506380801
2021,Langley City,88849.65198899801
2021,Langley Township,472604.63978881296
2021,Lantzville,15407.346115343
2021,Lillooet,10036.885773784
2021,Lions Bay,1252.484490426
2021,Logan Lake,6612.171447137
2021,Lumby,12049.300688494
2021,Lytton,680.830720553
2021,Mackenzie,19324.454645081998
2021,Maple Ridge,256321.419593872
2021,Masset,2806.986531729
2021,McBride,3480.302102309
2021,Merritt,42874.276395671
2021,Metchosin,22215.160365795
2021,Midway,3538.786316506
2021,Mission,137824.550023972
2021,Montrose,3738.210046868
2021,Nakusp,9526.89538917
2021,Nanaimo,269612.27225383697
2021,Nelson,41556.567497213
2021,New Denver,2341.707467879
2021,New Hazelton,2550.951431168
2021,New Westminster,123005.891816245
2021,North Cowichan,117491.65251195901
2021,North Saanich,42392.643671522
2021,North Vancouver City,107435.928295712
2021,North Vancouver District,178889.397248874
2021,Oak Bay,36797.888768337
2021,Oliver,19184.764342979
2021,One Hundred Mile House,15561.403533712
2021,Osoyoos,26615.10507062
2021,Parksville,44363.167805132
2021,Peachland,22020.679566968
2021,Pemberton,12829.657561062
2021,Penticton,130111.937149023
2021,Pitt Meadows,56367.55596051399
2021,Port Alberni,61391.203894291
2021,Port Alice,2509.0011150670002
2021,Port Clements,2043.3091802069998
2021,Port Coquitlam,166726.895785119
2021,Port Edward,741.853764655
2021,Port Hardy,14516.164401342
2021,Port McNeill,11509.600543378001
2021,Port Moody,64601.723345009996
2021,Pouce Coupe,3394.160900679
2021,Powell River,129502.16953989399
2021,Prince George,314773.087057347
2021,Prince Rupert,43250.328272923
2021,Princeton,20525.478861178
2021,Qualicum Beach,29230.626751996002
2021,Queen Charlotte,2227.279524886
2021,Quesnel,43721.581292792
2021,Radium Hot Springs,3826.547626573
2021,Revelstoke,32258.041700464
2021,Richmond,397556.691830087
2021,Rossland,13352.517879984001
2021,Saanich,245003.86909229902
2021,Salmo,10350.089629779999
2021,Salmon Arm,76049.094228734
2021,Sayward,1116.1023072970002
2021,Sechelt,31783.077275074
2021,Sechelt IGD,3630.289076429
2021,Sicamous,11251.501258206
2021,Sidney,34225.990914643
2021,Silverton,383.50663539
2021,Slocan,1236.47535109
2021,Smithers,38612.331517537
2021,Sooke,48852.476954005
2021,Spallumcheen,35576.108867389004
2021,Sparwood,17641.515001682
2021,Squamish,76477.011589876
2021,Stewart,3661.2570815530003
2021,Summerland,44662.578787387
2021,Sun Peaks Mountain Resort,3094.249493964
2021,Surrey,1501734.656217026
2021,Tahsis,1243.164796681
2021,Taylor,8814.146434134
2021,Telkwa,7906.927946905
2021,Terrace,49949.148174092
2021,Tofino,6975.224353526
2021,Trail,28728.934178102
2021,Tumbler Ridge,10074.735259373
2021,Ucluelet,7593.048467567
2021,Valemount,6659.324688684001
2021,Vancouver,775515.538595657
2021,Vanderhoof,36505.840377143
2021,Vernon,172586.669756663
2021,Victoria,165603.74020748
2021,View Royal,29779.582501833
2021,Warfield,5849.4667921519995
2021,Wells,959.167937958
2021,West Kelowna,132200.011169951
2021,West Vancouver,83139.159579613
2021,Whistler,42823.052451671996
2021,White Rock,47615.711656838
2021,Williams Lake,61881.430212624
2021,Zeballos,272.90897889
