YEAR,ORG_NAME,Utility Emissions (tCO2e),Transportation Emissions (tCO2e),Total municipal large industrial emissions (tCO2e),Total Emissions (tCO2e)
2016,Abbotsford,356917,569263.582000217,0.0,926180.582000217
2016,Alert Bay,408,1194.7056007429999,0.0,1602.7056007429999
2016,Anmore,4551,7421.111511849,0.0,11972.111511849
2016,Armstrong,10115,26823.412982625003,0.0,36938.412982625
2016,Ashcroft,12333,6743.397754036,0.0,19076.397754036
2016,Barriere,870,10252.428307148999,0.0,11122.428307148999
2016,Belcarra,1324,2486.28199775,0.0,3810.28199775
2016,Bowen Island,2759,13447.590860409,0.0,16206.590860409
2016,Burnaby,551958,544861.162988566,806155.1799999999,1902974.3429885658
2016,Burns Lake,6375,20143.719097515,0.0,26518.719097515
2016,Cache Creek,2961,5480.124583418,24074.23,32515.354583418
2016,Campbell River,58116,130351.310897221,17627.38,206094.690897221
2016,Canal Flats,404,4442.053628992,0.0,4846.053628992
2016,Castlegar,140581,31327.191307626,0.0,171908.191307626
2016,Central Saanich,16010,74321.916781492,0.0,90331.916781492
2016,Chase,5032,10583.485482079,0.0,15615.485482079
2016,Chetwynd,21287,28203.978570352003,448916.78,498407.75857035205
2016,Chilliwack,185014,312431.571073042,0.0,497445.571073042
2016,Clearwater,1541,15394.175217872,0.0,16935.175217871998
2016,Clinton,2033,5419.618830908,0.0,7452.618830908
2016,Coldstream,58183,43256.244339892,18224.11,119663.354339892
2016,Colwood,13904,63045.038478484,0.0,76949.038478484
2016,Comox,15931,291859.151880402,0.0,307790.151880402
2016,Coquitlam,244233,368046.534080603,30590.08,642869.6140806029
2016,Courtenay,30181,88521.889482014,0.0,118702.889482014
2016,Cranbrook,55439,96875.454016136,0.0,152314.454016136
2016,Creston,17333,22348.903487083,0.0,39681.903487083
2016,Cumberland,4458,14580.107459404,0.0,19038.107459404
2016,Dawson Creek,61385,77354.002123134,1295565.76,1434304.762123134
2016,Delta,571857,409449.988568617,934656.86,1915963.848568617
2016,Duncan,14314,13847.74923177,0.0,28161.74923177
2016,Elkford,162893,11111.392534027,845129.28,1019133.672534027
2016,Enderby,6581,14078.921211076999,0.0,20659.921211077
2016,Esquimalt,23756,46961.688934699,0.0,70717.68893469899
2016,Fernie,27803,22403.334842926,0.0,50206.334842926
2016,Fort St. James,21198,10505.328538176,19767.95,51471.278538176004
2016,Fort St. John,69251,140362.786900846,930201.07,1139814.856900846
2016,Fraser Lake,2316,7229.15977926,0.0,9545.15977926
2016,Fruitvale,5013,11027.901499921,0.0,16040.901499921
2016,Gibsons,91072,17906.480506052998,0.0,108978.48050605299
2016,Gold River,889,4526.22641055,0.0,5415.22641055
2016,Golden,2069,24874.473239138,0.0,26943.473239138
2016,Grand Forks,27589,19463.089599005998,24203.800000000003,71255.889599006
2016,Granisle,316,1268.772294011,0.0,1584.772294011
2016,Greenwood,8708,2691.948527529,0.0,11399.948527528999
2016,Harrison Hot Springs,5039,6505.681593893,0.0,11544.681593893001
2016,Hazelton,229,881.149863581,0.0,1110.1498635809999
2016,Highlands,1189,14139.115224857,0.0,15328.115224857
2016,Hope,12631,28610.998715148,0.0,41241.998715148
2016,Houston,21268,26205.607071111997,0.0,47473.607071112
2016,Hudson's Hope,2826,7159.799842576,0.0,9985.799842576
2016,Invermere,2298,17259.251845148,0.0,19557.251845148
2016,Kamloops,365398,327969.994379392,1612464.5699999998,2305832.5643793917
2016,Kaslo,645,6729.624276248,0.0,7374.624276248
2016,Kelowna,261101,451350.437001215,0.0,712451.4370012151
2016,Kent,12481,25967.644236236,0.0,38448.644236235996
2016,Keremeos,2945,5460.077727966,0.0,8405.077727966
2016,Kimberley,62233,25994.945648572,0.0,88227.945648572
2016,Kitimat,82550,33028.041766135,916213.4,1031791.441766135
2016,Ladysmith,14511,20751.678399871,0.0,35262.678399871
2016,Lake Country,20749,59317.917095347,0.0,80066.917095347
2016,Lake Cowichan,1443,13830.789891872,0.0,15273.789891872
2016,Langford,28053,134813.656240781,1371.37,164238.026240781
2016,Langley City,67527,100034.365951978,0.0,167561.36595197802
2016,Langley Township,301001,488515.756781896,56611.72,846128.476781896
2016,Lantzville,2799,16169.421659843,0.0,18968.421659843
2016,Lillooet,807,11602.495982297,0.0,12409.495982297
2016,Lions Bay,469,1606.292069872,0.0,2075.292069872
2016,Logan Lake,17928,6820.144684478,172649.12,197397.264684478
2016,Lumby,9199,11734.382823958,0.0,20933.382823958
2016,Lytton,174,838.649034826,0.0,1012.649034826
2016,Mackenzie,127612,20621.738462609,249220.04,397453.77846260904
2016,Maple Ridge,136632,260568.99564841,0.0,397200.99564841
2016,Masset,512,2732.0016401039998,18214.29,21458.291640104002
2016,McBride,495,3531.366680577,0.0,4026.366680577
2016,Merritt,38358,27814.631059282,11605.71,77778.34105928199
2016,Metchosin,3105,23811.117137468,0.0,26916.117137468
2016,Midway,1214,3324.381146398,0.0,4538.381146398
2016,Mission,63065,146147.767248149,0.0,209212.767248149
2016,Montrose,1336,4115.507621517,0.0,5451.507621517
2016,Nakusp,648,10973.920827824,0.0,11621.920827824
2016,Nanaimo,230097,305682.329144048,1311947.47,1847726.799144048
2016,Nelson,27256,38968.061724255,0.0,66224.061724255
2016,New Denver,340,1876.4591143090001,0.0,2216.459114309
2016,New Hazelton,352,2818.086789644,0.0,3170.086789644
2016,New Westminster,135798,171792.083899852,48995.1,356585.183899852
2016,North Cowichan,144157,124655.485479058,1692397.18,1961209.665479058
2016,North Saanich,11315,50203.201985331,0.0,61518.201985331
2016,North Vancouver City,33524,130631.006584721,0.0,164155.006584721
2016,North Vancouver District,241321,234318.178142359,0.0,475639.178142359
2016,Oak Bay,24467,47437.977399626005,0.0,71904.977399626
2016,Oliver,12993,19513.343177138,0.0,32506.343177138
2016,One Hundred Mile House,9326,16493.667760873,0.0,25819.667760873
2016,Osoyoos,6882,27190.354561752,0.0,34072.354561752
2016,Parksville,19629,43264.765583827,0.0,62893.765583827
2016,Peachland,9453,23220.239841813,0.0,32673.239841813
2016,Pemberton,719,12224.395063091,0.0,12943.395063091
2016,Penticton,67024,132858.197780243,0.0,199882.197780243
2016,Pitt Meadows,42808,67545.224247314,0.0,110353.224247314
2016,Port Alberni,48310,63327.83418646,429189.85,540827.68418646
2016,Port Alice,709,3158.487218209,0.0,3867.487218209
2016,Port Clements,125,2847.568819391,0.0,2972.568819391
2016,Port Coquitlam,110524,193986.987110193,0.0,304510.987110193
2016,Port Edward,658,836.143017904,0.0,1494.1430179039999
2016,Port Hardy,2740,18030.295697564998,0.0,20770.295697564998
2016,Port McNeill,1196,12553.470742501,0.0,13749.470742501
2016,Port Moody,73663,85189.66870072001,21937.339999999997,180790.00870072
2016,Pouce Coupe,2631,5324.694753497,0.0,7955.694753497
2016,Powell River,83914,138951.154408433,758142.84,981007.994408433
2016,Prince George,571096,335683.19877501,8475527.03,9382306.22877501
2016,Prince Rupert,29617,42015.278313079,0.0,71632.278313079
2016,Princeton,30269,21762.976539572,0.0,52031.976539572
2016,Qualicum Beach,11558,32692.060615232,0.0,44250.060615231996
2016,Queen Charlotte,488,2392.925609877,0.0,2880.925609877
2016,Quesnel,194451,44846.968139486,1381177.3800000001,1620475.348139486
2016,Radium Hot Springs,1209,3550.567810838,0.0,4759.567810838
2016,Revelstoke,15178,34652.830237195,0.0,49830.830237195
2016,Richmond,529820,514427.569349054,724046.29,1768293.859349054
2016,Rossland,7347,14760.203736127,0.0,22107.203736126998
2016,Saanich,95734,295901.19331931,0.0,391635.19331931
2016,Salmo,1844,10766.018827727,0.0,12610.018827727
2016,Salmon Arm,25627,74051.684295593,18122.39,117801.074295593
2016,Sayward,211,1186.531285946,0.0,1397.531285946
2016,Sechelt,14103,42630.390720924,0.0,56733.390720924
2016,Sechelt IGD,632,4271.545649106,0.0,4903.545649106
2016,Sicamous,1554,10591.841395729,0.0,12145.841395729
2016,Sidney,10636,51047.765441316,0.0,61683.765441316
2016,Silverton,139,664.3080081520001,0.0,803.3080081520001
2016,Slocan,213,1254.509247346,0.0,1467.509247346
2016,Smithers,16058,40883.341386824,0.0,56941.341386824
2016,Sooke,6697,47462.226852724,0.0,54159.226852724
2016,Spallumcheen,22961,32809.827841393,0.0,55770.827841393
2016,Sparwood,156119,16821.161518536,1222096.6500000001,1395036.8115185362
2016,Squamish,25250,51610.290425308,0.0,76860.29042530799
2016,Stewart,315,3750.959360162,0.0,4065.959360162
2016,Summerland,20127,46296.849210579,0.0,66423.849210579
2016,Sun Peaks Mountain Resort,5566,2701.964238433,0.0,8267.964238433
2016,Surrey,804665,1623634.2005038701,219219.37,2647518.57050387
2016,Tahsis,516,1224.568855258,0.0,1740.568855258
2016,Taylor,3734,10860.398558978,963037.23,977631.628558978
2016,Telkwa,1664,7805.30852331,0.0,9469.30852331
2016,Terrace,26042,53519.85811639,0.0,79561.85811639001
2016,Tofino,679,8061.259067148,0.0,8740.259067148
2016,Trail,93973,28576.381686154,468918.62,591468.0016861539
2016,Tumbler Ridge,36684,15662.183094551001,31111.7,83457.883094551
2016,Ucluelet,861,7751.277868813,0.0,8612.277868813
2016,Valemount,847,6972.625571244,0.0,7819.625571244
2016,Vancouver,1372383,998810.793163848,1337888.82,3709082.6131638484
2016,Vanderhoof,10687,39947.585651835,0.0,50634.585651835
2016,Vernon,94190,167806.922750517,0.0,261996.922750517
2016,Victoria,140449,203760.927089342,2592.96,346802.88708934205
2016,View Royal,12756,32969.385426711,0.0,45725.385426711
2016,Warfield,2769,6032.637692105,0.0,8801.637692105
2016,Wells,170,852.162363049,0.0,1022.162363049
2016,West Kelowna,90410,133862.059339362,0.0,224272.059339362
2016,West Vancouver,121354,112644.845879625,0.0,233998.845879625
2016,Whistler,46868,53434.996900391,0.0,100302.99690039101
2016,White Rock,37223,56677.887221242,0.0,93900.88722124201
2016,Williams Lake,65270,63652.619912812,577581.71,706504.329912812
2016,Zeballos,158,247.682103404,0.0,405.68210340400003
2021,Abbotsford,438694,607226.864111394,0.0,1045920.864111394
2021,Alert Bay,307,964.113267502,0.0,1271.1132675019999
2021,Anmore,5681,5665.476952846,0.0,11346.476952846
2021,Armstrong,11939,22235.237767963,0.0,34174.237767963
2021,Ashcroft,11471,7521.356237581,0.0,18992.356237581
2021,Barriere,890,11482.154432995,0.0,12372.154432995
2021,Belcarra,1666,2015.323393489,0.0,3681.323393489
2021,Bowen Island,2697,11164.460218588,0.0,13861.460218588
2021,Burnaby,566692,465549.374784926,810795.4500000001,1843036.8247849261
2021,Burns Lake,23174,17143.978698396,0.0,40317.978698396
2021,Cache Creek,3021,5325.487461093,22297.68,30644.167461093
2021,Campbell River,278020,128960.15468750699,229125.47,636105.6246875069
2021,Canal Flats,561,4933.212616707,0.0,5494.212616707
2021,Castlegar,131579,31585.960159919,59622.0,222786.960159919
2021,Central Saanich,19195,68502.086108915,0.0,87697.086108915
2021,Chase,5274,10033.035794305,0.0,15307.035794305
2021,Chetwynd,21529,24637.368427234,355066.67,401233.038427234
2021,Chilliwack,244483,320046.815565773,82722.66,647252.4755657731
2021,Clearwater,1245,13153.026465173,0.0,14398.026465173
2021,Clinton,1556,5005.613522619,0.0,6561.613522619
2021,Coldstream,68518,40982.833500414,49247.54,158748.37350041402
2021,Colwood,16417,60601.011866726,0.0,77018.01186672601
2021,Comox,23447,276481.67363015097,0.0,299928.67363015097
2021,Coquitlam,271127,297930.771059149,27427.08,596484.8510591489
2021,Courtenay,34646,87842.94828616,0.0,122488.94828616
2021,Cranbrook,59896,97661.911797968,0.0,157557.911797968
2021,Creston,18575,20191.048570748,0.0,38766.048570748
2021,Cumberland,6132,14382.646719905,0.0,20514.646719905002
2021,Dawson Creek,67733,93828.249813298,1059481.7799999998,1221043.0298132978
2021,Delta,745152,368588.357248965,1097288.27,2211028.627248965
2021,Duncan,16766,15267.2901876,0.0,32033.2901876
2021,Elkford,209458,13062.702477043,1272363.83,1494884.532477043
2021,Enderby,6659,13700.157981693,0.0,20359.157981693003
2021,Esquimalt,25323,39186.909086845,0.0,64509.909086845
2021,Fernie,25657,22601.340772532,0.0,48258.340772532
2021,Fort St. James,4450,8180.065432118,109580.63,122210.69543211801
2021,Fort St. John,74956,209185.310313856,558186.87,842328.180313856
2021,Fraser Lake,2316,5107.246459406,0.0,7423.246459406
2021,Fruitvale,6145,10082.049501849,0.0,16227.049501849
2021,Gibsons,94022,16654.923781948,0.0,110676.923781948
2021,Gold River,610,4340.374777119,0.0,4950.374777119
2021,Golden,2034,19928.310017577,0.0,21962.310017577
2021,Grand Forks,29346,17565.693539306,12472.55,59384.243539306
2021,Granisle,587,1228.090197729,0.0,1815.090197729
2021,Greenwood,5208,2801.530696449,0.0,8009.530696449
2021,Harrison Hot Springs,4993,6318.895302131,0.0,11311.895302131
2021,Hazelton,161,729.101667177,0.0,890.101667177
2021,Highlands,1329,13357.429375105,0.0,14686.429375105
2021,Hope,14760,26342.922592854,34407.09,75510.012592854
2021,Houston,14634,24271.669238366,8148.57,47054.239238366
2021,Hudson's Hope,3292,5242.203204867,0.0,8534.203204867
2021,Invermere,2133,17300.37869339,0.0,19433.37869339
2021,Kamloops,363381,309441.04983719,1544648.9,2217470.94983719
2021,Kaslo,708,6374.991968813,0.0,7082.991968813
2021,Kelowna,311944,410424.567435702,0.0,722368.5674357021
2021,Kent,14789,25391.363417395998,0.0,40180.363417396
2021,Keremeos,3550,6035.0441972,0.0,9585.0441972
2021,Kimberley,79383,26580.094813757998,0.0,105963.094813758
2021,Kitimat,75240,31978.37899817,566709.48,673927.85899817
2021,Ladysmith,17708,26426.151822364,0.0,44134.151822364
2021,Lake Country,26159,64302.089908422,0.0,90461.089908422
2021,Lake Cowichan,1263,15373.019173356999,0.0,16636.019173357
2021,Langford,43697,126120.87506380801,1685.96,171503.835063808
2021,Langley City,82173,88849.65198899801,0.0,171022.651988998
2021,Langley Township,348580,472604.63978881296,56963.79,878148.429788813
2021,Lantzville,3168,15407.346115343,0.0,18575.346115343
2021,Lillooet,806,10036.885773784,0.0,10842.885773784
2021,Lions Bay,484,1252.484490426,0.0,1736.484490426
2021,Logan Lake,19343,6612.171447137,169431.01,195386.181447137
2021,Lumby,10578,12049.300688494,0.0,22627.300688494
2021,Lytton,165,680.830720553,0.0,845.830720553
2021,Mackenzie,30280,19324.454645081998,268175.39,317779.844645082
2021,Maple Ridge,152555,256321.419593872,0.0,408876.41959387204
2021,Masset,474,2806.986531729,18776.55,22057.536531728998
2021,McBride,449,3480.302102309,0.0,3929.302102309
2021,Merritt,26128,42874.276395671,189301.74,258304.016395671
2021,Metchosin,3093,22215.160365795,0.0,25308.160365795
2021,Midway,1228,3538.786316506,0.0,4766.786316506
2021,Mission,73419,137824.550023972,0.0,211243.550023972
2021,Montrose,1480,3738.210046868,0.0,5218.210046868
2021,Nakusp,613,9526.89538917,0.0,10139.89538917
2021,Nanaimo,245297,269612.27225383697,1225376.1300000001,1740285.402253837
2021,Nelson,30648,41556.567497213,0.0,72204.567497213
2021,New Denver,311,2341.707467879,0.0,2652.707467879
2021,New Hazelton,368,2550.951431168,0.0,2918.951431168
2021,New Westminster,146692,123005.891816245,49687.81,319385.701816245
2021,North Cowichan,198484,117491.65251195901,1434869.6400000001,1750845.292511959
2021,North Saanich,13063,42392.643671522,0.0,55455.643671522
2021,North Vancouver City,38199,107435.928295712,0.0,145634.928295712
2021,North Vancouver District,270084,178889.397248874,0.0,448973.397248874
2021,Oak Bay,26771,36797.888768337,0.0,63568.888768337
2021,Oliver,15447,19184.764342979,0.0,34631.764342979004
2021,One Hundred Mile House,10168,15561.403533712,0.0,25729.403533712
2021,Osoyoos,7991,26615.10507062,0.0,34606.105070620004
2021,Parksville,22599,44363.167805132,0.0,66962.16780513199
2021,Peachland,11177,22020.679566968,0.0,33197.679566968
2021,Pemberton,685,12829.657561062,0.0,13514.657561062
2021,Penticton,79225,130111.937149023,0.0,209336.937149023
2021,Pitt Meadows,45241,56367.55596051399,0.0,101608.555960514
2021,Port Alberni,58699,61391.203894291,404709.11,524799.313894291
2021,Port Alice,911,2509.0011150670002,0.0,3420.0011150670002
2021,Port Clements,157,2043.3091802069998,0.0,2200.309180207
2021,Port Coquitlam,118471,166726.895785119,0.0,285197.89578511904
2021,Port Edward,913,741.853764655,4779.39,6434.243764655001
2021,Port Hardy,2171,14516.164401342,0.0,16687.164401342
2021,Port McNeill,1265,11509.600543378001,0.0,12774.600543378001
2021,Port Moody,67729,64601.723345009996,10532.62,142863.34334500998
2021,Pouce Coupe,2477,3394.160900679,0.0,5871.160900679
2021,Powell River,117741,129502.16953989399,581409.54,828652.709539894
2021,Prince George,736174,314773.087057347,4543178.17,5594125.257057346
2021,Prince Rupert,30396,43250.328272923,25500.53,99146.858272923
2021,Princeton,25892,20525.478861178,0.0,46417.478861177995
2021,Qualicum Beach,12645,29230.626751996002,0.0,41875.626751996
2021,Queen Charlotte,459,2227.279524886,0.0,2686.279524886
2021,Quesnel,232930,43721.581292792,1331699.1600000001,1608350.7412927921
2021,Radium Hot Springs,1551,3826.547626573,0.0,5377.547626572999
2021,Revelstoke,20003,32258.041700464,0.0,52261.041700464004
2021,Richmond,598034,397556.691830087,575973.19,1571563.881830087
2021,Rossland,9304,13352.517879984001,0.0,22656.517879984
2021,Saanich,106344,245003.86909229902,16737.01,368084.87909229903
2021,Salmo,2248,10350.089629779999,0.0,12598.089629779999
2021,Salmon Arm,30785,76049.094228734,17395.04,124229.13422873401
2021,Sayward,190,1116.1023072970002,0.0,1306.1023072970002
2021,Sechelt,17955,31783.077275074,0.0,49738.077275074
2021,Sechelt IGD,842,3630.289076429,0.0,4472.2890764290005
2021,Sicamous,1155,11251.501258206,0.0,12406.501258206
2021,Sidney,11587,34225.990914643,0.0,45812.990914643
2021,Silverton,107,383.50663539,0.0,490.50663539
2021,Slocan,223,1236.47535109,0.0,1459.47535109
2021,Smithers,30560,38612.331517537,0.0,69172.33151753701
2021,Sooke,7455,48852.476954005,0.0,56307.476954005
2021,Spallumcheen,25604,35576.108867389004,295536.81,356716.918867389
2021,Sparwood,131166,17641.515001682,1413031.6600000001,1561839.1750016822
2021,Squamish,30886,76477.011589876,0.0,107363.011589876
2021,Stewart,349,3661.2570815530003,0.0,4010.2570815530003
2021,Summerland,25886,44662.578787387,0.0,70548.578787387
2021,Sun Peaks Mountain Resort,6517,3094.249493964,0.0,9611.249493964
2021,Surrey,962390,1501734.656217026,218166.81,2682291.466217026
2021,Tahsis,430,1243.164796681,0.0,1673.164796681
2021,Taylor,8932,8814.146434134,1081609.55,1099355.6964341342
2021,Telkwa,459,7906.927946905,0.0,8365.927946905
2021,Terrace,41408,49949.148174092,14016.68,105373.82817409199
2021,Tofino,434,6975.224353526,0.0,7409.224353526
2021,Trail,103479,28728.934178102,428925.88999999996,561133.824178102
2021,Tumbler Ridge,34084,10074.735259373,136692.79,180851.525259373
2021,Ucluelet,611,7593.048467567,0.0,8204.048467567001
2021,Valemount,734,6659.324688684001,0.0,7393.324688684001
2021,Vancouver,1444196,775515.538595657,2017110.34,4236821.878595657
2021,Vanderhoof,11030,36505.840377143,0.0,47535.840377143
2021,Vernon,106926,172586.669756663,0.0,279512.66975666303
2021,Victoria,148639,165603.74020748,0.0,314242.74020748003
2021,View Royal,16455,29779.582501833,0.0,46234.582501833
2021,Warfield,3222,5849.4667921519995,0.0,9071.466792152
2021,Wells,180,959.167937958,0.0,1139.167937958
2021,West Kelowna,105164,132200.011169951,0.0,237364.011169951
2021,West Vancouver,138130,83139.159579613,0.0,221269.159579613
2021,Whistler,54439,42823.052451671996,0.0,97262.052451672
2021,White Rock,41195,47615.711656838,0.0,88810.711656838
2021,Williams Lake,88586,61881.430212624,579630.63,730098.060212624
2021,Zeballos,145,272.90897889,0.0,417.90897889
